-- phpMyAdmin SQL Dump
-- version 5.1.1
-- https://www.phpmyadmin.net/
--
-- Host: 127.0.0.1
-- Generation Time: Jul 06, 2022 at 04:42 AM
-- Server version: 10.4.22-MariaDB
-- PHP Version: 7.3.33

SET SQL_MODE = "NO_AUTO_VALUE_ON_ZERO";
START TRANSACTION;
SET time_zone = "+00:00";


/*!40101 SET @OLD_CHARACTER_SET_CLIENT=@@CHARACTER_SET_CLIENT */;
/*!40101 SET @OLD_CHARACTER_SET_RESULTS=@@CHARACTER_SET_RESULTS */;
/*!40101 SET @OLD_COLLATION_CONNECTION=@@COLLATION_CONNECTION */;
/*!40101 SET NAMES utf8mb4 */;

--
-- Database: `jewel`
--

-- --------------------------------------------------------

--
-- Table structure for table `failed_jobs`
--

CREATE TABLE `failed_jobs` (
  `id` bigint(20) UNSIGNED NOT NULL,
  `uuid` varchar(255) COLLATE utf8mb4_unicode_ci NOT NULL,
  `connection` text COLLATE utf8mb4_unicode_ci NOT NULL,
  `queue` text COLLATE utf8mb4_unicode_ci NOT NULL,
  `payload` longtext COLLATE utf8mb4_unicode_ci NOT NULL,
  `exception` longtext COLLATE utf8mb4_unicode_ci NOT NULL,
  `failed_at` timestamp NOT NULL DEFAULT current_timestamp()
) ENGINE=InnoDB DEFAULT CHARSET=utf8mb4 COLLATE=utf8mb4_unicode_ci;

-- --------------------------------------------------------

--
-- Table structure for table `migrations`
--

CREATE TABLE `migrations` (
  `id` int(10) UNSIGNED NOT NULL,
  `migration` varchar(255) COLLATE utf8mb4_unicode_ci NOT NULL,
  `batch` int(11) NOT NULL
) ENGINE=InnoDB DEFAULT CHARSET=utf8mb4 COLLATE=utf8mb4_unicode_ci;

--
-- Dumping data for table `migrations`
--

INSERT INTO `migrations` (`id`, `migration`, `batch`) VALUES
(1, '2014_10_12_000000_create_users_table', 1),
(2, '2014_10_12_100000_create_password_resets_table', 1),
(3, '2019_08_19_000000_create_failed_jobs_table', 1),
(4, '2019_12_14_000001_create_personal_access_tokens_table', 1),
(5, '2022_04_25_135702_create_tbl_admin', 1),
(6, '2021_09_17_102704_create_tbl_category_product_table', 2),
(7, '2021_09_17_102809_create_tbl_product_table', 2),
(8, '2021_09_22_154450_tbl_customer', 2),
(9, '2021_09_23_044809_tbl_billing', 2),
(10, '2021_09_29_210551_tbl_payment', 2),
(11, '2021_09_29_210709_tbl_order', 2),
(12, '2021_09_29_210742_tbl_detail', 2),
(13, '2021_10_11_124632_create_tbl_images_detail', 2),
(14, '2021_10_16_162738_tbl_cart', 2),
(15, '2021_11_24_155602_create_tbl_status', 2),
(16, '2022_01_02_150115_create_tbl_discount', 2);

-- --------------------------------------------------------

--
-- Table structure for table `password_resets`
--

CREATE TABLE `password_resets` (
  `email` varchar(255) COLLATE utf8mb4_unicode_ci NOT NULL,
  `token` varchar(255) COLLATE utf8mb4_unicode_ci NOT NULL,
  `created_at` timestamp NULL DEFAULT NULL
) ENGINE=InnoDB DEFAULT CHARSET=utf8mb4 COLLATE=utf8mb4_unicode_ci;

-- --------------------------------------------------------

--
-- Table structure for table `personal_access_tokens`
--

CREATE TABLE `personal_access_tokens` (
  `id` bigint(20) UNSIGNED NOT NULL,
  `tokenable_type` varchar(255) COLLATE utf8mb4_unicode_ci NOT NULL,
  `tokenable_id` bigint(20) UNSIGNED NOT NULL,
  `name` varchar(255) COLLATE utf8mb4_unicode_ci NOT NULL,
  `token` varchar(64) COLLATE utf8mb4_unicode_ci NOT NULL,
  `abilities` text COLLATE utf8mb4_unicode_ci DEFAULT NULL,
  `last_used_at` timestamp NULL DEFAULT NULL,
  `created_at` timestamp NULL DEFAULT NULL,
  `updated_at` timestamp NULL DEFAULT NULL
) ENGINE=InnoDB DEFAULT CHARSET=utf8mb4 COLLATE=utf8mb4_unicode_ci;

-- --------------------------------------------------------

--
-- Table structure for table `tbl_admin`
--

CREATE TABLE `tbl_admin` (
  `admin_id` int(10) UNSIGNED NOT NULL,
  `admin_email` varchar(100) COLLATE utf8mb4_unicode_ci NOT NULL,
  `admin_password` varchar(255) COLLATE utf8mb4_unicode_ci NOT NULL,
  `admin_name` varchar(255) COLLATE utf8mb4_unicode_ci NOT NULL,
  `admin_phone` varchar(255) COLLATE utf8mb4_unicode_ci NOT NULL,
  `admin_token` varchar(50) COLLATE utf8mb4_unicode_ci DEFAULT NULL,
  `created_at` timestamp NULL DEFAULT NULL,
  `updated_at` timestamp NULL DEFAULT NULL
) ENGINE=InnoDB DEFAULT CHARSET=utf8mb4 COLLATE=utf8mb4_unicode_ci;

--
-- Dumping data for table `tbl_admin`
--

INSERT INTO `tbl_admin` (`admin_id`, `admin_email`, `admin_password`, `admin_name`, `admin_phone`, `admin_token`, `created_at`, `updated_at`) VALUES
(1, 'lethithanhtruyen99@gmail.com', '683368a32f928d2742a9d25e7f4585b3', 'Truyen ', '0362326707', NULL, '2022-04-25 14:06:08', '2022-04-25 14:06:08'),
(2, 'ltttruyen.18it4@vku.udn.vn', '4eb96997c48f7d164b3d731399bb665c', 'Lê Truyền', '0362326707', 'HjDW4yvENaLkg1le', '2022-04-25 14:07:35', '2022-04-25 14:07:35');

-- --------------------------------------------------------

--
-- Table structure for table `tbl_billing`
--

CREATE TABLE `tbl_billing` (
  `billing_id` int(10) UNSIGNED NOT NULL,
  `billing_name` varchar(255) COLLATE utf8mb4_unicode_ci NOT NULL,
  `customer_id` int(11) NOT NULL,
  `billing_address` varchar(255) COLLATE utf8mb4_unicode_ci NOT NULL,
  `billing_phone` varchar(255) COLLATE utf8mb4_unicode_ci NOT NULL,
  `billing_email` varchar(255) COLLATE utf8mb4_unicode_ci NOT NULL,
  `billing_status` tinyint(10) NOT NULL DEFAULT 1,
  `created_at` timestamp NOT NULL DEFAULT current_timestamp(),
  `updated_at` timestamp NOT NULL DEFAULT current_timestamp()
) ENGINE=InnoDB DEFAULT CHARSET=utf8mb4 COLLATE=utf8mb4_unicode_ci;

--
-- Dumping data for table `tbl_billing`
--

INSERT INTO `tbl_billing` (`billing_id`, `billing_name`, `customer_id`, `billing_address`, `billing_phone`, `billing_email`, `billing_status`, `created_at`, `updated_at`) VALUES
(2, 'Thanh Truyền', 2, '04 thanh vinh 1', '0362326707', 'lethithanhtruyen99@gmail.com', 0, '2022-06-11 16:24:25', '2022-06-11 16:24:42'),
(7, 'Truyen', 1, '51 Thanh Vinh 4, Hoa Khan Bac, Lien Chieu, Da Nang', '0362326707', 'ltttruyen.18it4@vku.udn.vn', 1, '2022-06-11 16:24:25', '2022-06-11 16:24:42'),
(8, 'Truyen Le', 1, '51 thanh vinh 4, hoa khanh bac, da nang', '0394383539', 'ltttruyen.18it4@vku.udn.vn', 1, '2022-06-11 16:24:25', '2022-06-11 16:24:42'),
(9, 'Nguyễn Đức Bảo', 1003, 'Hòa Phong, Hòa Vang', '0788049042', 'nguyenducbaokey@gmail.com', 1, '2022-06-11 16:24:25', '2022-06-11 16:24:42'),
(10, 'Truyen Le', 2, '51 Thanh Vinh 4, Hoa Khan Bac, Lien Chieu, Da Nang', '0362326707', 'ltttruyen.18it4@vku.udn.vn', 1, '2022-06-11 16:46:13', '2022-06-11 16:46:13'),
(11, 'Bao', 1003, 'Hoa Vang, Da Nang', '0788049099', '', 0, '2022-06-11 16:55:02', '2022-06-11 16:55:02'),
(12, 'Bao', 1003, 'zxczxczxc', '0788049042', '', 0, '2022-06-11 16:55:22', '2022-06-11 16:55:22'),
(13, 'zxczxc', 1003, 'zxczxczxc', '2312154123123', '', 0, '2022-06-11 17:02:06', '2022-06-11 17:02:06'),
(14, 'zxczx', 1003, 'xcvzxc', '3412312312', '', 0, '2022-06-11 17:04:50', '2022-06-11 17:04:50'),
(15, 'zxczxc1', 1003, 'vxcvxc1', '23123213', '', 0, '2022-06-11 17:05:11', '2022-06-11 17:05:11'),
(16, '11', 1003, '11', '11', '', 0, '2022-06-11 17:05:17', '2022-06-11 17:05:17'),
(17, 'Nguyen DUc Bao', 1005, 'Haha', '0788049042', '', 1, '2022-06-11 17:23:26', '2022-06-11 17:23:26'),
(18, 'Nguyễn Đức Bảo', 1006, 'Dương Lâm 1, Hoà Phong, Hoà Vang', '0788049042', '', 1, '2022-06-11 17:52:33', '2022-06-11 17:52:33'),
(19, 'Bảo', 1006, 'Hoà Khương, Hoà Vang', '0788049042', '', 0, '2022-06-11 17:52:52', '2022-06-11 17:52:52'),
(20, 'Truyen', 2, '51 Thanh Vinh 4, Hoa Khanh Bac, Lien Chieu, Da Nang', '0362326707', 'ltttruyen.18it4@vku.udn.vn', 1, '2022-06-11 23:29:41', '2022-06-11 23:29:41');

-- --------------------------------------------------------

--
-- Table structure for table `tbl_cart`
--

CREATE TABLE `tbl_cart` (
  `cart_id` bigint(20) UNSIGNED NOT NULL,
  `customer_id` int(11) NOT NULL,
  `product_id` int(11) NOT NULL,
  `product_name` varchar(255) COLLATE utf8mb4_unicode_ci NOT NULL,
  `product_price` double(8,2) NOT NULL,
  `product_sales_quantity` varchar(255) COLLATE utf8mb4_unicode_ci NOT NULL,
  `status` int(11) NOT NULL,
  `created_at` timestamp NULL DEFAULT NULL,
  `updated_at` timestamp NULL DEFAULT NULL
) ENGINE=InnoDB DEFAULT CHARSET=utf8mb4 COLLATE=utf8mb4_unicode_ci;

-- --------------------------------------------------------

--
-- Table structure for table `tbl_category_product`
--

CREATE TABLE `tbl_category_product` (
  `categor_id` int(10) UNSIGNED NOT NULL,
  `categor_name` varchar(255) COLLATE utf8mb4_unicode_ci NOT NULL,
  `categor_desc` varchar(255) COLLATE utf8mb4_unicode_ci NOT NULL,
  `meta_keywords` text COLLATE utf8mb4_unicode_ci DEFAULT NULL,
  `categor_image` varchar(100) COLLATE utf8mb4_unicode_ci DEFAULT NULL,
  `categor_status` int(11) NOT NULL,
  `created_at` timestamp NULL DEFAULT NULL,
  `updated_at` timestamp NULL DEFAULT NULL
) ENGINE=InnoDB DEFAULT CHARSET=utf8mb4 COLLATE=utf8mb4_unicode_ci;

--
-- Dumping data for table `tbl_category_product`
--

INSERT INTO `tbl_category_product` (`categor_id`, `categor_name`, `categor_desc`, `meta_keywords`, `categor_image`, `categor_status`, `created_at`, `updated_at`) VALUES
(1, 'Necklace', 'Dây Chuyền Cao Cấp', 'necklace', 'bo-trang-suc-kim-cuong-vang-trang-14k-166.png', 1, NULL, NULL),
(2, 'Ring', 'Nhẫn Cao Cấp', 'ring', 'ring62.png', 1, NULL, NULL),
(3, 'Bracelet', 'vòng tay nữ trang', 'bracelet', 'vongtay48.png', 1, NULL, NULL),
(4, 'Earring', 'bông tai nữ trang', 'earring', 'bongtai68.png', 1, NULL, NULL),
(5, 'Jewelry Set', 'bộ nữ trang', 'jewelry_set', 'bộ nữ trang75.png', 1, NULL, NULL),
(6, 'Wedding Ring', 'nhẫn cưới cao cấp', 'wedding_ring', 'nhancuoi86.png', 1, NULL, NULL),
(7, 'Gold Jewelry', 'Trang Sức Vàng', 'Gold_Jewelry', 'ts-vang15.png', 1, NULL, NULL);

-- --------------------------------------------------------

--
-- Table structure for table `tbl_customer`
--

CREATE TABLE `tbl_customer` (
  `customer_id` int(10) UNSIGNED NOT NULL,
  `customer_name` varchar(100) COLLATE utf8mb4_unicode_ci NOT NULL,
  `customer_img` text COLLATE utf8mb4_unicode_ci NOT NULL DEFAULT 'user_icon.png',
  `customer_password` varchar(255) COLLATE utf8mb4_unicode_ci NOT NULL,
  `customer_email` varchar(255) COLLATE utf8mb4_unicode_ci NOT NULL,
  `customer_phone` varchar(255) COLLATE utf8mb4_unicode_ci NOT NULL,
  `customer_token` varchar(50) COLLATE utf8mb4_unicode_ci DEFAULT NULL,
  `created_at` timestamp NOT NULL DEFAULT current_timestamp(),
  `updated_at` timestamp NOT NULL DEFAULT current_timestamp()
) ENGINE=InnoDB DEFAULT CHARSET=utf8mb4 COLLATE=utf8mb4_unicode_ci;

--
-- Dumping data for table `tbl_customer`
--

INSERT INTO `tbl_customer` (`customer_id`, `customer_name`, `customer_img`, `customer_password`, `customer_email`, `customer_phone`, `customer_token`, `created_at`, `updated_at`) VALUES
(1, 'Anna', 'user_icon.png', 'c4de70859027537fc27e152ef6814a31', 'ltttruyen.18it4@vku.udn.vn', '0362326707', 'i8zq5TjVkEWGON9W', '2022-04-30 02:23:38', '2022-04-30 02:23:38'),
(2, 'Thanh Truyền', 'jewel83.png', 'c4de70859027537fc27e152ef6814a31', 'lethithanhtruyen99@gmail.com', '0362326707', 'Lt7AYJWs0BYkQJfS', '2022-04-30 09:56:23', '2022-04-30 09:56:23'),
(3, 'Kyle Yearne', 'user_icon.png', 'GgfKkYmJaH', 'kyearne0@cbsnews.com', '6498315912', NULL, '2022-06-11 15:37:41', '2022-06-11 15:37:48'),
(4, 'Albertine Jewster', 'user_icon.png', 'HuiVkisncEj', 'ajewster1@diigo.com', '2927454151', NULL, '2022-06-11 15:37:41', '2022-06-11 15:37:48'),
(5, 'Mireielle Brislawn', 'user_icon.png', '4XQkDI', 'mbrislawn2@merriam-webster.com', '2032684375', NULL, '2022-06-11 15:37:41', '2022-06-11 15:37:48'),
(6, 'Kimball Bexon', 'user_icon.png', 'bDmlTo', 'kbexon3@who.int', '2621482050', NULL, '2022-06-11 15:37:41', '2022-06-11 15:37:48'),
(7, 'Amalita Cornau', 'user_icon.png', '5U7xiHdtu1Y', 'acornau4@cornell.edu', '9779817869', NULL, '2022-06-11 15:37:41', '2022-06-11 15:37:48'),
(8, 'Bertrand Hammor', 'user_icon.png', 'H830kz8h0MV', 'bhammor5@people.com.cn', '1049062572', NULL, '2022-06-11 15:37:41', '2022-06-11 15:37:48'),
(9, 'Cleopatra Muffen', 'user_icon.png', 'sgtiiQmqKU', 'cmuffen6@google.it', '4924705290', NULL, '2022-06-11 15:37:41', '2022-06-11 15:37:48'),
(10, 'Paulita Panner', 'user_icon.png', 'DF4VnHpgI', 'ppanner7@yolasite.com', '8843787377', NULL, '2022-06-11 15:37:41', '2022-06-11 15:37:48'),
(11, 'Wileen Milliere', 'user_icon.png', 'Gx873cVNi8Vj', 'wmilliere8@themeforest.net', '1298066887', NULL, '2022-06-11 15:37:41', '2022-06-11 15:37:48'),
(12, 'Alida Lascelles', 'user_icon.png', 'WVgW5TwTa6GV', 'alascelles9@time.com', '7666917715', NULL, '2022-06-11 15:37:41', '2022-06-11 15:37:48'),
(13, 'Tana Crosston', 'user_icon.png', 'hMHypEGCAdJ', 'tcrosstona@netlog.com', '2508263059', NULL, '2022-06-11 15:37:41', '2022-06-11 15:37:48'),
(14, 'Dominick Pym', 'user_icon.png', 'CMiTx7a', 'dpymb@creativecommons.org', '7474067721', NULL, '2022-06-11 15:37:41', '2022-06-11 15:37:48'),
(15, 'Ibby Hails', 'user_icon.png', 'jLZlB3T', 'ihailsc@blog.com', '5102503302', NULL, '2022-06-11 15:37:41', '2022-06-11 15:37:48'),
(16, 'Modesty Phipp', 'user_icon.png', 'GDCBDV', 'mphippd@yellowbook.com', '1125173942', NULL, '2022-06-11 15:37:41', '2022-06-11 15:37:48'),
(17, 'Ambur Cecere', 'user_icon.png', 'gpjo2Z15ClN', 'aceceree@shareasale.com', '7698934563', NULL, '2022-06-11 15:37:41', '2022-06-11 15:37:48'),
(18, 'Lyssa Edwick', 'user_icon.png', 'ZGb48cc3no', 'ledwickf@facebook.com', '7723508966', NULL, '2022-06-11 15:37:41', '2022-06-11 15:37:48'),
(19, 'Jeanelle Labbez', 'user_icon.png', 'Si4EXbtWxw', 'jlabbezg@abc.net.au', '6006969627', NULL, '2022-06-11 15:37:41', '2022-06-11 15:37:48'),
(20, 'Norrie Le Barre', 'user_icon.png', 'lNbIOv3', 'nleh@slideshare.net', '4429350537', NULL, '2022-06-11 15:37:41', '2022-06-11 15:37:48'),
(21, 'Bev Oyley', 'user_icon.png', 'NuoqMp5q0Hj', 'boyleyi@businessweek.com', '9481449218', NULL, '2022-06-11 15:37:41', '2022-06-11 15:37:48'),
(22, 'Morgen Demaid', 'user_icon.png', 'OixMpP9H', 'mdemaidj@pagesperso-orange.fr', '2398415880', NULL, '2022-06-11 15:37:41', '2022-06-11 15:37:48'),
(23, 'Pattin Gianni', 'user_icon.png', 'twiisqPuVYH', 'pgiannik@google.de', '7566545974', NULL, '2022-06-11 15:37:41', '2022-06-11 15:37:48'),
(24, 'Stefan Barnwall', 'user_icon.png', 'yfO3hqR', 'sbarnwalll@theguardian.com', '6447466378', NULL, '2022-06-11 15:37:41', '2022-06-11 15:37:48'),
(25, 'Simmonds Malbon', 'user_icon.png', 'Ej65jCh', 'smalbonm@networkadvertising.org', '3403773221', NULL, '2022-06-11 15:37:41', '2022-06-11 15:37:48'),
(26, 'Rudy Amsberger', 'user_icon.png', 'Sv8xR9', 'ramsbergern@boston.com', '7358043479', NULL, '2022-06-11 15:37:41', '2022-06-11 15:37:48'),
(27, 'Chelsea Confort', 'user_icon.png', 'q2MF0CAco', 'cconforto@unc.edu', '5808488469', NULL, '2022-06-11 15:37:41', '2022-06-11 15:37:48'),
(28, 'Sunny Guillem', 'user_icon.png', '2BrlW1oncnJC', 'sguillemp@newsvine.com', '5789289205', NULL, '2022-06-11 15:37:41', '2022-06-11 15:37:48'),
(29, 'Letta Shimmings', 'user_icon.png', 'dAeng5Zzippr', 'lshimmingsq@nationalgeographic.com', '5413443137', NULL, '2022-06-11 15:37:41', '2022-06-11 15:37:48'),
(30, 'Clerissa Stowte', 'user_icon.png', 'MYfPzHGSw', 'cstowter@dailymotion.com', '7347622027', NULL, '2022-06-11 15:37:41', '2022-06-11 15:37:48'),
(31, 'Isabelle Grand', 'user_icon.png', 'Wc9REh6jrF26', 'igrands@last.fm', '6584916671', NULL, '2022-06-11 15:37:41', '2022-06-11 15:37:48'),
(32, 'Ilysa Fitchew', 'user_icon.png', '6iDQ2T', 'ifitchewt@so-net.ne.jp', '6274294030', NULL, '2022-06-11 15:37:41', '2022-06-11 15:37:48'),
(33, 'Bunny Hazlehurst', 'user_icon.png', 'l5miflahG', 'bhazlehurstu@ebay.com', '7975018974', NULL, '2022-06-11 15:37:41', '2022-06-11 15:37:48'),
(34, 'Mortimer Jellybrand', 'user_icon.png', 'Wv2ip7', 'mjellybrandv@google.com', '8801884144', NULL, '2022-06-11 15:37:41', '2022-06-11 15:37:48'),
(35, 'Cristionna Penley', 'user_icon.png', 'wqmpbIFsV1i', 'cpenleyw@elegantthemes.com', '3444236997', NULL, '2022-06-11 15:37:41', '2022-06-11 15:37:48'),
(36, 'Averill Candwell', 'user_icon.png', 'SewkSzaSK3A', 'acandwellx@marketwatch.com', '1749103350', NULL, '2022-06-11 15:37:41', '2022-06-11 15:37:48'),
(37, 'Lyndsey Tutton', 'user_icon.png', 'J0siWDpWff', 'ltuttony@yandex.ru', '6363295235', NULL, '2022-06-11 15:37:41', '2022-06-11 15:37:48'),
(38, 'Elyn Pencot', 'user_icon.png', 'oK5Ft1gA', 'epencotz@amazon.co.uk', '9217838903', NULL, '2022-06-11 15:37:41', '2022-06-11 15:37:48'),
(39, 'Emmit Welland', 'user_icon.png', 'p7x7PoMR', 'ewelland10@usda.gov', '1902032507', NULL, '2022-06-11 15:37:41', '2022-06-11 15:37:48'),
(40, 'Anjanette Bernardelli', 'user_icon.png', 'PJz4Kt2IIsk', 'abernardelli11@barnesandnoble.com', '1818392215', NULL, '2022-06-11 15:37:41', '2022-06-11 15:37:48'),
(41, 'Amber Verner', 'user_icon.png', 'Xizl6G4jbmo8', 'averner12@java.com', '8199242198', NULL, '2022-06-11 15:37:41', '2022-06-11 15:37:48'),
(42, 'Erwin Newlands', 'user_icon.png', 'kMLh2uUAum', 'enewlands13@mapquest.com', '5446172927', NULL, '2022-06-11 15:37:41', '2022-06-11 15:37:48'),
(43, 'Paola Rishbrook', 'user_icon.png', 'JjfDhuEws', 'prishbrook14@dailymotion.com', '6002570472', NULL, '2022-06-11 15:37:41', '2022-06-11 15:37:48'),
(44, 'Cloris Greensted', 'user_icon.png', 'OXHMkczh3IuC', 'cgreensted15@weibo.com', '2335401281', NULL, '2022-06-11 15:37:41', '2022-06-11 15:37:48'),
(45, 'Valery Richardon', 'user_icon.png', 'Qpf8gw9E', 'vrichardon16@huffingtonpost.com', '6656820591', NULL, '2022-06-11 15:37:41', '2022-06-11 15:37:48'),
(46, 'Van Aiken', 'user_icon.png', 'ibh8HV', 'vaiken17@creativecommons.org', '5715211890', NULL, '2022-06-11 15:37:41', '2022-06-11 15:37:48'),
(47, 'Hildy Dagwell', 'user_icon.png', 'GiwiBCa1h', 'hdagwell18@dot.gov', '8215378491', NULL, '2022-06-11 15:37:41', '2022-06-11 15:37:48'),
(48, 'Donall Gorstidge', 'user_icon.png', '84JrOzRcw2ZL', 'dgorstidge19@google.es', '2586344469', NULL, '2022-06-11 15:37:41', '2022-06-11 15:37:48'),
(49, 'Kinny Portis', 'user_icon.png', 'Q9F1uvvAfwT', 'kportis1a@engadget.com', '4342106325', NULL, '2022-06-11 15:37:41', '2022-06-11 15:37:48'),
(50, 'Hersch Streatfield', 'user_icon.png', 'XkgaliYs', 'hstreatfield1b@facebook.com', '7089672416', NULL, '2022-06-11 15:37:41', '2022-06-11 15:37:48'),
(51, 'Sasha Harryman', 'user_icon.png', 'kImw0uCQmr0z', 'sharryman1c@miibeian.gov.cn', '3422109037', NULL, '2022-06-11 15:37:41', '2022-06-11 15:37:48'),
(52, 'Ellissa Pullin', 'user_icon.png', 'fpenMj', 'epullin1d@phoca.cz', '8999217002', NULL, '2022-06-11 15:37:41', '2022-06-11 15:37:48'),
(53, 'Keelia McNee', 'user_icon.png', 'S0KyWdVS2', 'kmcnee1e@hugedomains.com', '9921307448', NULL, '2022-06-11 15:37:41', '2022-06-11 15:37:48'),
(54, 'Lyman Lared', 'user_icon.png', 'xomcwXLMgo', 'llared1f@edublogs.org', '3892624811', NULL, '2022-06-11 15:37:41', '2022-06-11 15:37:48'),
(55, 'Ciro Schimon', 'user_icon.png', 'GFtq9eODNUQL', 'cschimon1g@dot.gov', '1005480715', NULL, '2022-06-11 15:37:41', '2022-06-11 15:37:48'),
(56, 'Huntington Goshawk', 'user_icon.png', 'qyfszfI', 'hgoshawk1h@princeton.edu', '8667263057', NULL, '2022-06-11 15:37:41', '2022-06-11 15:37:48'),
(57, 'Mercedes Enterle', 'user_icon.png', '4xKlfuhHtNr', 'menterle1i@hao123.com', '1137974545', NULL, '2022-06-11 15:37:41', '2022-06-11 15:37:48'),
(58, 'Gilli Bremner', 'user_icon.png', '79Fs60y', 'gbremner1j@hud.gov', '6265546201', NULL, '2022-06-11 15:37:41', '2022-06-11 15:37:48'),
(59, 'Tawnya Risdall', 'user_icon.png', '5dX1RDz', 'trisdall1k@feedburner.com', '4508235913', NULL, '2022-06-11 15:37:41', '2022-06-11 15:37:48'),
(60, 'Euphemia Oleksinski', 'user_icon.png', 'vs08HWxns', 'eoleksinski1l@godaddy.com', '7261893562', NULL, '2022-06-11 15:37:41', '2022-06-11 15:37:48'),
(61, 'Cam Stilgoe', 'user_icon.png', 'gOIsc0', 'cstilgoe1m@theatlantic.com', '6084595273', NULL, '2022-06-11 15:37:41', '2022-06-11 15:37:48'),
(62, 'Adore Dudlestone', 'user_icon.png', 'i1hbdYM8m', 'adudlestone1n@scribd.com', '4868312545', NULL, '2022-06-11 15:37:41', '2022-06-11 15:37:48'),
(63, 'Carley Skipper', 'user_icon.png', 'WJEP5oV3', 'cskipper1o@europa.eu', '5175326800', NULL, '2022-06-11 15:37:41', '2022-06-11 15:37:48'),
(64, 'Sarena Bendson', 'user_icon.png', '61TnlmWgNry0', 'sbendson1p@lulu.com', '9057029949', NULL, '2022-06-11 15:37:41', '2022-06-11 15:37:48'),
(65, 'Talyah Hanhardt', 'user_icon.png', 't9F8P4bu', 'thanhardt1q@globo.com', '9221257255', NULL, '2022-06-11 15:37:41', '2022-06-11 15:37:48'),
(66, 'Sky Fosdick', 'user_icon.png', 'hzMRAIVnVJ', 'sfosdick1r@buzzfeed.com', '8688823552', NULL, '2022-06-11 15:37:41', '2022-06-11 15:37:48'),
(67, 'Erinna Nijssen', 'user_icon.png', 'uDpWp2CCaa', 'enijssen1s@sohu.com', '9845415284', NULL, '2022-06-11 15:37:41', '2022-06-11 15:37:48'),
(68, 'Natasha Asgodby', 'user_icon.png', 'tAhP9Atc', 'nasgodby1t@forbes.com', '1595401993', NULL, '2022-06-11 15:37:41', '2022-06-11 15:37:48'),
(69, 'Rodd Loader', 'user_icon.png', 'v9lPtDF33', 'rloader1u@trellian.com', '9614314541', NULL, '2022-06-11 15:37:41', '2022-06-11 15:37:48'),
(70, 'Erinn Gaucher', 'user_icon.png', '3bHgj47qYgrz', 'egaucher1v@yale.edu', '7094877630', NULL, '2022-06-11 15:37:41', '2022-06-11 15:37:48'),
(71, 'Ky Plowes', 'user_icon.png', 'hbxrs1qoBtxq', 'kplowes1w@eepurl.com', '2886970100', NULL, '2022-06-11 15:37:41', '2022-06-11 15:37:48'),
(72, 'Lezlie Stennine', 'user_icon.png', 'J3IZOmgdFRzE', 'lstennine1x@google.com.br', '1396123627', NULL, '2022-06-11 15:37:41', '2022-06-11 15:37:48'),
(73, 'Garrott Ditchfield', 'user_icon.png', 'Q5TWZ0vgx', 'gditchfield1y@hubpages.com', '4931585036', NULL, '2022-06-11 15:37:41', '2022-06-11 15:37:48'),
(74, 'Ingmar Flippelli', 'user_icon.png', '5e10qSkGk', 'iflippelli1z@cdc.gov', '8129203558', NULL, '2022-06-11 15:37:41', '2022-06-11 15:37:48'),
(75, 'Damara Martino', 'user_icon.png', 'zJp7rkEh58', 'dmartino20@pinterest.com', '9733750584', NULL, '2022-06-11 15:37:41', '2022-06-11 15:37:48'),
(76, 'Tilda Chessell', 'user_icon.png', 'kj6TYdW6RG', 'tchessell21@nymag.com', '4586783761', NULL, '2022-06-11 15:37:41', '2022-06-11 15:37:48'),
(77, 'Ivor Humble', 'user_icon.png', 'cX91Zk8', 'ihumble22@dell.com', '4487652239', NULL, '2022-06-11 15:37:41', '2022-06-11 15:37:48'),
(78, 'Toddy Joinsey', 'user_icon.png', 'kh5AcPVEF', 'tjoinsey23@webmd.com', '6813643111', NULL, '2022-06-11 15:37:41', '2022-06-11 15:37:48'),
(79, 'Tailor Furber', 'user_icon.png', '8pb4xpxmx', 'tfurber24@scribd.com', '4025449922', NULL, '2022-06-11 15:37:41', '2022-06-11 15:37:48'),
(80, 'Noel Brookes', 'user_icon.png', 'gpRXzLE', 'nbrookes25@alexa.com', '6755914572', NULL, '2022-06-11 15:37:41', '2022-06-11 15:37:48'),
(81, 'Clemence Rodenburg', 'user_icon.png', 'MJlOQyJ9', 'crodenburg26@youku.com', '7702796437', NULL, '2022-06-11 15:37:41', '2022-06-11 15:37:48'),
(82, 'Carolyne Heaker', 'user_icon.png', 'BJwefzx', 'cheaker27@marriott.com', '4733562507', NULL, '2022-06-11 15:37:41', '2022-06-11 15:37:48'),
(83, 'Tiertza Pounder', 'user_icon.png', 'NfmMp164LTd', 'tpounder28@miibeian.gov.cn', '8922678808', NULL, '2022-06-11 15:37:41', '2022-06-11 15:37:48'),
(84, 'Bevin Bourget', 'user_icon.png', 'Ymrgb2UFFY2', 'bbourget29@mac.com', '8998270346', NULL, '2022-06-11 15:37:41', '2022-06-11 15:37:48'),
(85, 'Tonnie Hensmans', 'user_icon.png', 'WSgzk2CH8', 'thensmans2a@merriam-webster.com', '6078519506', NULL, '2022-06-11 15:37:41', '2022-06-11 15:37:48'),
(86, 'Euphemia Izac', 'user_icon.png', 'BNmRderOY', 'eizac2b@patch.com', '2676121215', NULL, '2022-06-11 15:37:41', '2022-06-11 15:37:48'),
(87, 'Kristine Knell', 'user_icon.png', 'L2TXiyR', 'kknell2c@exblog.jp', '3929711508', NULL, '2022-06-11 15:37:41', '2022-06-11 15:37:48'),
(88, 'Meriel Imesson', 'user_icon.png', 'PyMGsYxSM', 'mimesson2d@moonfruit.com', '2593618173', NULL, '2022-06-11 15:37:41', '2022-06-11 15:37:48'),
(89, 'Veronike Castelot', 'user_icon.png', 'IXmXcPw6haOi', 'vcastelot2e@goo.ne.jp', '9321492979', NULL, '2022-06-11 15:37:41', '2022-06-11 15:37:48'),
(90, 'Calypso Batsford', 'user_icon.png', 'yMg1KnmEURF', 'cbatsford2f@netscape.com', '7125855248', NULL, '2022-06-11 15:37:41', '2022-06-11 15:37:48'),
(91, 'Putnam Burkwood', 'user_icon.png', '19qaBu2yC', 'pburkwood2g@fastcompany.com', '7533701562', NULL, '2022-06-11 15:37:41', '2022-06-11 15:37:48'),
(92, 'Archy Bracer', 'user_icon.png', 'J9yOYtVINRJS', 'abracer2h@sina.com.cn', '8575993666', NULL, '2022-06-11 15:37:41', '2022-06-11 15:37:48'),
(93, 'Roanna Waterland', 'user_icon.png', 'GHdfGLf', 'rwaterland2i@cbslocal.com', '5471192318', NULL, '2022-06-11 15:37:41', '2022-06-11 15:37:48'),
(94, 'Alida McErlaine', 'user_icon.png', 'BwLZusk', 'amcerlaine2j@un.org', '1965180939', NULL, '2022-06-11 15:37:41', '2022-06-11 15:37:48'),
(95, 'Kristien Vassel', 'user_icon.png', 'VClFh3Zzh3Pv', 'kvassel2k@msu.edu', '3188900948', NULL, '2022-06-11 15:37:41', '2022-06-11 15:37:48'),
(96, 'Lucretia Nurny', 'user_icon.png', 'DqtmmPIVH', 'lnurny2l@ask.com', '5593810165', NULL, '2022-06-11 15:37:41', '2022-06-11 15:37:48'),
(97, 'Peyton Mulran', 'user_icon.png', 'rvePq6f0Fpv', 'pmulran2m@statcounter.com', '4427872403', NULL, '2022-06-11 15:37:41', '2022-06-11 15:37:48'),
(98, 'Flossi Alforde', 'user_icon.png', 'bnqg6F5bT43p', 'falforde2n@youtu.be', '7714347393', NULL, '2022-06-11 15:37:41', '2022-06-11 15:37:48'),
(99, 'Glenna Densumbe', 'user_icon.png', 'pAtPr3PrcdB', 'gdensumbe2o@usnews.com', '5766293349', NULL, '2022-06-11 15:37:41', '2022-06-11 15:37:48'),
(100, 'Hannie Buttner', 'user_icon.png', 'EGdJQhV3xEYE', 'hbuttner2p@adobe.com', '9308014735', NULL, '2022-06-11 15:37:41', '2022-06-11 15:37:48'),
(101, 'Marga Cuberley', 'user_icon.png', 'hXkzCyV83fj', 'mcuberley2q@google.fr', '3624674474', NULL, '2022-06-11 15:37:41', '2022-06-11 15:37:48'),
(102, 'Hieronymus Aleshintsev', 'user_icon.png', 'EFM0cjWo3ckR', 'haleshintsev2r@google.co.jp', '5286791216', NULL, '2022-06-11 15:37:41', '2022-06-11 15:37:48'),
(103, 'Cris Hinkens', 'user_icon.png', 'qNaFVa6zJ', 'chinkens2s@elpais.com', '4366219783', NULL, '2022-06-11 15:37:41', '2022-06-11 15:37:48'),
(104, 'Darci Hakey', 'user_icon.png', 'wvbYVRINtP', 'dhakey2t@sogou.com', '5954012255', NULL, '2022-06-11 15:37:41', '2022-06-11 15:37:48'),
(105, 'Ulises Sinott', 'user_icon.png', 'fJQZdR', 'usinott2u@cmu.edu', '1232264044', NULL, '2022-06-11 15:37:41', '2022-06-11 15:37:48'),
(106, 'Ginnie Reaney', 'user_icon.png', 'w06gijrD1o', 'greaney2v@a8.net', '1849284835', NULL, '2022-06-11 15:37:41', '2022-06-11 15:37:48'),
(107, 'Jeanette Lisett', 'user_icon.png', 'IJqvWWAp1lY', 'jlisett2w@si.edu', '2489291800', NULL, '2022-06-11 15:37:41', '2022-06-11 15:37:48'),
(108, 'Melina Barley', 'user_icon.png', 'BMKBy0L7A', 'mbarley2x@cdbaby.com', '8755056121', NULL, '2022-06-11 15:37:41', '2022-06-11 15:37:48'),
(109, 'Corinna Gamil', 'user_icon.png', 'YHTpyEoG', 'cgamil2y@latimes.com', '2709316590', NULL, '2022-06-11 15:37:41', '2022-06-11 15:37:48'),
(110, 'Royall Searston', 'user_icon.png', 'efQneWz9P84', 'rsearston2z@google.de', '4105253628', NULL, '2022-06-11 15:37:41', '2022-06-11 15:37:48'),
(111, 'Daniella Devonish', 'user_icon.png', 'yuMpvhct482Q', 'ddevonish30@usnews.com', '6957671182', NULL, '2022-06-11 15:37:41', '2022-06-11 15:37:48'),
(112, 'Fanni Mossom', 'user_icon.png', '1mV027GbHLxg', 'fmossom31@toplist.cz', '7125877891', NULL, '2022-06-11 15:37:41', '2022-06-11 15:37:48'),
(113, 'Retha Kyle', 'user_icon.png', 'zd2dWkwS', 'rkyle32@geocities.com', '8625153499', NULL, '2022-06-11 15:37:41', '2022-06-11 15:37:48'),
(114, 'Garrett Kestle', 'user_icon.png', 'sXxqhdLroWna', 'gkestle33@fema.gov', '1066517534', NULL, '2022-06-11 15:37:41', '2022-06-11 15:37:48'),
(115, 'Carlyle Abdey', 'user_icon.png', 'q4ncSxLocXmQ', 'cabdey34@oaic.gov.au', '2256047788', NULL, '2022-06-11 15:37:41', '2022-06-11 15:37:48'),
(116, 'Sandy Fairham', 'user_icon.png', 'QRhES1Z1arh', 'sfairham35@bloglovin.com', '7385515841', NULL, '2022-06-11 15:37:41', '2022-06-11 15:37:48'),
(117, 'Ailbert Albiston', 'user_icon.png', 'RSh6Gx', 'aalbiston36@ocn.ne.jp', '5674995717', NULL, '2022-06-11 15:37:41', '2022-06-11 15:37:48'),
(118, 'Josepha Topliss', 'user_icon.png', 'iZQ55cLZ', 'jtopliss37@topsy.com', '1305214533', NULL, '2022-06-11 15:37:41', '2022-06-11 15:37:48'),
(119, 'Bidget Richardeau', 'user_icon.png', '7HWUh8Mvqosz', 'brichardeau38@vk.com', '4087598427', NULL, '2022-06-11 15:37:41', '2022-06-11 15:37:48'),
(120, 'Clea Kinnett', 'user_icon.png', 'fiYkOrhE', 'ckinnett39@freewebs.com', '4085865571', NULL, '2022-06-11 15:37:41', '2022-06-11 15:37:48'),
(121, 'Elia Burnsell', 'user_icon.png', 'RIVZz5w', 'eburnsell3a@discovery.com', '5847780337', NULL, '2022-06-11 15:37:41', '2022-06-11 15:37:48'),
(122, 'Rosette Imorts', 'user_icon.png', 'zyDlFM9dk', 'rimorts3b@weather.com', '8102587751', NULL, '2022-06-11 15:37:41', '2022-06-11 15:37:48'),
(123, 'Kirstin Mapes', 'user_icon.png', 'gR6PGrUTX', 'kmapes3c@alibaba.com', '9118086154', NULL, '2022-06-11 15:37:41', '2022-06-11 15:37:48'),
(124, 'Janel Elcum', 'user_icon.png', 'ubsO8jKWB', 'jelcum3d@bing.com', '8723481387', NULL, '2022-06-11 15:37:41', '2022-06-11 15:37:48'),
(125, 'Dorthy Howarth', 'user_icon.png', '7yKONL', 'dhowarth3e@microsoft.com', '6245195296', NULL, '2022-06-11 15:37:41', '2022-06-11 15:37:48'),
(126, 'Verla Triplett', 'user_icon.png', '9LWMBjY9Qe', 'vtriplett3f@reference.com', '7336167069', NULL, '2022-06-11 15:37:41', '2022-06-11 15:37:48'),
(127, 'Willard Fackney', 'user_icon.png', '3cnD5IGsZYFW', 'wfackney3g@about.me', '1524088906', NULL, '2022-06-11 15:37:41', '2022-06-11 15:37:48'),
(128, 'Gerry Riddick', 'user_icon.png', 'OJyDBSQxciT', 'griddick3h@wikipedia.org', '2419661448', NULL, '2022-06-11 15:37:41', '2022-06-11 15:37:48'),
(129, 'Lilith Bugg', 'user_icon.png', '7n6OXCzLwP', 'lbugg3i@about.com', '4746777961', NULL, '2022-06-11 15:37:41', '2022-06-11 15:37:48'),
(130, 'Lindsey Azemar', 'user_icon.png', 'mGjYoWqf', 'lazemar3j@wix.com', '3627623365', NULL, '2022-06-11 15:37:41', '2022-06-11 15:37:48'),
(131, 'Tova Smallsman', 'user_icon.png', 'ywMgedQ', 'tsmallsman3k@china.com.cn', '8475086776', NULL, '2022-06-11 15:37:41', '2022-06-11 15:37:48'),
(132, 'Karlan Fones', 'user_icon.png', 'BwKpgtg8', 'kfones3l@dailymotion.com', '5908233311', NULL, '2022-06-11 15:37:41', '2022-06-11 15:37:48'),
(133, 'Byron Sneath', 'user_icon.png', 'Ul1AHmnEX', 'bsneath3m@photobucket.com', '3555665136', NULL, '2022-06-11 15:37:41', '2022-06-11 15:37:48'),
(134, 'Burl De Giorgi', 'user_icon.png', 'qouNmEwAh2E', 'bde3n@taobao.com', '6182206176', NULL, '2022-06-11 15:37:41', '2022-06-11 15:37:48'),
(135, 'Arney Vennart', 'user_icon.png', 'wgUhnJk', 'avennart3o@mediafire.com', '1581155640', NULL, '2022-06-11 15:37:41', '2022-06-11 15:37:48'),
(136, 'Bob Berdale', 'user_icon.png', 'qsQynUHUHdVz', 'bberdale3p@usda.gov', '1451130042', NULL, '2022-06-11 15:37:41', '2022-06-11 15:37:48'),
(137, 'Damien Borrott', 'user_icon.png', 'Wf4MBtxUl8Dd', 'dborrott3q@archive.org', '5358102581', NULL, '2022-06-11 15:37:41', '2022-06-11 15:37:48'),
(138, 'Ivonne Marritt', 'user_icon.png', 'sme3FyhHn', 'imarritt3r@acquirethisname.com', '5647214117', NULL, '2022-06-11 15:37:41', '2022-06-11 15:37:48'),
(139, 'Trescha Holdey', 'user_icon.png', 'OBaQkCsVfF9', 'tholdey3s@dailymail.co.uk', '1561849099', NULL, '2022-06-11 15:37:41', '2022-06-11 15:37:48'),
(140, 'Bourke Yesson', 'user_icon.png', 'ElPA5m972A', 'byesson3t@berkeley.edu', '9601340830', NULL, '2022-06-11 15:37:41', '2022-06-11 15:37:48'),
(141, 'Der Kalker', 'user_icon.png', 'jF6FWPj', 'dkalker3u@gmpg.org', '1724021621', NULL, '2022-06-11 15:37:41', '2022-06-11 15:37:48'),
(142, 'Gustaf Crouch', 'user_icon.png', 'Gg2Wqm4t', 'gcrouch3v@washingtonpost.com', '6556508076', NULL, '2022-06-11 15:37:41', '2022-06-11 15:37:48'),
(143, 'Andriette Meachan', 'user_icon.png', 'K2Y3Tdu', 'ameachan3w@chron.com', '8187133674', NULL, '2022-06-11 15:37:41', '2022-06-11 15:37:48'),
(144, 'Olivie Christiensen', 'user_icon.png', 'QzTxgg', 'ochristiensen3x@hubpages.com', '5801492987', NULL, '2022-06-11 15:37:41', '2022-06-11 15:37:48'),
(145, 'Lorrie MacBain', 'user_icon.png', 'p5XVv8CoFM', 'lmacbain3y@geocities.jp', '6457407186', NULL, '2022-06-11 15:37:41', '2022-06-11 15:37:48'),
(146, 'Sanderson Kettridge', 'user_icon.png', '9PAkzCxRrah4', 'skettridge3z@slashdot.org', '1329189526', NULL, '2022-06-11 15:37:41', '2022-06-11 15:37:48'),
(147, 'Kassia Jamson', 'user_icon.png', 'iZET9Ui9', 'kjamson40@engadget.com', '4514914099', NULL, '2022-06-11 15:37:41', '2022-06-11 15:37:48'),
(148, 'Merrill Urwin', 'user_icon.png', 'xlKZnibbKp', 'murwin41@godaddy.com', '5593985698', NULL, '2022-06-11 15:37:41', '2022-06-11 15:37:48'),
(149, 'Sarine Ellins', 'user_icon.png', 'uHv2TChi15y', 'sellins42@scientificamerican.com', '2917047175', NULL, '2022-06-11 15:37:41', '2022-06-11 15:37:48'),
(150, 'Udall Bortoletti', 'user_icon.png', '3sfrsJre', 'ubortoletti43@furl.net', '7842182201', NULL, '2022-06-11 15:37:41', '2022-06-11 15:37:48'),
(151, 'Bernhard Camerati', 'user_icon.png', 'TzuXXfhWvSP4', 'bcamerati44@loc.gov', '6505298497', NULL, '2022-06-11 15:37:41', '2022-06-11 15:37:48'),
(152, 'Daveta Bazek', 'user_icon.png', 'Gaymh5M7', 'dbazek45@wisc.edu', '1336640155', NULL, '2022-06-11 15:37:41', '2022-06-11 15:37:48'),
(153, 'Bonnibelle Bauduin', 'user_icon.png', '6IZJH4x', 'bbauduin46@baidu.com', '2781769007', NULL, '2022-06-11 15:37:41', '2022-06-11 15:37:48'),
(154, 'Caril Darlasson', 'user_icon.png', 'LbrR63XjOP', 'cdarlasson47@illinois.edu', '8901818302', NULL, '2022-06-11 15:37:41', '2022-06-11 15:37:48'),
(155, 'Jobye Abbe', 'user_icon.png', 'IPtmtt7AM', 'jabbe48@go.com', '8991200480', NULL, '2022-06-11 15:37:41', '2022-06-11 15:37:48'),
(156, 'Chester Mowling', 'user_icon.png', '7GlWaBC5', 'cmowling49@csmonitor.com', '4347999902', NULL, '2022-06-11 15:37:41', '2022-06-11 15:37:48'),
(157, 'Penny Tuley', 'user_icon.png', 'Frp0qjmncWYk', 'ptuley4a@livejournal.com', '5558038422', NULL, '2022-06-11 15:37:41', '2022-06-11 15:37:48'),
(158, 'Roddie Taplin', 'user_icon.png', 'B91jftJyerCH', 'rtaplin4b@google.pl', '7176219281', NULL, '2022-06-11 15:37:41', '2022-06-11 15:37:48'),
(159, 'Ula Tutsell', 'user_icon.png', 'HucqTgB2X', 'ututsell4c@yahoo.co.jp', '2303505123', NULL, '2022-06-11 15:37:41', '2022-06-11 15:37:48'),
(160, 'Guinevere Sloat', 'user_icon.png', 'yGO8hS9kH', 'gsloat4d@boston.com', '3856746464', NULL, '2022-06-11 15:37:41', '2022-06-11 15:37:48'),
(161, 'Kay McKinstry', 'user_icon.png', 'OW5kJzxM68', 'kmckinstry4e@alexa.com', '9605037633', NULL, '2022-06-11 15:37:41', '2022-06-11 15:37:48'),
(162, 'Carlyn Skrines', 'user_icon.png', 'Okmog4f', 'cskrines4f@vk.com', '6771823016', NULL, '2022-06-11 15:37:41', '2022-06-11 15:37:48'),
(163, 'Clevie Veeler', 'user_icon.png', '2uhQn3CTHaMV', 'cveeler4g@hp.com', '7706533355', NULL, '2022-06-11 15:37:41', '2022-06-11 15:37:48'),
(164, 'Gennie Daine', 'user_icon.png', 'Eli37EfMxp', 'gdaine4h@yahoo.co.jp', '8155866441', NULL, '2022-06-11 15:37:41', '2022-06-11 15:37:48'),
(165, 'Aleen Dawton', 'user_icon.png', 'v0IJICVu1', 'adawton4i@marriott.com', '9322427361', NULL, '2022-06-11 15:37:41', '2022-06-11 15:37:48'),
(166, 'Aeriela Frearson', 'user_icon.png', 'VZSB2I3Abh', 'afrearson4j@aboutads.info', '8179697581', NULL, '2022-06-11 15:37:41', '2022-06-11 15:37:48'),
(167, 'Aloin Hamor', 'user_icon.png', 'Kz6EgTTuV', 'ahamor4k@people.com.cn', '6162820845', NULL, '2022-06-11 15:37:41', '2022-06-11 15:37:48'),
(168, 'Merry Hazelgrove', 'user_icon.png', 'wulwJwjgUzi', 'mhazelgrove4l@rakuten.co.jp', '4573240703', NULL, '2022-06-11 15:37:41', '2022-06-11 15:37:48'),
(169, 'Moina Greggersen', 'user_icon.png', 'Rp7H1f', 'mgreggersen4m@sitemeter.com', '3962778362', NULL, '2022-06-11 15:37:41', '2022-06-11 15:37:48'),
(170, 'Allissa Paddle', 'user_icon.png', 'yX8Xn5djUay', 'apaddle4n@dailymail.co.uk', '1051349738', NULL, '2022-06-11 15:37:41', '2022-06-11 15:37:48'),
(171, 'Carmelle Hegel', 'user_icon.png', 'sUkzCS', 'chegel4o@uol.com.br', '6365163467', NULL, '2022-06-11 15:37:41', '2022-06-11 15:37:48'),
(172, 'Nicolle Shrieves', 'user_icon.png', 'qUTTNkK', 'nshrieves4p@nba.com', '8631529378', NULL, '2022-06-11 15:37:41', '2022-06-11 15:37:48'),
(173, 'Taylor Croney', 'user_icon.png', 'pmSKqQPiF', 'tcroney4q@studiopress.com', '5365527953', NULL, '2022-06-11 15:37:41', '2022-06-11 15:37:48'),
(174, 'Cilka Haye', 'user_icon.png', 'HQEk4WEN', 'chaye4r@dedecms.com', '5561461046', NULL, '2022-06-11 15:37:41', '2022-06-11 15:37:48'),
(175, 'Glory Sidebotton', 'user_icon.png', 'cjyGo2Ew', 'gsidebotton4s@japanpost.jp', '6943757627', NULL, '2022-06-11 15:37:41', '2022-06-11 15:37:48'),
(176, 'Obadiah Brightman', 'user_icon.png', 'GKN9RiEKS1', 'obrightman4t@addtoany.com', '2146391466', NULL, '2022-06-11 15:37:41', '2022-06-11 15:37:48'),
(177, 'Berta Pimm', 'user_icon.png', 'HQBkOaJAV8Wa', 'bpimm4u@goo.gl', '2776477243', NULL, '2022-06-11 15:37:41', '2022-06-11 15:37:48'),
(178, 'Melesa Westall', 'user_icon.png', 'azlZdAu9X', 'mwestall4v@dyndns.org', '4591076917', NULL, '2022-06-11 15:37:41', '2022-06-11 15:37:48'),
(179, 'Christel Wildber', 'user_icon.png', 'RZR8pGQ', 'cwildber4w@wired.com', '5194822922', NULL, '2022-06-11 15:37:41', '2022-06-11 15:37:48'),
(180, 'Riane McKag', 'user_icon.png', 'rPnx4if4p8', 'rmckag4x@paypal.com', '9768495213', NULL, '2022-06-11 15:37:41', '2022-06-11 15:37:48'),
(181, 'Halie Karczinski', 'user_icon.png', 'PbU82Rl', 'hkarczinski4y@123-reg.co.uk', '8526745393', NULL, '2022-06-11 15:37:41', '2022-06-11 15:37:48'),
(182, 'Annabela Kaveney', 'user_icon.png', 'ZOuyqYXoJw0', 'akaveney4z@indiatimes.com', '5604586856', NULL, '2022-06-11 15:37:41', '2022-06-11 15:37:48'),
(183, 'Emelia Finden', 'user_icon.png', '4pYgekP', 'efinden50@google.nl', '2229511196', NULL, '2022-06-11 15:37:41', '2022-06-11 15:37:48'),
(184, 'Rosemarie Corner', 'user_icon.png', 'm1c8U6SXp', 'rcorner51@creativecommons.org', '5218480585', NULL, '2022-06-11 15:37:41', '2022-06-11 15:37:48'),
(185, 'Cyb Lavall', 'user_icon.png', 'OcfRlb', 'clavall52@tripadvisor.com', '9936244332', NULL, '2022-06-11 15:37:41', '2022-06-11 15:37:48'),
(186, 'Thibaut O\'Neal', 'user_icon.png', '4EwDCaOmaft', 'toneal53@parallels.com', '6677875481', NULL, '2022-06-11 15:37:41', '2022-06-11 15:37:48'),
(187, 'Ilise Twelftree', 'user_icon.png', 'gwHlFT', 'itwelftree54@posterous.com', '7512798783', NULL, '2022-06-11 15:37:41', '2022-06-11 15:37:48'),
(188, 'Hyacinthe Whye', 'user_icon.png', 'jf0ZRA6', 'hwhye55@liveinternet.ru', '8624291013', NULL, '2022-06-11 15:37:41', '2022-06-11 15:37:48'),
(189, 'Brody Ivic', 'user_icon.png', 'FG3TDlVxyt', 'bivic56@geocities.jp', '5122992695', NULL, '2022-06-11 15:37:41', '2022-06-11 15:37:48'),
(190, 'Sibyl D\'Ambrogi', 'user_icon.png', 'ekPNJKMJtzMG', 'sdambrogi57@netlog.com', '8228873433', NULL, '2022-06-11 15:37:41', '2022-06-11 15:37:48'),
(191, 'Eadie Ingledow', 'user_icon.png', 'JpryeJrjUA', 'eingledow58@ihg.com', '1925721716', NULL, '2022-06-11 15:37:41', '2022-06-11 15:37:48'),
(192, 'Karee Robottham', 'user_icon.png', '5tX7IvZW', 'krobottham59@imgur.com', '6358949829', NULL, '2022-06-11 15:37:41', '2022-06-11 15:37:48'),
(193, 'Mina Metcalf', 'user_icon.png', '9Qmq9ae9', 'mmetcalf5a@ovh.net', '2034324279', NULL, '2022-06-11 15:37:41', '2022-06-11 15:37:48'),
(194, 'Sonnie Lillyman', 'user_icon.png', 'xnZrpVdjgfc', 'slillyman5b@cam.ac.uk', '6019833977', NULL, '2022-06-11 15:37:41', '2022-06-11 15:37:48'),
(195, 'Nancey Bonehill', 'user_icon.png', '9W7RXItGHx', 'nbonehill5c@who.int', '3803378939', NULL, '2022-06-11 15:37:41', '2022-06-11 15:37:48'),
(196, 'Zea Bande', 'user_icon.png', 'RLhEf64dcF', 'zbande5d@purevolume.com', '6269312897', NULL, '2022-06-11 15:37:41', '2022-06-11 15:37:48'),
(197, 'Regen Wannell', 'user_icon.png', 'iQA7dP', 'rwannell5e@ucsd.edu', '7355373323', NULL, '2022-06-11 15:37:41', '2022-06-11 15:37:48'),
(198, 'Hasheem Dolligon', 'user_icon.png', 'igyzbwfwEp', 'hdolligon5f@nih.gov', '9597366741', NULL, '2022-06-11 15:37:41', '2022-06-11 15:37:48'),
(199, 'Raphael Bourton', 'user_icon.png', 'dRzCfLc', 'rbourton5g@cocolog-nifty.com', '7544515807', NULL, '2022-06-11 15:37:41', '2022-06-11 15:37:48'),
(200, 'Winthrop Mustoo', 'user_icon.png', 'fLfjWQTAvnT', 'wmustoo5h@zimbio.com', '5958214791', NULL, '2022-06-11 15:37:41', '2022-06-11 15:37:48'),
(201, 'Delmor Kingscote', 'user_icon.png', 'VboInrL5', 'dkingscote5i@odnoklassniki.ru', '6269549226', NULL, '2022-06-11 15:37:41', '2022-06-11 15:37:48'),
(202, 'Mamie McCambrois', 'user_icon.png', 'fa8OaLhd', 'mmccambrois5j@technorati.com', '8545187631', NULL, '2022-06-11 15:37:41', '2022-06-11 15:37:48'),
(203, 'Stillman Dunton', 'user_icon.png', 'UPglhLF3k', 'sdunton5k@dell.com', '7228925104', NULL, '2022-06-11 15:37:41', '2022-06-11 15:37:48'),
(204, 'Holly Dentith', 'user_icon.png', '5jaVRajtK', 'hdentith5l@webs.com', '8067756529', NULL, '2022-06-11 15:37:41', '2022-06-11 15:37:48'),
(205, 'Mort Whitlaw', 'user_icon.png', '6LnCgOGOW', 'mwhitlaw5m@technorati.com', '9705873242', NULL, '2022-06-11 15:37:41', '2022-06-11 15:37:48'),
(206, 'Randi Beaten', 'user_icon.png', 'kflSH7veOGO0', 'rbeaten5n@canalblog.com', '5785114506', NULL, '2022-06-11 15:37:41', '2022-06-11 15:37:48'),
(207, 'Barnabas Ropking', 'user_icon.png', 'aJndMx1', 'bropking5o@nhs.uk', '9096607960', NULL, '2022-06-11 15:37:41', '2022-06-11 15:37:48'),
(208, 'Uriah Filippozzi', 'user_icon.png', 'nebUpiazU', 'ufilippozzi5p@slate.com', '2025448078', NULL, '2022-06-11 15:37:41', '2022-06-11 15:37:48'),
(209, 'Andie Mowsdell', 'user_icon.png', 'jjIX1HcIJM', 'amowsdell5q@walmart.com', '6341509523', NULL, '2022-06-11 15:37:41', '2022-06-11 15:37:48'),
(210, 'Batsheva Siegertsz', 'user_icon.png', 'okLnox', 'bsiegertsz5r@si.edu', '3834982227', NULL, '2022-06-11 15:37:41', '2022-06-11 15:37:48'),
(211, 'Nowell Collingridge', 'user_icon.png', 'JTkhWlDEH', 'ncollingridge5s@ycombinator.com', '8826945184', NULL, '2022-06-11 15:37:41', '2022-06-11 15:37:48'),
(212, 'Minna Sebyer', 'user_icon.png', '4AYjlynmVcm', 'msebyer5t@samsung.com', '8155088240', NULL, '2022-06-11 15:37:41', '2022-06-11 15:37:48'),
(213, 'Juanita Quaintance', 'user_icon.png', 'Hv82Dqg2W00Z', 'jquaintance5u@plala.or.jp', '4929530786', NULL, '2022-06-11 15:37:41', '2022-06-11 15:37:48'),
(214, 'Amye Pauley', 'user_icon.png', 'TcahskCv', 'apauley5v@pagesperso-orange.fr', '5101227690', NULL, '2022-06-11 15:37:41', '2022-06-11 15:37:48'),
(215, 'Teddy Fernyhough', 'user_icon.png', 'cfrRkkgei', 'tfernyhough5w@theatlantic.com', '6572915104', NULL, '2022-06-11 15:37:41', '2022-06-11 15:37:48'),
(216, 'Madeleine Lazarus', 'user_icon.png', 'LwUbkDYphVls', 'mlazarus5x@paginegialle.it', '4202807859', NULL, '2022-06-11 15:37:41', '2022-06-11 15:37:48'),
(217, 'Gerard Bertwistle', 'user_icon.png', 'dOdAx259b1', 'gbertwistle5y@baidu.com', '5912154425', NULL, '2022-06-11 15:37:41', '2022-06-11 15:37:48'),
(218, 'Zachery Bilovus', 'user_icon.png', 'zr0swRYyG', 'zbilovus5z@stumbleupon.com', '8168542317', NULL, '2022-06-11 15:37:41', '2022-06-11 15:37:48'),
(219, 'Brent Musico', 'user_icon.png', 'hPiGBoW1', 'bmusico60@reuters.com', '6357864640', NULL, '2022-06-11 15:37:41', '2022-06-11 15:37:48'),
(220, 'Nicoline Bartak', 'user_icon.png', 'AtfmLv7kBLj', 'nbartak61@yale.edu', '8852299386', NULL, '2022-06-11 15:37:41', '2022-06-11 15:37:48'),
(221, 'Doloritas Fynn', 'user_icon.png', 'E54VpguLR', 'dfynn62@businessweek.com', '9695403853', NULL, '2022-06-11 15:37:41', '2022-06-11 15:37:48'),
(222, 'Corny Queyeiro', 'user_icon.png', '7mTbvqCn', 'cqueyeiro63@feedburner.com', '8646789320', NULL, '2022-06-11 15:37:41', '2022-06-11 15:37:48'),
(223, 'Mersey Jurewicz', 'user_icon.png', '3Akv6D7iK', 'mjurewicz64@goo.gl', '2726708041', NULL, '2022-06-11 15:37:41', '2022-06-11 15:37:48'),
(224, 'Peyter Di Gregorio', 'user_icon.png', 'GXLi8vEB', 'pdi65@xrea.com', '2602407151', NULL, '2022-06-11 15:37:41', '2022-06-11 15:37:48'),
(225, 'Stevie Blower', 'user_icon.png', '67vgHeVfb', 'sblower66@boston.com', '7803173509', NULL, '2022-06-11 15:37:41', '2022-06-11 15:37:48'),
(226, 'Farlee Gilley', 'user_icon.png', 'GmO9fILXO', 'fgilley67@cyberchimps.com', '7583155401', NULL, '2022-06-11 15:37:41', '2022-06-11 15:37:48'),
(227, 'Pollyanna Piken', 'user_icon.png', 'iVWQWoWm', 'ppiken68@123-reg.co.uk', '9551721914', NULL, '2022-06-11 15:37:41', '2022-06-11 15:37:48'),
(228, 'Carlie Orcas', 'user_icon.png', 'ikUw813XS', 'corcas69@networkadvertising.org', '2413026190', NULL, '2022-06-11 15:37:41', '2022-06-11 15:37:48'),
(229, 'Flem Pothecary', 'user_icon.png', 'Jyp2wObv', 'fpothecary6a@engadget.com', '6894783732', NULL, '2022-06-11 15:37:41', '2022-06-11 15:37:48'),
(230, 'Gael Dolphin', 'user_icon.png', 'iWRLrUZG13w', 'gdolphin6b@clickbank.net', '9634533004', NULL, '2022-06-11 15:37:41', '2022-06-11 15:37:48'),
(231, 'Terra Hammatt', 'user_icon.png', '1END8n', 'thammatt6c@ycombinator.com', '2803028437', NULL, '2022-06-11 15:37:41', '2022-06-11 15:37:48'),
(232, 'Kaila Josef', 'user_icon.png', 'XYHmM54AFg', 'kjosef6d@mediafire.com', '5629013329', NULL, '2022-06-11 15:37:41', '2022-06-11 15:37:48'),
(233, 'Karlis Vittery', 'user_icon.png', 'NPHFiHHXcI', 'kvittery6e@sohu.com', '5245274766', NULL, '2022-06-11 15:37:41', '2022-06-11 15:37:48'),
(234, 'Jeanelle Yurov', 'user_icon.png', '0oJSOl03', 'jyurov6f@istockphoto.com', '6443074190', NULL, '2022-06-11 15:37:41', '2022-06-11 15:37:48'),
(235, 'Ayn Doggart', 'user_icon.png', 'l9FJCsGXJ', 'adoggart6g@ebay.co.uk', '3561407281', NULL, '2022-06-11 15:37:41', '2022-06-11 15:37:48'),
(236, 'Kania Votier', 'user_icon.png', 'PQuv7mh4Niv', 'kvotier6h@clickbank.net', '7994836053', NULL, '2022-06-11 15:37:41', '2022-06-11 15:37:48'),
(237, 'Josephine Ebenezer', 'user_icon.png', '65nlnFQpHvE', 'jebenezer6i@tripod.com', '3226073585', NULL, '2022-06-11 15:37:41', '2022-06-11 15:37:48'),
(238, 'Rick Folling', 'user_icon.png', 'GAuCpOCw0fb', 'rfolling6j@wordpress.com', '8493100330', NULL, '2022-06-11 15:37:41', '2022-06-11 15:37:48'),
(239, 'Brandon Leile', 'user_icon.png', '5bOWvnD', 'bleile6k@seesaa.net', '2223582992', NULL, '2022-06-11 15:37:41', '2022-06-11 15:37:48'),
(240, 'Juana Brenstuhl', 'user_icon.png', 'gXz955', 'jbrenstuhl6l@trellian.com', '3415143600', NULL, '2022-06-11 15:37:41', '2022-06-11 15:37:48'),
(241, 'Griffie Limbrick', 'user_icon.png', 'LyMaUCY1', 'glimbrick6m@wiley.com', '5105191301', NULL, '2022-06-11 15:37:41', '2022-06-11 15:37:48'),
(242, 'Gustav Spinetti', 'user_icon.png', 'XIjD1shs', 'gspinetti6n@sina.com.cn', '2028808221', NULL, '2022-06-11 15:37:41', '2022-06-11 15:37:48'),
(243, 'Rory Van der Kruijs', 'user_icon.png', '5EtaZqqDubp', 'rvan6o@google.com', '2125759146', NULL, '2022-06-11 15:37:41', '2022-06-11 15:37:48'),
(244, 'Jerald Chisholm', 'user_icon.png', 'r2riZUbW', 'jchisholm6p@telegraph.co.uk', '3145911118', NULL, '2022-06-11 15:37:41', '2022-06-11 15:37:48'),
(245, 'Dory Samber', 'user_icon.png', 'QKN1qj', 'dsamber6q@cbslocal.com', '6001903758', NULL, '2022-06-11 15:37:41', '2022-06-11 15:37:48'),
(246, 'Barron Rickards', 'user_icon.png', 'WSu4TsxxHVc', 'brickards6r@phpbb.com', '3321388926', NULL, '2022-06-11 15:37:41', '2022-06-11 15:37:48'),
(247, 'Roslyn Grand', 'user_icon.png', 'MGHLR0pMvu', 'rgrand6s@redcross.org', '3097283794', NULL, '2022-06-11 15:37:41', '2022-06-11 15:37:48'),
(248, 'Jeanette Buckles', 'user_icon.png', 'anzzKCka0cG', 'jbuckles6t@yale.edu', '6874950815', NULL, '2022-06-11 15:37:41', '2022-06-11 15:37:48'),
(249, 'Jose Elstow', 'user_icon.png', 'sdh2t1', 'jelstow6u@nba.com', '8718451514', NULL, '2022-06-11 15:37:41', '2022-06-11 15:37:48'),
(250, 'Liane Nutley', 'user_icon.png', 'auJTidN', 'lnutley6v@youtube.com', '5094900766', NULL, '2022-06-11 15:37:41', '2022-06-11 15:37:48'),
(251, 'Willi Corradengo', 'user_icon.png', 'xygmB0', 'wcorradengo6w@home.pl', '2067225340', NULL, '2022-06-11 15:37:41', '2022-06-11 15:37:48'),
(252, 'Ricki Geaves', 'user_icon.png', 'Ge0OJ6cr3', 'rgeaves6x@mail.ru', '9435921814', NULL, '2022-06-11 15:37:41', '2022-06-11 15:37:48'),
(253, 'Hammad Teml', 'user_icon.png', 'nrkxs4YOg6dN', 'hteml6y@networkadvertising.org', '7503799232', NULL, '2022-06-11 15:37:41', '2022-06-11 15:37:48'),
(254, 'Jerrold Rogerot', 'user_icon.png', 'wlp331cazv', 'jrogerot6z@netvibes.com', '5691668757', NULL, '2022-06-11 15:37:41', '2022-06-11 15:37:48'),
(255, 'Shaylynn McGruar', 'user_icon.png', 'gfvgwF5zZw', 'smcgruar70@imgur.com', '3534872262', NULL, '2022-06-11 15:37:41', '2022-06-11 15:37:48'),
(256, 'Prince McIntosh', 'user_icon.png', 'ymlcex7m', 'pmcintosh71@ebay.com', '5043547724', NULL, '2022-06-11 15:37:41', '2022-06-11 15:37:48'),
(257, 'Ted Burchfield', 'user_icon.png', 'NFZaSXeZU1C', 'tburchfield72@amazon.co.jp', '9175788341', NULL, '2022-06-11 15:37:41', '2022-06-11 15:37:48'),
(258, 'Maxy Jopp', 'user_icon.png', 'UNQsDzVT', 'mjopp73@berkeley.edu', '1422912945', NULL, '2022-06-11 15:37:41', '2022-06-11 15:37:48'),
(259, 'Cointon Hunter', 'user_icon.png', 'kGUIlaMuoId', 'chunter74@topsy.com', '8395694041', NULL, '2022-06-11 15:37:41', '2022-06-11 15:37:48'),
(260, 'Fernande Forsard', 'user_icon.png', 'HyFBtQGMbq', 'fforsard75@wunderground.com', '7351420360', NULL, '2022-06-11 15:37:41', '2022-06-11 15:37:48'),
(261, 'Baldwin Wyeld', 'user_icon.png', 'DlGrtWtrUAaC', 'bwyeld76@ca.gov', '4246895196', NULL, '2022-06-11 15:37:41', '2022-06-11 15:37:48'),
(262, 'Corette Sandal', 'user_icon.png', '6Wkm1fpIUFk', 'csandal77@scribd.com', '5092524991', NULL, '2022-06-11 15:37:41', '2022-06-11 15:37:48'),
(263, 'Felecia Maude', 'user_icon.png', 'lmAAyPRs', 'fmaude78@disqus.com', '8298031295', NULL, '2022-06-11 15:37:41', '2022-06-11 15:37:48'),
(264, 'Lemmie Pearde', 'user_icon.png', 'P80LSwe', 'lpearde79@state.tx.us', '8113240942', NULL, '2022-06-11 15:37:41', '2022-06-11 15:37:48'),
(265, 'Lenard Lorman', 'user_icon.png', '2zM5ROjhbY', 'llorman7a@mapquest.com', '9723780642', NULL, '2022-06-11 15:37:41', '2022-06-11 15:37:48'),
(266, 'Annamarie Sheer', 'user_icon.png', 'wTPkGGP5LC', 'asheer7b@reddit.com', '4422414928', NULL, '2022-06-11 15:37:41', '2022-06-11 15:37:48'),
(267, 'Constance Barsam', 'user_icon.png', 'qSTfGH', 'cbarsam7c@ustream.tv', '9306664709', NULL, '2022-06-11 15:37:41', '2022-06-11 15:37:48'),
(268, 'Ada Adamoli', 'user_icon.png', 'RjcP23USC', 'aadamoli7d@weibo.com', '4345408414', NULL, '2022-06-11 15:37:41', '2022-06-11 15:37:48'),
(269, 'Dur McKitterick', 'user_icon.png', '2VFVBKc', 'dmckitterick7e@joomla.org', '3769379930', NULL, '2022-06-11 15:37:41', '2022-06-11 15:37:48'),
(270, 'Yorker Kinworthy', 'user_icon.png', 'NWTBLqx', 'ykinworthy7f@artisteer.com', '1203070129', NULL, '2022-06-11 15:37:41', '2022-06-11 15:37:48'),
(271, 'Hedwiga Laviss', 'user_icon.png', 'Tshrd39', 'hlaviss7g@youku.com', '2534910944', NULL, '2022-06-11 15:37:41', '2022-06-11 15:37:48'),
(272, 'Angy Woods', 'user_icon.png', 'rALta1UJk', 'awoods7h@psu.edu', '8167640471', NULL, '2022-06-11 15:37:41', '2022-06-11 15:37:48'),
(273, 'Godfry Sherwin', 'user_icon.png', 'C5navOk', 'gsherwin7i@wordpress.com', '5624789817', NULL, '2022-06-11 15:37:41', '2022-06-11 15:37:48'),
(274, 'Ambrosio Caldecutt', 'user_icon.png', 'nU8s9SdZy', 'acaldecutt7j@nsw.gov.au', '9318574391', NULL, '2022-06-11 15:37:41', '2022-06-11 15:37:48'),
(275, 'Edie Robelin', 'user_icon.png', '2gD8F4', 'erobelin7k@rakuten.co.jp', '5252308996', NULL, '2022-06-11 15:37:41', '2022-06-11 15:37:48'),
(276, 'Feliza Ferdinand', 'user_icon.png', 'hoZdk0', 'fferdinand7l@ycombinator.com', '5655469123', NULL, '2022-06-11 15:37:41', '2022-06-11 15:37:48'),
(277, 'Frankie Castanone', 'user_icon.png', 'Jr7iIY4P', 'fcastanone7m@multiply.com', '9132693454', NULL, '2022-06-11 15:37:41', '2022-06-11 15:37:48'),
(278, 'Priscella Skouling', 'user_icon.png', 'pcZ9n0W2', 'pskouling7n@goodreads.com', '3715519384', NULL, '2022-06-11 15:37:41', '2022-06-11 15:37:48'),
(279, 'Jolene Aleksandrikin', 'user_icon.png', 'r42AWXoMi7P', 'jaleksandrikin7o@t.co', '1979064204', NULL, '2022-06-11 15:37:41', '2022-06-11 15:37:48'),
(280, 'Seana Broxton', 'user_icon.png', 'T8wp8HG0', 'sbroxton7p@fastcompany.com', '7618091365', NULL, '2022-06-11 15:37:41', '2022-06-11 15:37:48'),
(281, 'Joni Coolahan', 'user_icon.png', '7341NQWuAA', 'jcoolahan7q@blogger.com', '2853274414', NULL, '2022-06-11 15:37:41', '2022-06-11 15:37:48'),
(282, 'Gannon Castane', 'user_icon.png', 'Rioj14iAus71', 'gcastane7r@weibo.com', '5949727598', NULL, '2022-06-11 15:37:41', '2022-06-11 15:37:48'),
(283, 'Giffie Roke', 'user_icon.png', 'ym6qGZAFpAh', 'groke7s@geocities.com', '3174637964', NULL, '2022-06-11 15:37:41', '2022-06-11 15:37:48'),
(284, 'Angelika Santarelli', 'user_icon.png', '8nJludLx', 'asantarelli7t@lulu.com', '4629235429', NULL, '2022-06-11 15:37:41', '2022-06-11 15:37:48'),
(285, 'Mariette Dymocke', 'user_icon.png', 'LGImr2cisA', 'mdymocke7u@sun.com', '7798041843', NULL, '2022-06-11 15:37:41', '2022-06-11 15:37:48'),
(286, 'Marketa Elwyn', 'user_icon.png', 'AESgfwHjsUD', 'melwyn7v@yahoo.com', '4268047244', NULL, '2022-06-11 15:37:41', '2022-06-11 15:37:48'),
(287, 'Anabella Sammes', 'user_icon.png', 'ShIiBskmp3', 'asammes7w@jalbum.net', '9819860138', NULL, '2022-06-11 15:37:41', '2022-06-11 15:37:48'),
(288, 'Vince Yoxall', 'user_icon.png', 'jSbdkq7', 'vyoxall7x@de.vu', '6235002337', NULL, '2022-06-11 15:37:41', '2022-06-11 15:37:48'),
(289, 'Blane Kivell', 'user_icon.png', 'LOWVkvXPZwnS', 'bkivell7y@opera.com', '2087513003', NULL, '2022-06-11 15:37:41', '2022-06-11 15:37:48'),
(290, 'Shae Slimm', 'user_icon.png', '1gMYa7WP1Z3', 'sslimm7z@ibm.com', '1677642569', NULL, '2022-06-11 15:37:41', '2022-06-11 15:37:48'),
(291, 'Irene Urwen', 'user_icon.png', 'k1aoXSg', 'iurwen80@g.co', '8158295670', NULL, '2022-06-11 15:37:41', '2022-06-11 15:37:48'),
(292, 'Neville Cregeen', 'user_icon.png', 'ybIEqPIFwR8', 'ncregeen81@about.me', '4301411977', NULL, '2022-06-11 15:37:41', '2022-06-11 15:37:48'),
(293, 'Brina Oganian', 'user_icon.png', '03tpbTTGjT', 'boganian82@privacy.gov.au', '9314884802', NULL, '2022-06-11 15:37:41', '2022-06-11 15:37:48'),
(294, 'Nick Blaksland', 'user_icon.png', 'LjobvMG', 'nblaksland83@economist.com', '3502773374', NULL, '2022-06-11 15:37:41', '2022-06-11 15:37:48'),
(295, 'Genna Plues', 'user_icon.png', 'BiNEbjMZr', 'gplues84@netlog.com', '6342607903', NULL, '2022-06-11 15:37:41', '2022-06-11 15:37:48'),
(296, 'Noelani Brake', 'user_icon.png', 'P7Bq1jCYW', 'nbrake85@usnews.com', '3305286173', NULL, '2022-06-11 15:37:41', '2022-06-11 15:37:48'),
(297, 'Lilias De Ruggero', 'user_icon.png', '3H3OOpaf3J', 'lde86@sciencedaily.com', '8957425288', NULL, '2022-06-11 15:37:41', '2022-06-11 15:37:48'),
(298, 'Kristos Rama', 'user_icon.png', 'qw0gSm', 'krama87@rambler.ru', '4517001782', NULL, '2022-06-11 15:37:41', '2022-06-11 15:37:48'),
(299, 'Edee Haysham', 'user_icon.png', 'ua5qyu', 'ehaysham88@privacy.gov.au', '5955640588', NULL, '2022-06-11 15:37:41', '2022-06-11 15:37:48'),
(300, 'Frederick Gaven', 'user_icon.png', 'Y3MLJC3NxqL', 'fgaven89@hhs.gov', '8858489353', NULL, '2022-06-11 15:37:41', '2022-06-11 15:37:48'),
(301, 'Meyer Stennings', 'user_icon.png', 'KL2RhuJj', 'mstennings8a@wufoo.com', '5791113346', NULL, '2022-06-11 15:37:41', '2022-06-11 15:37:48'),
(302, 'Antonin Efford', 'user_icon.png', 'SDhSzRY4dE', 'aefford8b@house.gov', '5143720866', NULL, '2022-06-11 15:37:41', '2022-06-11 15:37:48'),
(303, 'Xavier Levane', 'user_icon.png', '7gMsvpcGVza', 'xlevane8c@addthis.com', '9262746955', NULL, '2022-06-11 15:37:41', '2022-06-11 15:37:48'),
(304, 'Fiann Son', 'user_icon.png', '3itqTWmS4C', 'fson8d@list-manage.com', '7983367652', NULL, '2022-06-11 15:37:41', '2022-06-11 15:37:48'),
(305, 'Reinald Philpault', 'user_icon.png', '4kXCxhUKD', 'rphilpault8e@google.pl', '1523734670', NULL, '2022-06-11 15:37:41', '2022-06-11 15:37:48'),
(306, 'Nicole Mapples', 'user_icon.png', 'Ui8D7ddPWdFV', 'nmapples8f@noaa.gov', '6255698078', NULL, '2022-06-11 15:37:41', '2022-06-11 15:37:48'),
(307, 'Gerhardine Fortesquieu', 'user_icon.png', 'uDt0rC4nr2', 'gfortesquieu8g@vk.com', '5645194603', NULL, '2022-06-11 15:37:41', '2022-06-11 15:37:48'),
(308, 'Ruttger Gwyer', 'user_icon.png', '66XMUQw8af', 'rgwyer8h@feedburner.com', '2082213394', NULL, '2022-06-11 15:37:41', '2022-06-11 15:37:48'),
(309, 'Tynan Elmhirst', 'user_icon.png', '7P80B1zH5Zc', 'telmhirst8i@w3.org', '7116640074', NULL, '2022-06-11 15:37:41', '2022-06-11 15:37:48'),
(310, 'Suellen Ribey', 'user_icon.png', 'qlu9BcUvUM1z', 'sribey8j@japanpost.jp', '4171521065', NULL, '2022-06-11 15:37:41', '2022-06-11 15:37:48'),
(311, 'Kacy Groven', 'user_icon.png', 'UsyjxmMajVKe', 'kgroven8k@alexa.com', '9511761039', NULL, '2022-06-11 15:37:41', '2022-06-11 15:37:48'),
(312, 'Garreth Beevis', 'user_icon.png', 'sbFxOiSIWVu', 'gbeevis8l@163.com', '9679956144', NULL, '2022-06-11 15:37:41', '2022-06-11 15:37:48'),
(313, 'Phaedra Flower', 'user_icon.png', 'YpJQVUe', 'pflower8m@nytimes.com', '9871989608', NULL, '2022-06-11 15:37:41', '2022-06-11 15:37:48'),
(314, 'Jordain Niaves', 'user_icon.png', 'di3fy6', 'jniaves8n@booking.com', '7291467608', NULL, '2022-06-11 15:37:41', '2022-06-11 15:37:48'),
(315, 'Callida Canavan', 'user_icon.png', '8o7Gf8ylu', 'ccanavan8o@cnbc.com', '2741894895', NULL, '2022-06-11 15:37:41', '2022-06-11 15:37:48'),
(316, 'Tomasine Satteford', 'user_icon.png', 'YUGd0W2gCq', 'tsatteford8p@dailymail.co.uk', '8925209788', NULL, '2022-06-11 15:37:41', '2022-06-11 15:37:48'),
(317, 'Jacquette Melmore', 'user_icon.png', '3MaersXj', 'jmelmore8q@mozilla.com', '6581796526', NULL, '2022-06-11 15:37:41', '2022-06-11 15:37:48'),
(318, 'Adams Axelby', 'user_icon.png', 'A6WxfTkDLQG', 'aaxelby8r@surveymonkey.com', '5923352713', NULL, '2022-06-11 15:37:41', '2022-06-11 15:37:48'),
(319, 'Nancy Fairbanks', 'user_icon.png', 'dIhJiW', 'nfairbanks8s@theatlantic.com', '1372639869', NULL, '2022-06-11 15:37:41', '2022-06-11 15:37:48'),
(320, 'Yetty Casswell', 'user_icon.png', 'WsRFfMpO', 'ycasswell8t@desdev.cn', '6649031237', NULL, '2022-06-11 15:37:41', '2022-06-11 15:37:48'),
(321, 'Viki Dagless', 'user_icon.png', 'Hos9QMf', 'vdagless8u@facebook.com', '3421947264', NULL, '2022-06-11 15:37:41', '2022-06-11 15:37:48'),
(322, 'Drake Airdrie', 'user_icon.png', 'cPQ8SCatXH', 'dairdrie8v@kickstarter.com', '8939165929', NULL, '2022-06-11 15:37:41', '2022-06-11 15:37:48'),
(323, 'Ancell Plesing', 'user_icon.png', '2c9SVJRZ', 'aplesing8w@csmonitor.com', '8619795217', NULL, '2022-06-11 15:37:41', '2022-06-11 15:37:48'),
(324, 'Brocky Fernley', 'user_icon.png', 'L54lV4F441ms', 'bfernley8x@youtu.be', '1693412074', NULL, '2022-06-11 15:37:41', '2022-06-11 15:37:48'),
(325, 'Marla Semrad', 'user_icon.png', 'AtaL9669WJ', 'msemrad8y@yandex.ru', '2349560852', NULL, '2022-06-11 15:37:41', '2022-06-11 15:37:48'),
(326, 'Sela Clopton', 'user_icon.png', 'XJTgNLmkxpT', 'sclopton8z@sakura.ne.jp', '1213443178', NULL, '2022-06-11 15:37:41', '2022-06-11 15:37:48'),
(327, 'Arlin Challinor', 'user_icon.png', 'QCjzzk', 'achallinor90@artisteer.com', '8219325451', NULL, '2022-06-11 15:37:41', '2022-06-11 15:37:48'),
(328, 'Michaelina Speers', 'user_icon.png', 'q3Mql2voZbe', 'mspeers91@slashdot.org', '8922147118', NULL, '2022-06-11 15:37:41', '2022-06-11 15:37:48'),
(329, 'Zulema Marsay', 'user_icon.png', '8vlPk7kiu', 'zmarsay92@squidoo.com', '3936822342', NULL, '2022-06-11 15:37:41', '2022-06-11 15:37:48'),
(330, 'Lesley Woodland', 'user_icon.png', 'yo2cStGy', 'lwoodland93@newsvine.com', '2894698063', NULL, '2022-06-11 15:37:41', '2022-06-11 15:37:48'),
(331, 'Roley Golde', 'user_icon.png', 'gibk0VfLp', 'rgolde94@sohu.com', '4474035421', NULL, '2022-06-11 15:37:41', '2022-06-11 15:37:48'),
(332, 'Carling Gurden', 'user_icon.png', 'yDEfbVyQ87Ue', 'cgurden95@google.co.jp', '1505319955', NULL, '2022-06-11 15:37:41', '2022-06-11 15:37:48'),
(333, 'Erin Pauli', 'user_icon.png', 'N3ZICxgN', 'epauli96@blogger.com', '4328906279', NULL, '2022-06-11 15:37:41', '2022-06-11 15:37:48'),
(334, 'Lief Borel', 'user_icon.png', 'nEKCfYA', 'lborel97@dedecms.com', '3689288888', NULL, '2022-06-11 15:37:41', '2022-06-11 15:37:48'),
(335, 'Walt Leipold', 'user_icon.png', 'jEaGBKDAj2', 'wleipold98@quantcast.com', '2461839412', NULL, '2022-06-11 15:37:41', '2022-06-11 15:37:48'),
(336, 'Alyssa Glowacki', 'user_icon.png', 'Qr9Csr', 'aglowacki99@sourceforge.net', '3862635647', NULL, '2022-06-11 15:37:41', '2022-06-11 15:37:48'),
(337, 'Lanie Scotsbrook', 'user_icon.png', 'GlH5QoVbt', 'lscotsbrook9a@vistaprint.com', '8001740200', NULL, '2022-06-11 15:37:41', '2022-06-11 15:37:48'),
(338, 'Beaufort Tocknell', 'user_icon.png', 'OFd8MI', 'btocknell9b@goo.gl', '1807512075', NULL, '2022-06-11 15:37:41', '2022-06-11 15:37:48'),
(339, 'Regan Karp', 'user_icon.png', '0q3G9n', 'rkarp9c@netlog.com', '1509411159', NULL, '2022-06-11 15:37:41', '2022-06-11 15:37:48'),
(340, 'Prentice Wynett', 'user_icon.png', 'piNW0LkUR9U', 'pwynett9d@vinaora.com', '5759911138', NULL, '2022-06-11 15:37:41', '2022-06-11 15:37:48'),
(341, 'Theodosia Thexton', 'user_icon.png', 'N7vMIB5hzL', 'tthexton9e@gov.uk', '3532831439', NULL, '2022-06-11 15:37:41', '2022-06-11 15:37:48'),
(342, 'Holt Immer', 'user_icon.png', '97CTRFRtyh', 'himmer9f@washington.edu', '9425165705', NULL, '2022-06-11 15:37:41', '2022-06-11 15:37:48'),
(343, 'Shantee Pitcaithly', 'user_icon.png', 'lJXi98vPywH', 'spitcaithly9g@bbb.org', '1178862081', NULL, '2022-06-11 15:37:41', '2022-06-11 15:37:48');
INSERT INTO `tbl_customer` (`customer_id`, `customer_name`, `customer_img`, `customer_password`, `customer_email`, `customer_phone`, `customer_token`, `created_at`, `updated_at`) VALUES
(344, 'Vinny Berrey', 'user_icon.png', 'c0wgJjD1b', 'vberrey9h@trellian.com', '7132869973', NULL, '2022-06-11 15:37:41', '2022-06-11 15:37:48'),
(345, 'Giacobo Louca', 'user_icon.png', 'gjvR7lCt', 'glouca9i@eventbrite.com', '7735360529', NULL, '2022-06-11 15:37:41', '2022-06-11 15:37:48'),
(346, 'Devin Pickover', 'user_icon.png', 'hAwSb8myT', 'dpickover9j@1und1.de', '6319167859', NULL, '2022-06-11 15:37:41', '2022-06-11 15:37:48'),
(347, 'Arlina Peirone', 'user_icon.png', 'vP1sV6MS', 'apeirone9k@pagesperso-orange.fr', '5147675858', NULL, '2022-06-11 15:37:41', '2022-06-11 15:37:48'),
(348, 'Lamar Laval', 'user_icon.png', 'f9T3C5', 'llaval9l@answers.com', '5566094372', NULL, '2022-06-11 15:37:41', '2022-06-11 15:37:48'),
(349, 'Sergent Daybell', 'user_icon.png', 'SKVzymA9G', 'sdaybell9m@ycombinator.com', '7272627740', NULL, '2022-06-11 15:37:41', '2022-06-11 15:37:48'),
(350, 'Virgie Eisikowitz', 'user_icon.png', '2yF4a0301j', 'veisikowitz9n@google.de', '4074067472', NULL, '2022-06-11 15:37:41', '2022-06-11 15:37:48'),
(351, 'Berny Tire', 'user_icon.png', 'cSBAtOpfP', 'btire9o@google.cn', '3608309577', NULL, '2022-06-11 15:37:41', '2022-06-11 15:37:48'),
(352, 'Bernadine Wickey', 'user_icon.png', 'QZqWR1yoFdi', 'bwickey9p@thetimes.co.uk', '8757005071', NULL, '2022-06-11 15:37:41', '2022-06-11 15:37:48'),
(353, 'Parke Milkeham', 'user_icon.png', 'qybgapFyHv', 'pmilkeham9q@webnode.com', '8456997608', NULL, '2022-06-11 15:37:41', '2022-06-11 15:37:48'),
(354, 'Danika Billingsley', 'user_icon.png', 'H8aXw23URLO', 'dbillingsley9r@opera.com', '1081717473', NULL, '2022-06-11 15:37:41', '2022-06-11 15:37:48'),
(355, 'Melisenda D\'Ruel', 'user_icon.png', 'DPNEXF2z8JcX', 'mdruel9s@uol.com.br', '3412679445', NULL, '2022-06-11 15:37:41', '2022-06-11 15:37:48'),
(356, 'Clare Southall', 'user_icon.png', 'jlVN5Gz', 'csouthall9t@prweb.com', '3037684728', NULL, '2022-06-11 15:37:41', '2022-06-11 15:37:48'),
(357, 'Clywd Earwaker', 'user_icon.png', '46zOxw1TY', 'cearwaker9u@bbc.co.uk', '4731623548', NULL, '2022-06-11 15:37:41', '2022-06-11 15:37:48'),
(358, 'Sile Fawcitt', 'user_icon.png', 'aVEzvQUq', 'sfawcitt9v@indiatimes.com', '1704051920', NULL, '2022-06-11 15:37:41', '2022-06-11 15:37:48'),
(359, 'Archibaldo Machan', 'user_icon.png', 'Mj1chri', 'amachan9w@addtoany.com', '7824596176', NULL, '2022-06-11 15:37:41', '2022-06-11 15:37:48'),
(360, 'Kati Jenman', 'user_icon.png', 'IOXhUb3qY', 'kjenman9x@go.com', '2788267033', NULL, '2022-06-11 15:37:41', '2022-06-11 15:37:48'),
(361, 'Keri Woodings', 'user_icon.png', '5BjmwXwmy', 'kwoodings9y@digg.com', '2783382571', NULL, '2022-06-11 15:37:41', '2022-06-11 15:37:48'),
(362, 'Maxy Littlewood', 'user_icon.png', '3bbZ4O7ce2y', 'mlittlewood9z@tinyurl.com', '2428515724', NULL, '2022-06-11 15:37:41', '2022-06-11 15:37:48'),
(363, 'Mina Mityukov', 'user_icon.png', 'o2nqZYhXwly', 'mmityukova0@123-reg.co.uk', '5008880086', NULL, '2022-06-11 15:37:41', '2022-06-11 15:37:48'),
(364, 'Crissie Lodge', 'user_icon.png', 'Ql8okHTi', 'clodgea1@infoseek.co.jp', '7169431880', NULL, '2022-06-11 15:37:41', '2022-06-11 15:37:48'),
(365, 'Suzy Shackel', 'user_icon.png', '171vTkNh', 'sshackela2@altervista.org', '3873850687', NULL, '2022-06-11 15:37:41', '2022-06-11 15:37:48'),
(366, 'Bertha Ruckledge', 'user_icon.png', 'YcDTDnVl', 'bruckledgea3@marriott.com', '4242361525', NULL, '2022-06-11 15:37:41', '2022-06-11 15:37:48'),
(367, 'Alberta Kayser', 'user_icon.png', 'ZgHlzF2oa', 'akaysera4@stanford.edu', '2513836332', NULL, '2022-06-11 15:37:41', '2022-06-11 15:37:48'),
(368, 'Ciel Fairhurst', 'user_icon.png', 'FnCGYCiE', 'cfairhursta5@ted.com', '5571867843', NULL, '2022-06-11 15:37:41', '2022-06-11 15:37:48'),
(369, 'Giacomo Boeck', 'user_icon.png', '02cB1n66xSD', 'gboecka6@issuu.com', '5176761189', NULL, '2022-06-11 15:37:41', '2022-06-11 15:37:48'),
(370, 'Olivia Foulks', 'user_icon.png', 'ZLnPIcpz', 'ofoulksa7@live.com', '7664950838', NULL, '2022-06-11 15:37:41', '2022-06-11 15:37:48'),
(371, 'Tomlin Drysdell', 'user_icon.png', 'yqBGcn7', 'tdrysdella8@jiathis.com', '1347335384', NULL, '2022-06-11 15:37:41', '2022-06-11 15:37:48'),
(372, 'Ulric Bugdell', 'user_icon.png', 'IcpoDMx3', 'ubugdella9@technorati.com', '8724686197', NULL, '2022-06-11 15:37:41', '2022-06-11 15:37:48'),
(373, 'Lynette Tumility', 'user_icon.png', 'V8RS3lct', 'ltumilityaa@eventbrite.com', '3148527893', NULL, '2022-06-11 15:37:41', '2022-06-11 15:37:48'),
(374, 'Jammal Aldam', 'user_icon.png', 'UjowvpQYP2u', 'jaldamab@java.com', '4727752394', NULL, '2022-06-11 15:37:41', '2022-06-11 15:37:48'),
(375, 'Georgine Danihel', 'user_icon.png', 'YcU2oZ', 'gdanihelac@blogtalkradio.com', '5994294232', NULL, '2022-06-11 15:37:41', '2022-06-11 15:37:48'),
(376, 'Maddy Piotrkowski', 'user_icon.png', 't8eEi1', 'mpiotrkowskiad@yahoo.co.jp', '7721827739', NULL, '2022-06-11 15:37:41', '2022-06-11 15:37:48'),
(377, 'Sol Fulstow', 'user_icon.png', 'BbFNgPX1Hx', 'sfulstowae@princeton.edu', '6516761280', NULL, '2022-06-11 15:37:41', '2022-06-11 15:37:48'),
(378, 'Rafaela Fairholm', 'user_icon.png', '7xIi35uFnN', 'rfairholmaf@freewebs.com', '7599250174', NULL, '2022-06-11 15:37:41', '2022-06-11 15:37:48'),
(379, 'Kellia Danelutti', 'user_icon.png', 'Wwo5G7TC22', 'kdaneluttiag@kickstarter.com', '5716237907', NULL, '2022-06-11 15:37:41', '2022-06-11 15:37:48'),
(380, 'Farlay O\'Brogane', 'user_icon.png', 'fcvJ1do', 'fobroganeah@alibaba.com', '7819246459', NULL, '2022-06-11 15:37:41', '2022-06-11 15:37:48'),
(381, 'Krysta Coultous', 'user_icon.png', 'xXBkjvhzzF', 'kcoultousai@shop-pro.jp', '2064921346', NULL, '2022-06-11 15:37:41', '2022-06-11 15:37:48'),
(382, 'Siana Pointin', 'user_icon.png', 'rhniZT5dc', 'spointinaj@fc2.com', '4117941265', NULL, '2022-06-11 15:37:41', '2022-06-11 15:37:48'),
(383, 'Maryrose Merrill', 'user_icon.png', 'DFhZvOcz', 'mmerrillak@engadget.com', '5632584315', NULL, '2022-06-11 15:37:41', '2022-06-11 15:37:48'),
(384, 'La verne Ferrarello', 'user_icon.png', 'TLT4jQJm', 'lverneal@cnbc.com', '2429530293', NULL, '2022-06-11 15:37:41', '2022-06-11 15:37:48'),
(385, 'Deb Crayke', 'user_icon.png', 'iA6RhRJLlSPt', 'dcraykeam@dailymail.co.uk', '9988410290', NULL, '2022-06-11 15:37:41', '2022-06-11 15:37:48'),
(386, 'Harriott Bunson', 'user_icon.png', '3B6VAeGMhwzA', 'hbunsonan@cyberchimps.com', '3139196096', NULL, '2022-06-11 15:37:41', '2022-06-11 15:37:48'),
(387, 'Kip Taree', 'user_icon.png', 'ndFrBL38V', 'ktareeao@home.pl', '4153407821', NULL, '2022-06-11 15:37:41', '2022-06-11 15:37:48'),
(388, 'Ronnie Lomas', 'user_icon.png', 'XJ4RdSLiSuU1', 'rlomasap@meetup.com', '7143621296', NULL, '2022-06-11 15:37:41', '2022-06-11 15:37:48'),
(389, 'Rand Hansley', 'user_icon.png', 'evUd9REkiul', 'rhansleyaq@github.com', '5809487975', NULL, '2022-06-11 15:37:41', '2022-06-11 15:37:48'),
(390, 'Kelley Kilcoyne', 'user_icon.png', 'i25h9ZXhpFi', 'kkilcoynear@cornell.edu', '5468676128', NULL, '2022-06-11 15:37:41', '2022-06-11 15:37:48'),
(391, 'Jacquenette Bawcock', 'user_icon.png', 'aUXLBKy8fHP', 'jbawcockas@parallels.com', '4054891588', NULL, '2022-06-11 15:37:41', '2022-06-11 15:37:48'),
(392, 'Alric Tummons', 'user_icon.png', 'JoDk7eGvuvX', 'atummonsat@cnn.com', '3705481513', NULL, '2022-06-11 15:37:41', '2022-06-11 15:37:48'),
(393, 'Sallee Hallowes', 'user_icon.png', 'tFkQW6R', 'shallowesau@economist.com', '6627053180', NULL, '2022-06-11 15:37:41', '2022-06-11 15:37:48'),
(394, 'Lukas Cremins', 'user_icon.png', 'wv93KluXXa', 'lcreminsav@cbslocal.com', '8092727932', NULL, '2022-06-11 15:37:41', '2022-06-11 15:37:48'),
(395, 'Vaughan Rattrie', 'user_icon.png', 'F6gwTeSXOUs', 'vrattrieaw@ted.com', '9371801739', NULL, '2022-06-11 15:37:41', '2022-06-11 15:37:48'),
(396, 'Christos Thorbon', 'user_icon.png', 'twTCCrFUgb6a', 'cthorbonax@typepad.com', '9152661124', NULL, '2022-06-11 15:37:41', '2022-06-11 15:37:48'),
(397, 'Guinevere Weaving', 'user_icon.png', '66dD1KNWs', 'gweavingay@bravesites.com', '6601927554', NULL, '2022-06-11 15:37:41', '2022-06-11 15:37:48'),
(398, 'Kiersten Hogsden', 'user_icon.png', 'YhDffhPQm', 'khogsdenaz@imdb.com', '7759425141', NULL, '2022-06-11 15:37:41', '2022-06-11 15:37:48'),
(399, 'Davidde Jennick', 'user_icon.png', 'p6rUvjW', 'djennickb0@edublogs.org', '8186323820', NULL, '2022-06-11 15:37:41', '2022-06-11 15:37:48'),
(400, 'Letta Galland', 'user_icon.png', 'HL5uZL8', 'lgallandb1@who.int', '5166202740', NULL, '2022-06-11 15:37:41', '2022-06-11 15:37:48'),
(401, 'Perla Tyer', 'user_icon.png', '7xpEY6OotCEg', 'ptyerb2@aol.com', '4942936086', NULL, '2022-06-11 15:37:41', '2022-06-11 15:37:48'),
(402, 'Killy Wilcher', 'user_icon.png', 'tViQZFRyO', 'kwilcherb3@imageshack.us', '6749750008', NULL, '2022-06-11 15:37:41', '2022-06-11 15:37:48'),
(403, 'Obadias Tofanini', 'user_icon.png', 'BuVRTREO', 'otofaninib4@psu.edu', '2947561976', NULL, '2022-06-11 15:37:41', '2022-06-11 15:37:48'),
(404, 'Leigh Littlejohn', 'user_icon.png', 'JfzAWIl8', 'llittlejohnb5@webeden.co.uk', '8888167136', NULL, '2022-06-11 15:37:41', '2022-06-11 15:37:48'),
(405, 'Simon Casaroli', 'user_icon.png', 'bkfK9De', 'scasarolib6@domainmarket.com', '4365346530', NULL, '2022-06-11 15:37:41', '2022-06-11 15:37:48'),
(406, 'Kleon Fontanet', 'user_icon.png', 'HsI5nI5Zk', 'kfontanetb7@opera.com', '6678260237', NULL, '2022-06-11 15:37:41', '2022-06-11 15:37:48'),
(407, 'Lucio Foulsham', 'user_icon.png', 'YigNz8SMa', 'lfoulshamb8@miitbeian.gov.cn', '8828028881', NULL, '2022-06-11 15:37:41', '2022-06-11 15:37:48'),
(408, 'Ned Pepper', 'user_icon.png', 'wqNc6xwLHZ', 'npepperb9@springer.com', '5709153880', NULL, '2022-06-11 15:37:41', '2022-06-11 15:37:48'),
(409, 'Brande Cammoile', 'user_icon.png', '67Bfky3bhdae', 'bcammoileba@marketwatch.com', '3147316703', NULL, '2022-06-11 15:37:41', '2022-06-11 15:37:48'),
(410, 'Risa Illing', 'user_icon.png', 'HdB6tirxi3Gz', 'rillingbb@youtu.be', '8409062217', NULL, '2022-06-11 15:37:41', '2022-06-11 15:37:48'),
(411, 'Marv Hablot', 'user_icon.png', 'zW33yDroWm', 'mhablotbc@cnn.com', '5682469016', NULL, '2022-06-11 15:37:41', '2022-06-11 15:37:48'),
(412, 'Andriette Gansbuhler', 'user_icon.png', 'RDztTplUaq', 'agansbuhlerbd@t.co', '5665830766', NULL, '2022-06-11 15:37:41', '2022-06-11 15:37:48'),
(413, 'Milissent Caris', 'user_icon.png', '8rTzEWopI', 'mcarisbe@over-blog.com', '4168827878', NULL, '2022-06-11 15:37:41', '2022-06-11 15:37:48'),
(414, 'Lonnie Crutchfield', 'user_icon.png', '24HImciiSOW', 'lcrutchfieldbf@jimdo.com', '3025624138', NULL, '2022-06-11 15:37:41', '2022-06-11 15:37:48'),
(415, 'Haroun Beharrell', 'user_icon.png', '15HJBvkQmo', 'hbeharrellbg@mlb.com', '9989714259', NULL, '2022-06-11 15:37:41', '2022-06-11 15:37:48'),
(416, 'Brenden Sumbler', 'user_icon.png', '8a0UY8rGppg', 'bsumblerbh@discuz.net', '5902502534', NULL, '2022-06-11 15:37:41', '2022-06-11 15:37:48'),
(417, 'Thaddeus Suddick', 'user_icon.png', 'llnJlwz7KSM', 'tsuddickbi@wikimedia.org', '1061416555', NULL, '2022-06-11 15:37:41', '2022-06-11 15:37:48'),
(418, 'Shawna Haste', 'user_icon.png', 'RiKda4DlX', 'shastebj@wikimedia.org', '1961459998', NULL, '2022-06-11 15:37:41', '2022-06-11 15:37:48'),
(419, 'Karina Bullent', 'user_icon.png', 'px1MfFOGvXL', 'kbullentbk@istockphoto.com', '8147022791', NULL, '2022-06-11 15:37:41', '2022-06-11 15:37:48'),
(420, 'Felicity Rickcord', 'user_icon.png', '0wWDmwxAf', 'frickcordbl@rakuten.co.jp', '5198596611', NULL, '2022-06-11 15:37:41', '2022-06-11 15:37:48'),
(421, 'Anitra O\'Moylane', 'user_icon.png', 'XboLU05', 'aomoylanebm@mayoclinic.com', '3084959431', NULL, '2022-06-11 15:37:41', '2022-06-11 15:37:48'),
(422, 'Holly-anne Call', 'user_icon.png', 'svsiMtO1fd', 'hcallbn@cargocollective.com', '8645605672', NULL, '2022-06-11 15:37:41', '2022-06-11 15:37:48'),
(423, 'Franklyn Rampling', 'user_icon.png', 'rsA7S9Nk6e', 'framplingbo@miitbeian.gov.cn', '7479935058', NULL, '2022-06-11 15:37:41', '2022-06-11 15:37:48'),
(424, 'Hedvige Shemmin', 'user_icon.png', 'fpKc8BksgG', 'hshemminbp@ezinearticles.com', '4155487480', NULL, '2022-06-11 15:37:41', '2022-06-11 15:37:48'),
(425, 'Hunter Hartill', 'user_icon.png', 'cZZphcJgI3YU', 'hhartillbq@epa.gov', '3933518045', NULL, '2022-06-11 15:37:41', '2022-06-11 15:37:48'),
(426, 'Sindee Tackle', 'user_icon.png', 'ejKc0v', 'stacklebr@webs.com', '7442491203', NULL, '2022-06-11 15:37:41', '2022-06-11 15:37:48'),
(427, 'Jen Duckitt', 'user_icon.png', 'n3Gl9g0FPa', 'jduckittbs@chron.com', '6924290330', NULL, '2022-06-11 15:37:41', '2022-06-11 15:37:48'),
(428, 'Gwenette Pren', 'user_icon.png', 'IL1PeuSSdz', 'gprenbt@columbia.edu', '7789165278', NULL, '2022-06-11 15:37:41', '2022-06-11 15:37:48'),
(429, 'Nerita McCumesky', 'user_icon.png', 'YNYWX6', 'nmccumeskybu@google.com.au', '6272096602', NULL, '2022-06-11 15:37:41', '2022-06-11 15:37:48'),
(430, 'Hunter Jerger', 'user_icon.png', 'MQZ0V6Wdowu', 'hjergerbv@yellowbook.com', '8214944668', NULL, '2022-06-11 15:37:41', '2022-06-11 15:37:48'),
(431, 'Trish Dell Casa', 'user_icon.png', 'Leh7X2', 'tdellbw@webmd.com', '9202855070', NULL, '2022-06-11 15:37:41', '2022-06-11 15:37:48'),
(432, 'Tymon Poynser', 'user_icon.png', '9wnh6ZJLyUxh', 'tpoynserbx@netlog.com', '8846062322', NULL, '2022-06-11 15:37:41', '2022-06-11 15:37:48'),
(433, 'Dmitri Grose', 'user_icon.png', 'OMFApM', 'dgroseby@prweb.com', '7435797142', NULL, '2022-06-11 15:37:41', '2022-06-11 15:37:48'),
(434, 'Koren Abendroth', 'user_icon.png', 'LDeWWn', 'kabendrothbz@hc360.com', '7446494721', NULL, '2022-06-11 15:37:41', '2022-06-11 15:37:48'),
(435, 'Gabe Elmhirst', 'user_icon.png', '2n1Fi0prfE6', 'gelmhirstc0@deviantart.com', '7337722931', NULL, '2022-06-11 15:37:41', '2022-06-11 15:37:48'),
(436, 'Kaleena Topper', 'user_icon.png', 'Cx3kU04FsSZ', 'ktopperc1@facebook.com', '5859700018', NULL, '2022-06-11 15:37:41', '2022-06-11 15:37:48'),
(437, 'Evaleen Rapport', 'user_icon.png', 'jvSwpw8G', 'erapportc2@vimeo.com', '4332486040', NULL, '2022-06-11 15:37:41', '2022-06-11 15:37:48'),
(438, 'Mathias Aberdalgy', 'user_icon.png', 'aCXUKUj', 'maberdalgyc3@baidu.com', '5122430105', NULL, '2022-06-11 15:37:41', '2022-06-11 15:37:48'),
(439, 'Trudi Von Oertzen', 'user_icon.png', 'fOIfyeYB3Zd', 'tvonc4@360.cn', '1691500685', NULL, '2022-06-11 15:37:41', '2022-06-11 15:37:48'),
(440, 'Iago Salvatore', 'user_icon.png', 'Sqk1Xpp', 'isalvatorec5@umn.edu', '9406585666', NULL, '2022-06-11 15:37:41', '2022-06-11 15:37:48'),
(441, 'Aggy Braney', 'user_icon.png', 'gbquBH', 'abraneyc6@deliciousdays.com', '6373511663', NULL, '2022-06-11 15:37:41', '2022-06-11 15:37:48'),
(442, 'Netty Barraclough', 'user_icon.png', 'zCylEfMPzc0s', 'nbarracloughc7@tinypic.com', '7088346449', NULL, '2022-06-11 15:37:41', '2022-06-11 15:37:48'),
(443, 'Melly Sprott', 'user_icon.png', '8bCmAtHrFe7', 'msprottc8@addtoany.com', '2449873384', NULL, '2022-06-11 15:37:41', '2022-06-11 15:37:48'),
(444, 'Candis Boycott', 'user_icon.png', 'Za7YVRPjLR', 'cboycottc9@reuters.com', '2163492037', NULL, '2022-06-11 15:37:41', '2022-06-11 15:37:48'),
(445, 'Charin Wickens', 'user_icon.png', 'utKvTJ', 'cwickensca@springer.com', '5192099891', NULL, '2022-06-11 15:37:41', '2022-06-11 15:37:48'),
(446, 'Maybelle Febvre', 'user_icon.png', 'gUAS9QE6FM', 'mfebvrecb@lulu.com', '9569420005', NULL, '2022-06-11 15:37:41', '2022-06-11 15:37:48'),
(447, 'Chrissie Keefe', 'user_icon.png', 'Ro5l2Lece', 'ckeefecc@lycos.com', '5162773060', NULL, '2022-06-11 15:37:41', '2022-06-11 15:37:48'),
(448, 'Madelena Maus', 'user_icon.png', 'BDV7TRPBQ92q', 'mmauscd@xing.com', '9294081332', NULL, '2022-06-11 15:37:41', '2022-06-11 15:37:48'),
(449, 'Catha Tomes', 'user_icon.png', 'YlOiIRf8zjL', 'ctomesce@spotify.com', '3473374672', NULL, '2022-06-11 15:37:41', '2022-06-11 15:37:48'),
(450, 'Bernette Geraldi', 'user_icon.png', 'gCbbKfEvw', 'bgeraldicf@disqus.com', '5648048919', NULL, '2022-06-11 15:37:41', '2022-06-11 15:37:48'),
(451, 'Jose Eldred', 'user_icon.png', 'S3n3MMaZ9Uu', 'jeldredcg@virginia.edu', '8107006206', NULL, '2022-06-11 15:37:41', '2022-06-11 15:37:48'),
(452, 'Gaultiero Mayou', 'user_icon.png', '32NBfjo', 'gmayouch@mail.ru', '2486621276', NULL, '2022-06-11 15:37:41', '2022-06-11 15:37:48'),
(453, 'Coretta Vicent', 'user_icon.png', 'KvVVcQP3wLkG', 'cvicentci@shareasale.com', '6483355378', NULL, '2022-06-11 15:37:41', '2022-06-11 15:37:48'),
(454, 'Raffaello Kenan', 'user_icon.png', 'phK8E9', 'rkenancj@epa.gov', '1297649101', NULL, '2022-06-11 15:37:41', '2022-06-11 15:37:48'),
(455, 'Odella Archanbault', 'user_icon.png', 'E84u3uzhCY', 'oarchanbaultck@bandcamp.com', '4745334440', NULL, '2022-06-11 15:37:41', '2022-06-11 15:37:48'),
(456, 'Arnaldo Pettersen', 'user_icon.png', 'X4dCBmCv', 'apettersencl@wikia.com', '9538254706', NULL, '2022-06-11 15:37:41', '2022-06-11 15:37:48'),
(457, 'Obadiah Anwell', 'user_icon.png', 'SW4L7li7DBO', 'oanwellcm@freewebs.com', '5336171693', NULL, '2022-06-11 15:37:41', '2022-06-11 15:37:48'),
(458, 'Frederic Pechard', 'user_icon.png', 'L99OHS6p', 'fpechardcn@themeforest.net', '5148262464', NULL, '2022-06-11 15:37:41', '2022-06-11 15:37:48'),
(459, 'Janenna Gisburn', 'user_icon.png', 'cvGGwH', 'jgisburnco@omniture.com', '9671749865', NULL, '2022-06-11 15:37:41', '2022-06-11 15:37:48'),
(460, 'Broddy Domeny', 'user_icon.png', 'L2R9BqNxFctj', 'bdomenycp@cpanel.net', '9654550447', NULL, '2022-06-11 15:37:41', '2022-06-11 15:37:48'),
(461, 'Aldo Smallpeace', 'user_icon.png', 'R5EsckUco', 'asmallpeacecq@state.gov', '1207353678', NULL, '2022-06-11 15:37:41', '2022-06-11 15:37:48'),
(462, 'Ford O\' Molan', 'user_icon.png', '7hw25J60', 'focr@unc.edu', '7258258623', NULL, '2022-06-11 15:37:41', '2022-06-11 15:37:48'),
(463, 'Elane Friese', 'user_icon.png', 'QJJKtYq250iU', 'efriesecs@homestead.com', '2085592480', NULL, '2022-06-11 15:37:41', '2022-06-11 15:37:48'),
(464, 'Collete Kidsley', 'user_icon.png', 'jYpvMZFHj0j', 'ckidsleyct@fda.gov', '6812608723', NULL, '2022-06-11 15:37:41', '2022-06-11 15:37:48'),
(465, 'Blithe Camplejohn', 'user_icon.png', 'ZbB52FQwxOe', 'bcamplejohncu@examiner.com', '6638647179', NULL, '2022-06-11 15:37:41', '2022-06-11 15:37:48'),
(466, 'Iormina Weblin', 'user_icon.png', 'o11ZHRm7', 'iweblincv@rakuten.co.jp', '3115380387', NULL, '2022-06-11 15:37:41', '2022-06-11 15:37:48'),
(467, 'Corinne Trouel', 'user_icon.png', '5liYxID', 'ctrouelcw@nasa.gov', '7906687661', NULL, '2022-06-11 15:37:41', '2022-06-11 15:37:48'),
(468, 'Dianne Eskrigge', 'user_icon.png', 'XvWo816pD4Yn', 'deskriggecx@ustream.tv', '9349881363', NULL, '2022-06-11 15:37:41', '2022-06-11 15:37:48'),
(469, 'Johnathon Drinnan', 'user_icon.png', 'RcWZqh2SW0P', 'jdrinnancy@admin.ch', '1497699464', NULL, '2022-06-11 15:37:41', '2022-06-11 15:37:48'),
(470, 'Lezley Tomaini', 'user_icon.png', 'tvSJ6XS', 'ltomainicz@dailymail.co.uk', '3114590463', NULL, '2022-06-11 15:37:41', '2022-06-11 15:37:48'),
(471, 'Marris Tunney', 'user_icon.png', 'i90N37OS', 'mtunneyd0@ftc.gov', '6846485702', NULL, '2022-06-11 15:37:41', '2022-06-11 15:37:48'),
(472, 'Dill Brinkworth', 'user_icon.png', 'EiPG7XB', 'dbrinkworthd1@cmu.edu', '4203149876', NULL, '2022-06-11 15:37:41', '2022-06-11 15:37:48'),
(473, 'Bari Stouther', 'user_icon.png', 'Honiobuw', 'bstoutherd2@census.gov', '4709157142', NULL, '2022-06-11 15:37:41', '2022-06-11 15:37:48'),
(474, 'Charline Pender', 'user_icon.png', 'CZg5cFcF7', 'cpenderd3@hud.gov', '3722292753', NULL, '2022-06-11 15:37:41', '2022-06-11 15:37:48'),
(475, 'Lilias Breakspear', 'user_icon.png', '4pqrIMQZaB', 'lbreakspeard4@domainmarket.com', '6787579080', NULL, '2022-06-11 15:37:41', '2022-06-11 15:37:48'),
(476, 'Lorry Earlam', 'user_icon.png', 'r2UAasyA', 'learlamd5@shop-pro.jp', '7409054653', NULL, '2022-06-11 15:37:41', '2022-06-11 15:37:48'),
(477, 'Cally Spellsworth', 'user_icon.png', 'Knyk5z', 'cspellsworthd6@yandex.ru', '4911820638', NULL, '2022-06-11 15:37:41', '2022-06-11 15:37:48'),
(478, 'Frazer Brotherwood', 'user_icon.png', 'OKroaAlMqBIq', 'fbrotherwoodd7@ucoz.ru', '3406313298', NULL, '2022-06-11 15:37:41', '2022-06-11 15:37:48'),
(479, 'Elisa Dood', 'user_icon.png', 'RVnq0EfNq', 'edoodd8@prweb.com', '3041305246', NULL, '2022-06-11 15:37:41', '2022-06-11 15:37:48'),
(480, 'Alyson Petrolli', 'user_icon.png', 'J4tVZy', 'apetrollid9@reddit.com', '4476616917', NULL, '2022-06-11 15:37:41', '2022-06-11 15:37:48'),
(481, 'Rudiger Storkes', 'user_icon.png', 'wPauAR', 'rstorkesda@webmd.com', '6263161086', NULL, '2022-06-11 15:37:41', '2022-06-11 15:37:48'),
(482, 'Theodor Dye', 'user_icon.png', 'dfTJHBi5K', 'tdyedb@youtu.be', '2541527294', NULL, '2022-06-11 15:37:41', '2022-06-11 15:37:48'),
(483, 'Perle Pestell', 'user_icon.png', 'zusiaGFfJ', 'ppestelldc@xrea.com', '8204123492', NULL, '2022-06-11 15:37:41', '2022-06-11 15:37:48'),
(484, 'Joseito Duferie', 'user_icon.png', '4YKnm1A', 'jduferiedd@myspace.com', '6014307597', NULL, '2022-06-11 15:37:41', '2022-06-11 15:37:48'),
(485, 'Jessamine Beere', 'user_icon.png', 'cw0zjLSD1', 'jbeerede@bbc.co.uk', '3948557276', NULL, '2022-06-11 15:37:41', '2022-06-11 15:37:48'),
(486, 'Hazel Phizakarley', 'user_icon.png', 'opIheveCq', 'hphizakarleydf@cam.ac.uk', '3755843011', NULL, '2022-06-11 15:37:41', '2022-06-11 15:37:48'),
(487, 'Emmerich Lawrenz', 'user_icon.png', '8vKRRpI', 'elawrenzdg@alibaba.com', '7799492775', NULL, '2022-06-11 15:37:41', '2022-06-11 15:37:48'),
(488, 'Matty Housecraft', 'user_icon.png', 'yGAG8RwuWx', 'mhousecraftdh@lycos.com', '2604450525', NULL, '2022-06-11 15:37:41', '2022-06-11 15:37:48'),
(489, 'Rogerio Biggans', 'user_icon.png', 'HIy6lJ', 'rbiggansdi@ebay.co.uk', '4994552790', NULL, '2022-06-11 15:37:41', '2022-06-11 15:37:48'),
(490, 'Jesselyn Baum', 'user_icon.png', '0pKYqH', 'jbaumdj@unblog.fr', '9899148696', NULL, '2022-06-11 15:37:41', '2022-06-11 15:37:48'),
(491, 'Pattie Kennan', 'user_icon.png', 'DinZSmLKv9A', 'pkennandk@topsy.com', '2768729521', NULL, '2022-06-11 15:37:41', '2022-06-11 15:37:48'),
(492, 'Edouard Hirtzmann', 'user_icon.png', 'VVnlUhqA', 'ehirtzmanndl@seesaa.net', '4945223835', NULL, '2022-06-11 15:37:41', '2022-06-11 15:37:48'),
(493, 'Christean Biaggiotti', 'user_icon.png', 'oIVsMM0ggUr', 'cbiaggiottidm@alexa.com', '3983963346', NULL, '2022-06-11 15:37:41', '2022-06-11 15:37:48'),
(494, 'Nicola Blamey', 'user_icon.png', 'FYncLxdaZbN', 'nblameydn@dot.gov', '1956329882', NULL, '2022-06-11 15:37:41', '2022-06-11 15:37:48'),
(495, 'Letti Sartin', 'user_icon.png', 'AFwnNpyqYeMN', 'lsartindo@walmart.com', '2066126263', NULL, '2022-06-11 15:37:41', '2022-06-11 15:37:48'),
(496, 'Ben Killwick', 'user_icon.png', 'mGtASirHk', 'bkillwickdp@mapy.cz', '6673525642', NULL, '2022-06-11 15:37:41', '2022-06-11 15:37:48'),
(497, 'Olav Gibbe', 'user_icon.png', '2OaoVy0Curl', 'ogibbedq@ebay.co.uk', '5192706722', NULL, '2022-06-11 15:37:41', '2022-06-11 15:37:48'),
(498, 'Ruby Pettigree', 'user_icon.png', 'v3lUWXGlh', 'rpettigreedr@vkontakte.ru', '3104655965', NULL, '2022-06-11 15:37:41', '2022-06-11 15:37:48'),
(499, 'Jorry Lovelady', 'user_icon.png', 'dKzMG7jf8', 'jloveladyds@nps.gov', '2394568651', NULL, '2022-06-11 15:37:41', '2022-06-11 15:37:48'),
(500, 'Thadeus McCrillis', 'user_icon.png', 'r4EjCw', 'tmccrillisdt@nih.gov', '5271238877', NULL, '2022-06-11 15:37:41', '2022-06-11 15:37:48'),
(501, 'Gustavus Peyzer', 'user_icon.png', '3D6yiOJn', 'gpeyzerdu@mayoclinic.com', '8308380659', NULL, '2022-06-11 15:37:41', '2022-06-11 15:37:48'),
(502, 'Charlot Chezier', 'user_icon.png', 'oGnK4T', 'cchezierdv@quantcast.com', '1737266012', NULL, '2022-06-11 15:37:41', '2022-06-11 15:37:48'),
(503, 'Sharai Doram', 'user_icon.png', '5rgOATrZj', 'sdoramdw@dmoz.org', '2194795495', NULL, '2022-06-11 15:37:41', '2022-06-11 15:37:48'),
(504, 'Ashley Vivyan', 'user_icon.png', 'Mp3jgJn8LhAS', 'avivyandx@baidu.com', '8741555302', NULL, '2022-06-11 15:37:41', '2022-06-11 15:37:48'),
(505, 'Riley Bartoszewski', 'user_icon.png', 'zdwhgo', 'rbartoszewskidy@eepurl.com', '3073733442', NULL, '2022-06-11 15:37:41', '2022-06-11 15:37:48'),
(506, 'Lorrie Oswald', 'user_icon.png', '5gzGMo51A', 'loswalddz@topsy.com', '3239234916', NULL, '2022-06-11 15:37:41', '2022-06-11 15:37:48'),
(507, 'Aubrette Larder', 'user_icon.png', 'fMKswsrYub', 'alardere0@goo.ne.jp', '8691579903', NULL, '2022-06-11 15:37:41', '2022-06-11 15:37:48'),
(508, 'Anitra Pentony', 'user_icon.png', 'ExC7lC', 'apentonye1@cornell.edu', '7562789243', NULL, '2022-06-11 15:37:41', '2022-06-11 15:37:48'),
(509, 'Aurore McReynolds', 'user_icon.png', 'TZAAL6K', 'amcreynoldse2@jimdo.com', '4853152591', NULL, '2022-06-11 15:37:41', '2022-06-11 15:37:48'),
(510, 'Bentley Greaterex', 'user_icon.png', '01h9v8K8', 'bgreaterexe3@addtoany.com', '9178607724', NULL, '2022-06-11 15:37:41', '2022-06-11 15:37:48'),
(511, 'Elie Burdfield', 'user_icon.png', 'gVcklfXDiTwu', 'eburdfielde4@w3.org', '8447194673', NULL, '2022-06-11 15:37:41', '2022-06-11 15:37:48'),
(512, 'Niki Sorrell', 'user_icon.png', 'o8HCbR', 'nsorrelle5@ovh.net', '4862416589', NULL, '2022-06-11 15:37:41', '2022-06-11 15:37:48'),
(513, 'Clim Roebottom', 'user_icon.png', 'pPEAnuZPppaY', 'croebottome6@apache.org', '6382743046', NULL, '2022-06-11 15:37:41', '2022-06-11 15:37:48'),
(514, 'Bondy Broomhall', 'user_icon.png', 'XVZeGUfNHAZu', 'bbroomhalle7@usnews.com', '5145424726', NULL, '2022-06-11 15:37:41', '2022-06-11 15:37:48'),
(515, 'Israel Vyvyan', 'user_icon.png', 'NMOlATEs5fzU', 'ivyvyane8@usda.gov', '1864727996', NULL, '2022-06-11 15:37:41', '2022-06-11 15:37:48'),
(516, 'Sandie Phelip', 'user_icon.png', '71eYqN7x', 'sphelipe9@w3.org', '9647652801', NULL, '2022-06-11 15:37:41', '2022-06-11 15:37:48'),
(517, 'Carina Watkiss', 'user_icon.png', 'hbBKhkl', 'cwatkissea@wordpress.org', '7177642440', NULL, '2022-06-11 15:37:41', '2022-06-11 15:37:48'),
(518, 'Seumas Boyce', 'user_icon.png', 'FObQjA2', 'sboyceeb@cpanel.net', '4131345519', NULL, '2022-06-11 15:37:41', '2022-06-11 15:37:48'),
(519, 'Olenka Cater', 'user_icon.png', 'L3wJbUWSQvUy', 'ocaterec@myspace.com', '4259375046', NULL, '2022-06-11 15:37:41', '2022-06-11 15:37:48'),
(520, 'Ashlen Hayles', 'user_icon.png', 'a8OpOrh', 'ahaylesed@xing.com', '3019658456', NULL, '2022-06-11 15:37:41', '2022-06-11 15:37:48'),
(521, 'Salli Bensusan', 'user_icon.png', 'doLICSuAQo4', 'sbensusanee@oakley.com', '3444763284', NULL, '2022-06-11 15:37:41', '2022-06-11 15:37:48'),
(522, 'Erica Olivey', 'user_icon.png', 'YFIHrP', 'eoliveyef@yellowbook.com', '3235328246', NULL, '2022-06-11 15:37:41', '2022-06-11 15:37:48'),
(523, 'Sherill Pavelka', 'user_icon.png', 's5oQf8A', 'spavelkaeg@ed.gov', '9404487934', NULL, '2022-06-11 15:37:41', '2022-06-11 15:37:48'),
(524, 'Chrissie Scrancher', 'user_icon.png', 'f3QbCG8uq', 'cscranchereh@google.co.uk', '3772433153', NULL, '2022-06-11 15:37:41', '2022-06-11 15:37:48'),
(525, 'Rosemary Lancett', 'user_icon.png', 'V2WllmT2Jmc7', 'rlancettei@blogs.com', '1804666399', NULL, '2022-06-11 15:37:41', '2022-06-11 15:37:48'),
(526, 'Yelena Warratt', 'user_icon.png', 'KnbdCKVSrp', 'ywarrattej@house.gov', '3111211431', NULL, '2022-06-11 15:37:41', '2022-06-11 15:37:48'),
(527, 'Shanie Bridgeman', 'user_icon.png', 'CEvMBCg1', 'sbridgemanek@nymag.com', '6271928683', NULL, '2022-06-11 15:37:41', '2022-06-11 15:37:48'),
(528, 'Ariel Gives', 'user_icon.png', 'bioYTIemJACY', 'agivesel@smugmug.com', '8353765473', NULL, '2022-06-11 15:37:41', '2022-06-11 15:37:48'),
(529, 'Errick Cuerdale', 'user_icon.png', 'EAPwyTYFg', 'ecuerdaleem@time.com', '9018485278', NULL, '2022-06-11 15:37:41', '2022-06-11 15:37:48'),
(530, 'Golda Symcoxe', 'user_icon.png', 'kUDCe3', 'gsymcoxeen@google.it', '9077292140', NULL, '2022-06-11 15:37:41', '2022-06-11 15:37:48'),
(531, 'Tessy Burgot', 'user_icon.png', 'vaeNFDj', 'tburgoteo@cdbaby.com', '1109498012', NULL, '2022-06-11 15:37:41', '2022-06-11 15:37:48'),
(532, 'Normie Lifsey', 'user_icon.png', 'MEXI2gedso7', 'nlifseyep@berkeley.edu', '8045016288', NULL, '2022-06-11 15:37:41', '2022-06-11 15:37:48'),
(533, 'Callie Robjant', 'user_icon.png', 'DokYysjnsfo', 'crobjanteq@yale.edu', '9946847265', NULL, '2022-06-11 15:37:41', '2022-06-11 15:37:48'),
(534, 'Titus Prophet', 'user_icon.png', 'AFKAfBy9', 'tpropheter@printfriendly.com', '6692651233', NULL, '2022-06-11 15:37:41', '2022-06-11 15:37:48'),
(535, 'Linnea Dicken', 'user_icon.png', 'FVGozojUciw8', 'ldickenes@list-manage.com', '3125211760', NULL, '2022-06-11 15:37:41', '2022-06-11 15:37:48'),
(536, 'Kary Bernardin', 'user_icon.png', 'T0s2N5', 'kbernardinet@bloomberg.com', '7668264139', NULL, '2022-06-11 15:37:41', '2022-06-11 15:37:48'),
(537, 'Amelia Tyson', 'user_icon.png', 'T6TqY1eKYNZH', 'atysoneu@printfriendly.com', '2979131286', NULL, '2022-06-11 15:37:41', '2022-06-11 15:37:48'),
(538, 'Yehudi Arnley', 'user_icon.png', 'xYBSEzk', 'yarnleyev@about.me', '7673763557', NULL, '2022-06-11 15:37:41', '2022-06-11 15:37:48'),
(539, 'Sebastien McAvaddy', 'user_icon.png', 'dtNGhxIyn', 'smcavaddyew@hud.gov', '8122432413', NULL, '2022-06-11 15:37:41', '2022-06-11 15:37:48'),
(540, 'Wynn Lionel', 'user_icon.png', 'uUKtUPBSI', 'wlionelex@so-net.ne.jp', '8445054171', NULL, '2022-06-11 15:37:41', '2022-06-11 15:37:48'),
(541, 'Garik Greatham', 'user_icon.png', 'PoAJyanFOTb', 'ggreathamey@sakura.ne.jp', '7498981047', NULL, '2022-06-11 15:37:41', '2022-06-11 15:37:48'),
(542, 'Kris Hansen', 'user_icon.png', '6qQbOGnPJYx', 'khansenez@epa.gov', '4716995813', NULL, '2022-06-11 15:37:41', '2022-06-11 15:37:48'),
(543, 'Angie Alchin', 'user_icon.png', 'j3y12C26', 'aalchinf0@technorati.com', '3994125153', NULL, '2022-06-11 15:37:41', '2022-06-11 15:37:48'),
(544, 'Shaughn Wing', 'user_icon.png', '2KcEdjqkU', 'swingf1@naver.com', '9898962489', NULL, '2022-06-11 15:37:41', '2022-06-11 15:37:48'),
(545, 'Maison Hans', 'user_icon.png', 'HVMY1R5TSm1j', 'mhansf2@amazon.co.jp', '9135880070', NULL, '2022-06-11 15:37:41', '2022-06-11 15:37:48'),
(546, 'Arleta Floodgate', 'user_icon.png', 'tQFgTDtKsF', 'afloodgatef3@whitehouse.gov', '9181970782', NULL, '2022-06-11 15:37:41', '2022-06-11 15:37:48'),
(547, 'Aleda Layhe', 'user_icon.png', 'wbaP4jbnOKJl', 'alayhef4@163.com', '2554064073', NULL, '2022-06-11 15:37:41', '2022-06-11 15:37:48'),
(548, 'Sean Kosel', 'user_icon.png', 'ThK138', 'skoself5@opensource.org', '7493585711', NULL, '2022-06-11 15:37:41', '2022-06-11 15:37:48'),
(549, 'Betsey Dreamer', 'user_icon.png', 'v594seJYAD6r', 'bdreamerf6@yelp.com', '5241050506', NULL, '2022-06-11 15:37:41', '2022-06-11 15:37:48'),
(550, 'Nichols Dickin', 'user_icon.png', 'YLdrsLTK', 'ndickinf7@macromedia.com', '1553886261', NULL, '2022-06-11 15:37:41', '2022-06-11 15:37:48'),
(551, 'Normie Overy', 'user_icon.png', 'mdgTJTh', 'noveryf8@cbsnews.com', '9499981396', NULL, '2022-06-11 15:37:41', '2022-06-11 15:37:48'),
(552, 'Camella McClintock', 'user_icon.png', 'qIwn6r', 'cmcclintockf9@oracle.com', '5379372663', NULL, '2022-06-11 15:37:41', '2022-06-11 15:37:48'),
(553, 'Debbie Kinsella', 'user_icon.png', 'ENq7Gu', 'dkinsellafa@godaddy.com', '8447788664', NULL, '2022-06-11 15:37:41', '2022-06-11 15:37:48'),
(554, 'Jessalin Whartonby', 'user_icon.png', '2NnKeok9', 'jwhartonbyfb@delicious.com', '2718895522', NULL, '2022-06-11 15:37:41', '2022-06-11 15:37:48'),
(555, 'Brooke Flounders', 'user_icon.png', 'l2EFtyuA', 'bfloundersfc@toplist.cz', '5129410997', NULL, '2022-06-11 15:37:41', '2022-06-11 15:37:48'),
(556, 'Kendrick Yanne', 'user_icon.png', 'EYI6Oa3', 'kyannefd@china.com.cn', '4511260524', NULL, '2022-06-11 15:37:41', '2022-06-11 15:37:48'),
(557, 'Stoddard Bute', 'user_icon.png', 'oCX8z25Je', 'sbutefe@imdb.com', '2419828906', NULL, '2022-06-11 15:37:41', '2022-06-11 15:37:48'),
(558, 'Amelia Jekyll', 'user_icon.png', 'VsFAKXB7H', 'ajekyllff@feedburner.com', '2372763016', NULL, '2022-06-11 15:37:41', '2022-06-11 15:37:48'),
(559, 'Burr Sargant', 'user_icon.png', 'w93MAG', 'bsargantfg@ft.com', '7997119699', NULL, '2022-06-11 15:37:41', '2022-06-11 15:37:48'),
(560, 'Chrisy Creek', 'user_icon.png', 'kqUTf3zBy6wA', 'ccreekfh@baidu.com', '9974660075', NULL, '2022-06-11 15:37:41', '2022-06-11 15:37:48'),
(561, 'Gordan Showalter', 'user_icon.png', 'YNNR14S', 'gshowalterfi@theguardian.com', '5946779329', NULL, '2022-06-11 15:37:41', '2022-06-11 15:37:48'),
(562, 'Everett Checchi', 'user_icon.png', 't1abS0R', 'echecchifj@wikispaces.com', '8405960264', NULL, '2022-06-11 15:37:41', '2022-06-11 15:37:48'),
(563, 'Desmond Gallymore', 'user_icon.png', 'NFxeQsuU', 'dgallymorefk@elpais.com', '3876017146', NULL, '2022-06-11 15:37:41', '2022-06-11 15:37:48'),
(564, 'Dag Davitti', 'user_icon.png', 'Taeg4WGIf90', 'ddavittifl@amazon.co.uk', '8867923564', NULL, '2022-06-11 15:37:41', '2022-06-11 15:37:48'),
(565, 'Birdie Meace', 'user_icon.png', 'Ny3089utXOf', 'bmeacefm@jiathis.com', '1132085198', NULL, '2022-06-11 15:37:41', '2022-06-11 15:37:48'),
(566, 'Gale Knewstubb', 'user_icon.png', 'ZPaORo', 'gknewstubbfn@wikimedia.org', '1299016084', NULL, '2022-06-11 15:37:41', '2022-06-11 15:37:48'),
(567, 'Orly Webbe', 'user_icon.png', 'PejB3i', 'owebbefo@nyu.edu', '6856752579', NULL, '2022-06-11 15:37:41', '2022-06-11 15:37:48'),
(568, 'Rosie Klaesson', 'user_icon.png', 'FiAs6QP', 'rklaessonfp@time.com', '7053645660', NULL, '2022-06-11 15:37:41', '2022-06-11 15:37:48'),
(569, 'Isadora Marchello', 'user_icon.png', 'F2b7pKdo', 'imarchellofq@tripadvisor.com', '9802808352', NULL, '2022-06-11 15:37:41', '2022-06-11 15:37:48'),
(570, 'Tamera Hubbins', 'user_icon.png', '9oyj9HmPDiq', 'thubbinsfr@weebly.com', '5366619558', NULL, '2022-06-11 15:37:41', '2022-06-11 15:37:48'),
(571, 'Kennett Cromley', 'user_icon.png', 'eBRbD3FH', 'kcromleyfs@360.cn', '1357059835', NULL, '2022-06-11 15:37:41', '2022-06-11 15:37:48'),
(572, 'Alexina Leile', 'user_icon.png', 'QSw97KJX0', 'aleileft@com.com', '1098068125', NULL, '2022-06-11 15:37:41', '2022-06-11 15:37:48'),
(573, 'Sunny Wheatley', 'user_icon.png', 'TK26LJ', 'swheatleyfu@bizjournals.com', '1257573107', NULL, '2022-06-11 15:37:41', '2022-06-11 15:37:48'),
(574, 'Benedicto Cogdell', 'user_icon.png', 'AUJPfFZtH', 'bcogdellfv@liveinternet.ru', '4675981933', NULL, '2022-06-11 15:37:41', '2022-06-11 15:37:48'),
(575, 'Jennette Wyllis', 'user_icon.png', 'FD6si7BU0Q', 'jwyllisfw@google.pl', '5176140928', NULL, '2022-06-11 15:37:41', '2022-06-11 15:37:48'),
(576, 'Elbertine Lewin', 'user_icon.png', 'xTeJemj', 'elewinfx@flavors.me', '3876431450', NULL, '2022-06-11 15:37:41', '2022-06-11 15:37:48'),
(577, 'Miltie Pearsall', 'user_icon.png', 'r7lvGNkDOwI', 'mpearsallfy@alexa.com', '2257707510', NULL, '2022-06-11 15:37:41', '2022-06-11 15:37:48'),
(578, 'Rachele Chessil', 'user_icon.png', 'hm2L15431d', 'rchessilfz@usatoday.com', '3406447621', NULL, '2022-06-11 15:37:41', '2022-06-11 15:37:48'),
(579, 'Amity D\'Alwis', 'user_icon.png', 'mPHzbCKK', 'adalwisg0@sakura.ne.jp', '2233229634', NULL, '2022-06-11 15:37:41', '2022-06-11 15:37:48'),
(580, 'Stephanie Cappel', 'user_icon.png', 'LSEpNb1wLoGL', 'scappelg1@un.org', '8661861641', NULL, '2022-06-11 15:37:41', '2022-06-11 15:37:48'),
(581, 'Allison McCahey', 'user_icon.png', 'YehGXo5LQ', 'amccaheyg2@sina.com.cn', '9619832983', NULL, '2022-06-11 15:37:41', '2022-06-11 15:37:48'),
(582, 'Darryl Corzon', 'user_icon.png', 'yhedcD', 'dcorzong3@csmonitor.com', '2504290973', NULL, '2022-06-11 15:37:41', '2022-06-11 15:37:48'),
(583, 'Alyosha Gallo', 'user_icon.png', 'We8miJ', 'agallog4@ca.gov', '3302994865', NULL, '2022-06-11 15:37:41', '2022-06-11 15:37:48'),
(584, 'Opalina Ivetts', 'user_icon.png', 'fRDfzmX', 'oivettsg5@hostgator.com', '5807877680', NULL, '2022-06-11 15:37:41', '2022-06-11 15:37:48'),
(585, 'Everard Filtness', 'user_icon.png', 'MIWfo87wEY', 'efiltnessg6@macromedia.com', '3083441110', NULL, '2022-06-11 15:37:41', '2022-06-11 15:37:48'),
(586, 'Jarret De Robertis', 'user_icon.png', '2iag5Vvix', 'jdeg7@devhub.com', '9964093006', NULL, '2022-06-11 15:37:41', '2022-06-11 15:37:48'),
(587, 'Constantia Hartright', 'user_icon.png', 'D2Vo3CAEV2Dq', 'chartrightg8@ameblo.jp', '1877022846', NULL, '2022-06-11 15:37:41', '2022-06-11 15:37:48'),
(588, 'Dix Greaves', 'user_icon.png', 'XCVqX5Fo', 'dgreavesg9@google.pl', '2876046847', NULL, '2022-06-11 15:37:41', '2022-06-11 15:37:48'),
(589, 'Kalindi Ferreo', 'user_icon.png', '0CfMUxr', 'kferreoga@about.me', '8081489030', NULL, '2022-06-11 15:37:41', '2022-06-11 15:37:48'),
(590, 'Saundra todor', 'user_icon.png', 'L8rfW3sXViG8', 'stodorgb@ucoz.ru', '3832352089', NULL, '2022-06-11 15:37:41', '2022-06-11 15:37:48'),
(591, 'Emanuel Buttrey', 'user_icon.png', 'MeXgTy4Z8', 'ebuttreygc@xinhuanet.com', '4968729145', NULL, '2022-06-11 15:37:41', '2022-06-11 15:37:48'),
(592, 'Minnnie Muttitt', 'user_icon.png', 'BlTjDa', 'mmuttittgd@gov.uk', '7074618313', NULL, '2022-06-11 15:37:41', '2022-06-11 15:37:48'),
(593, 'Marylee Storrock', 'user_icon.png', 'gzJQPA6xDg', 'mstorrockge@mayoclinic.com', '4229677707', NULL, '2022-06-11 15:37:41', '2022-06-11 15:37:48'),
(594, 'Lorette Nevin', 'user_icon.png', 'RqMClY3oZ', 'lnevingf@illinois.edu', '6241454661', NULL, '2022-06-11 15:37:41', '2022-06-11 15:37:48'),
(595, 'Arther Noen', 'user_icon.png', 'AODOMg', 'anoengg@com.com', '6277133926', NULL, '2022-06-11 15:37:41', '2022-06-11 15:37:48'),
(596, 'Maitilde Ovanesian', 'user_icon.png', '4bW94y5T', 'movanesiangh@typepad.com', '5711297457', NULL, '2022-06-11 15:37:41', '2022-06-11 15:37:48'),
(597, 'Beulah Cheak', 'user_icon.png', 'jPqsaiVrAQOf', 'bcheakgi@nhs.uk', '8271489839', NULL, '2022-06-11 15:37:41', '2022-06-11 15:37:48'),
(598, 'Oneida Paine', 'user_icon.png', 'zKJccB', 'opainegj@vinaora.com', '3254364433', NULL, '2022-06-11 15:37:41', '2022-06-11 15:37:48'),
(599, 'Alysia Lowers', 'user_icon.png', '1o94qhjId', 'alowersgk@ebay.com', '4167064657', NULL, '2022-06-11 15:37:41', '2022-06-11 15:37:48'),
(600, 'Annnora Tzuker', 'user_icon.png', 'GMOqqmE', 'atzukergl@ameblo.jp', '4381352445', NULL, '2022-06-11 15:37:41', '2022-06-11 15:37:48'),
(601, 'Sigismundo Barttrum', 'user_icon.png', 'DKhq7hpa', 'sbarttrumgm@europa.eu', '7237265243', NULL, '2022-06-11 15:37:41', '2022-06-11 15:37:48'),
(602, 'Kimmi Fosserd', 'user_icon.png', '24zpRYS94z', 'kfosserdgn@jimdo.com', '6726920622', NULL, '2022-06-11 15:37:41', '2022-06-11 15:37:48'),
(603, 'Ernst Elphinstone', 'user_icon.png', 'leruizr', 'eelphinstonego@amazon.de', '2094447955', NULL, '2022-06-11 15:37:41', '2022-06-11 15:37:48'),
(604, 'Timofei Fagge', 'user_icon.png', 'NirObzPBEtDB', 'tfaggegp@ucsd.edu', '1786600446', NULL, '2022-06-11 15:37:41', '2022-06-11 15:37:48'),
(605, 'Pansie Plume', 'user_icon.png', 'xG7sdyG', 'pplumegq@bluehost.com', '1191335714', NULL, '2022-06-11 15:37:41', '2022-06-11 15:37:48'),
(606, 'Miner Millwater', 'user_icon.png', 'ioX815nf', 'mmillwatergr@lycos.com', '5175207226', NULL, '2022-06-11 15:37:41', '2022-06-11 15:37:48'),
(607, 'Consolata Tanswell', 'user_icon.png', 'tASDlo2oyDp', 'ctanswellgs@chicagotribune.com', '4255635488', NULL, '2022-06-11 15:37:41', '2022-06-11 15:37:48'),
(608, 'Meade Zecchii', 'user_icon.png', '3meWQt2X74q', 'mzecchiigt@weebly.com', '6088412257', NULL, '2022-06-11 15:37:41', '2022-06-11 15:37:48'),
(609, 'Lee Janikowski', 'user_icon.png', 'OGRk3xYBnrEG', 'ljanikowskigu@wordpress.com', '5138711983', NULL, '2022-06-11 15:37:41', '2022-06-11 15:37:48'),
(610, 'Claudio MacAnelley', 'user_icon.png', '3Sp5hpN2SS', 'cmacanelleygv@sohu.com', '6158365420', NULL, '2022-06-11 15:37:41', '2022-06-11 15:37:48'),
(611, 'Sonny Mompesson', 'user_icon.png', 'RxfaB87tgVFw', 'smompessongw@jimdo.com', '5808640150', NULL, '2022-06-11 15:37:41', '2022-06-11 15:37:48'),
(612, 'Nellie McTeggart', 'user_icon.png', 'CnRtfUi6fW', 'nmcteggartgx@gravatar.com', '7113999517', NULL, '2022-06-11 15:37:41', '2022-06-11 15:37:48'),
(613, 'Adolpho Bruhke', 'user_icon.png', 'fwCAoNJ9F7A', 'abruhkegy@buzzfeed.com', '7316590253', NULL, '2022-06-11 15:37:41', '2022-06-11 15:37:48'),
(614, 'Ealasaid Gibbieson', 'user_icon.png', 'Ejj4Cz1A', 'egibbiesongz@ocn.ne.jp', '6362129090', NULL, '2022-06-11 15:37:41', '2022-06-11 15:37:48'),
(615, 'Peter Somerfield', 'user_icon.png', 'dfYHe2y', 'psomerfieldh0@squidoo.com', '8288507838', NULL, '2022-06-11 15:37:41', '2022-06-11 15:37:48'),
(616, 'Nicol Pechet', 'user_icon.png', 'hXoo0pESvZ', 'npecheth1@1und1.de', '2567026824', NULL, '2022-06-11 15:37:41', '2022-06-11 15:37:48'),
(617, 'Mic Aughton', 'user_icon.png', 'r6KQZVxm', 'maughtonh2@comcast.net', '8988652012', NULL, '2022-06-11 15:37:41', '2022-06-11 15:37:48'),
(618, 'Annecorinne Moulin', 'user_icon.png', '70Mk2Se', 'amoulinh3@umn.edu', '9589828206', NULL, '2022-06-11 15:37:41', '2022-06-11 15:37:48'),
(619, 'Boonie Dahlborg', 'user_icon.png', 'C243Jbiz', 'bdahlborgh4@goodreads.com', '2512578251', NULL, '2022-06-11 15:37:41', '2022-06-11 15:37:48'),
(620, 'Cindelyn Frizzell', 'user_icon.png', 'EZW6YYEbp', 'cfrizzellh5@liveinternet.ru', '1111450463', NULL, '2022-06-11 15:37:41', '2022-06-11 15:37:48'),
(621, 'Fawnia Moulds', 'user_icon.png', 'j4Epa3', 'fmouldsh6@businessinsider.com', '1769164491', NULL, '2022-06-11 15:37:41', '2022-06-11 15:37:48'),
(622, 'Darrelle Sooley', 'user_icon.png', 'iGtQstS5T', 'dsooleyh7@noaa.gov', '5192896805', NULL, '2022-06-11 15:37:41', '2022-06-11 15:37:48'),
(623, 'Damiano Reddyhoff', 'user_icon.png', '06OCpivi', 'dreddyhoffh8@privacy.gov.au', '2672494082', NULL, '2022-06-11 15:37:41', '2022-06-11 15:37:48'),
(624, 'Hamlin Outram', 'user_icon.png', 'YXyOuPhssaAv', 'houtramh9@imdb.com', '5778467547', NULL, '2022-06-11 15:37:41', '2022-06-11 15:37:48'),
(625, 'Jaime Djokic', 'user_icon.png', 'h9hr6v', 'jdjokicha@pcworld.com', '9033680767', NULL, '2022-06-11 15:37:41', '2022-06-11 15:37:48'),
(626, 'Bobbe Fretter', 'user_icon.png', 'VlrIBR5pHgcy', 'bfretterhb@homestead.com', '7429519643', NULL, '2022-06-11 15:37:41', '2022-06-11 15:37:48'),
(627, 'Haze Gelder', 'user_icon.png', 'hlWI18Dh', 'hgelderhc@elpais.com', '9033847287', NULL, '2022-06-11 15:37:41', '2022-06-11 15:37:48'),
(628, 'Imojean Foulgham', 'user_icon.png', 'UuQvw7VSn', 'ifoulghamhd@xrea.com', '1577618931', NULL, '2022-06-11 15:37:41', '2022-06-11 15:37:48'),
(629, 'Anderea Markwell', 'user_icon.png', 'hjaSFo', 'amarkwellhe@bluehost.com', '1221429030', NULL, '2022-06-11 15:37:41', '2022-06-11 15:37:48'),
(630, 'Jedidiah Laughrey', 'user_icon.png', 'RPWGp4e', 'jlaughreyhf@t.co', '5803432770', NULL, '2022-06-11 15:37:41', '2022-06-11 15:37:48'),
(631, 'Cari Stopford', 'user_icon.png', 'Ja7PFfH', 'cstopfordhg@answers.com', '1548001780', NULL, '2022-06-11 15:37:41', '2022-06-11 15:37:48'),
(632, 'Marianna Hasard', 'user_icon.png', 'jDP4Nf2i', 'mhasardhh@go.com', '7855530023', NULL, '2022-06-11 15:37:41', '2022-06-11 15:37:48'),
(633, 'Henderson Zanitti', 'user_icon.png', 'lQtBCQ', 'hzanittihi@dropbox.com', '5324986430', NULL, '2022-06-11 15:37:41', '2022-06-11 15:37:48'),
(634, 'Petronille Orr', 'user_icon.png', '4X0aBZl', 'porrhj@loc.gov', '4268133984', NULL, '2022-06-11 15:37:41', '2022-06-11 15:37:48'),
(635, 'Lock Rosenblath', 'user_icon.png', 'lRQCu81frbVB', 'lrosenblathhk@discuz.net', '5426177632', NULL, '2022-06-11 15:37:41', '2022-06-11 15:37:48'),
(636, 'Cosette Doddrell', 'user_icon.png', 'PGv7nyPg', 'cdoddrellhl@hubpages.com', '5153170949', NULL, '2022-06-11 15:37:41', '2022-06-11 15:37:48'),
(637, 'Jayme Coom', 'user_icon.png', 'P8TZyDFB', 'jcoomhm@stumbleupon.com', '3789246071', NULL, '2022-06-11 15:37:41', '2022-06-11 15:37:48'),
(638, 'Sande Seneschal', 'user_icon.png', '7WO0oym', 'sseneschalhn@zimbio.com', '1554358653', NULL, '2022-06-11 15:37:41', '2022-06-11 15:37:48'),
(639, 'Dannie Mc Ilwrick', 'user_icon.png', 'WZU5Px8vIb', 'dmcho@fc2.com', '6395388226', NULL, '2022-06-11 15:37:41', '2022-06-11 15:37:48'),
(640, 'Cinda Klicher', 'user_icon.png', 'PSYBFX', 'cklicherhp@elegantthemes.com', '3135581698', NULL, '2022-06-11 15:37:41', '2022-06-11 15:37:48'),
(641, 'Ardelia Tunkin', 'user_icon.png', 'o8MdPe', 'atunkinhq@java.com', '7054897563', NULL, '2022-06-11 15:37:41', '2022-06-11 15:37:48'),
(642, 'Myron Shillan', 'user_icon.png', 're4N5hZdHK', 'mshillanhr@deliciousdays.com', '5876598312', NULL, '2022-06-11 15:37:41', '2022-06-11 15:37:48'),
(643, 'Sybyl Buttriss', 'user_icon.png', 'WT2BN3chnL', 'sbuttrisshs@spiegel.de', '8127691597', NULL, '2022-06-11 15:37:41', '2022-06-11 15:37:48'),
(644, 'Ernestus Bjerkan', 'user_icon.png', 'jnw21Aqfzf5w', 'ebjerkanht@flickr.com', '7058801159', NULL, '2022-06-11 15:37:41', '2022-06-11 15:37:48'),
(645, 'Amory Hauxwell', 'user_icon.png', 'yFPRlGKGUb', 'ahauxwellhu@yale.edu', '5624768389', NULL, '2022-06-11 15:37:41', '2022-06-11 15:37:48'),
(646, 'Beatrice Ambrosi', 'user_icon.png', 'P4VZuhD', 'bambrosihv@e-recht24.de', '1454557637', NULL, '2022-06-11 15:37:41', '2022-06-11 15:37:48'),
(647, 'Magdaia Beevens', 'user_icon.png', 'Ct9ICt9AT84u', 'mbeevenshw@fema.gov', '5701799226', NULL, '2022-06-11 15:37:41', '2022-06-11 15:37:48'),
(648, 'Leslie Abramowitz', 'user_icon.png', 'nToJ4u7d', 'labramowitzhx@parallels.com', '8754444389', NULL, '2022-06-11 15:37:41', '2022-06-11 15:37:48'),
(649, 'Cecil Lathleiff', 'user_icon.png', 'D3phSWS', 'clathleiffhy@ehow.com', '4558629913', NULL, '2022-06-11 15:37:41', '2022-06-11 15:37:48'),
(650, 'Agnes Cockerton', 'user_icon.png', 'Qpw1WLjv', 'acockertonhz@ebay.co.uk', '8536503987', NULL, '2022-06-11 15:37:41', '2022-06-11 15:37:48'),
(651, 'Brina Sleep', 'user_icon.png', 'lCHK0s7JL', 'bsleepi0@eepurl.com', '5192923654', NULL, '2022-06-11 15:37:41', '2022-06-11 15:37:48'),
(652, 'Jonell Foddy', 'user_icon.png', 'px8VKy6Lw3', 'jfoddyi1@cbsnews.com', '8114403210', NULL, '2022-06-11 15:37:41', '2022-06-11 15:37:48'),
(653, 'Danna Timmins', 'user_icon.png', 'QgjvcK', 'dtimminsi2@youku.com', '6302902342', NULL, '2022-06-11 15:37:41', '2022-06-11 15:37:48'),
(654, 'Mae Joplin', 'user_icon.png', 'DghIwMr', 'mjoplini3@goodreads.com', '3306496834', NULL, '2022-06-11 15:37:41', '2022-06-11 15:37:48'),
(655, 'Domeniga Stepney', 'user_icon.png', 'E88qoXrmt', 'dstepneyi4@webmd.com', '4974713387', NULL, '2022-06-11 15:37:41', '2022-06-11 15:37:48'),
(656, 'Odella Daffern', 'user_icon.png', 'DMzDDwYXYYX', 'odafferni5@slashdot.org', '4913028734', NULL, '2022-06-11 15:37:41', '2022-06-11 15:37:48'),
(657, 'Cherise Ackeroyd', 'user_icon.png', 'cyUiOsW', 'cackeroydi6@jiathis.com', '6634752220', NULL, '2022-06-11 15:37:41', '2022-06-11 15:37:48'),
(658, 'Shana Vaskov', 'user_icon.png', 'ZJkJqbDp', 'svaskovi7@google.com.au', '8904107413', NULL, '2022-06-11 15:37:41', '2022-06-11 15:37:48'),
(659, 'Anneliese Gotobed', 'user_icon.png', '6adIWq2r6', 'agotobedi8@4shared.com', '2331596557', NULL, '2022-06-11 15:37:41', '2022-06-11 15:37:48'),
(660, 'Jared McVeigh', 'user_icon.png', 'IHYnfQXN7sC7', 'jmcveighi9@globo.com', '6806051501', NULL, '2022-06-11 15:37:41', '2022-06-11 15:37:48'),
(661, 'Thor Parell', 'user_icon.png', '38R1nATOHNnr', 'tparellia@ning.com', '5541835427', NULL, '2022-06-11 15:37:41', '2022-06-11 15:37:48'),
(662, 'Arthur Drohun', 'user_icon.png', 'LApQrHelKx', 'adrohunib@globo.com', '7206505579', NULL, '2022-06-11 15:37:41', '2022-06-11 15:37:48'),
(663, 'Jessi Jeandel', 'user_icon.png', 'vOZCHZzcw3hP', 'jjeandelic@booking.com', '4591466992', NULL, '2022-06-11 15:37:41', '2022-06-11 15:37:48'),
(664, 'Stormy Garrie', 'user_icon.png', 'olVmxQHOIxAi', 'sgarrieid@addtoany.com', '4454845229', NULL, '2022-06-11 15:37:41', '2022-06-11 15:37:48'),
(665, 'Hilliary Elphey', 'user_icon.png', 'Z5abSbPqDk', 'helpheyie@jigsy.com', '8637965068', NULL, '2022-06-11 15:37:41', '2022-06-11 15:37:48'),
(666, 'Eberto Doale', 'user_icon.png', 'hRjaXLF', 'edoaleif@yellowbook.com', '1749503552', NULL, '2022-06-11 15:37:41', '2022-06-11 15:37:48'),
(667, 'Kristofer Stoakley', 'user_icon.png', 'rKvHzA', 'kstoakleyig@xrea.com', '5682442768', NULL, '2022-06-11 15:37:41', '2022-06-11 15:37:48'),
(668, 'Imogene Sagrott', 'user_icon.png', 'S78cb7E', 'isagrottih@wordpress.org', '1283322433', NULL, '2022-06-11 15:37:41', '2022-06-11 15:37:48'),
(669, 'Farra Gwilliam', 'user_icon.png', 'WNiiQGu5', 'fgwilliamii@symantec.com', '9363808389', NULL, '2022-06-11 15:37:41', '2022-06-11 15:37:48'),
(670, 'Dean Tofanini', 'user_icon.png', 'FwrZnTYNmkmB', 'dtofaniniij@wufoo.com', '2982201343', NULL, '2022-06-11 15:37:41', '2022-06-11 15:37:48'),
(671, 'Lin Heales', 'user_icon.png', 'cmOO7UalI', 'lhealesik@cbslocal.com', '4319777693', NULL, '2022-06-11 15:37:41', '2022-06-11 15:37:48'),
(672, 'Paule Girk', 'user_icon.png', 'JsrLu0WkhXiX', 'pgirkil@jugem.jp', '6272097813', NULL, '2022-06-11 15:37:41', '2022-06-11 15:37:48'),
(673, 'Laney Koppeck', 'user_icon.png', 'qeliVP', 'lkoppeckim@adobe.com', '2507308861', NULL, '2022-06-11 15:37:41', '2022-06-11 15:37:48'),
(674, 'Kristan Pridgeon', 'user_icon.png', 'uh99syIDjy9h', 'kpridgeonin@bizjournals.com', '4088731502', NULL, '2022-06-11 15:37:41', '2022-06-11 15:37:48'),
(675, 'Rasla Adamini', 'user_icon.png', 'meYLq8', 'radaminiio@youtu.be', '4825993589', NULL, '2022-06-11 15:37:41', '2022-06-11 15:37:48'),
(676, 'Justis Grichukhanov', 'user_icon.png', 'i6u17tQgyV', 'jgrichukhanovip@wikispaces.com', '7884673110', NULL, '2022-06-11 15:37:41', '2022-06-11 15:37:48'),
(677, 'Meredithe Jorissen', 'user_icon.png', '8W2wDWvRg', 'mjorisseniq@hatena.ne.jp', '1583490456', NULL, '2022-06-11 15:37:41', '2022-06-11 15:37:48'),
(678, 'Reamonn Goslin', 'user_icon.png', 'bhhN51M', 'rgoslinir@pinterest.com', '5356791626', NULL, '2022-06-11 15:37:41', '2022-06-11 15:37:48'),
(679, 'Bartlet Bader', 'user_icon.png', '6yzNnZKyLGJq', 'bbaderis@ehow.com', '9977742191', NULL, '2022-06-11 15:37:41', '2022-06-11 15:37:48'),
(680, 'Murvyn Law', 'user_icon.png', 'A682r9', 'mlawit@qq.com', '3933290421', NULL, '2022-06-11 15:37:41', '2022-06-11 15:37:48'),
(681, 'Ulric Reames', 'user_icon.png', 'LLaSMa3eI3wc', 'ureamesiu@bravesites.com', '3822088235', NULL, '2022-06-11 15:37:41', '2022-06-11 15:37:48'),
(682, 'Gavin Alasdair', 'user_icon.png', 'gLuBT4h4QH', 'galasdairiv@dmoz.org', '4777433995', NULL, '2022-06-11 15:37:41', '2022-06-11 15:37:48'),
(683, 'Betsey Jeduch', 'user_icon.png', 'Q72GBGCdm', 'bjeduchiw@blogspot.com', '1626577588', NULL, '2022-06-11 15:37:41', '2022-06-11 15:37:48'),
(684, 'Erich Strass', 'user_icon.png', 'vzo6NOIex40e', 'estrassix@sourceforge.net', '3748453473', NULL, '2022-06-11 15:37:41', '2022-06-11 15:37:48'),
(685, 'Adrian Stancliffe', 'user_icon.png', 'k8gUbVL30c7', 'astancliffeiy@mashable.com', '6287056442', NULL, '2022-06-11 15:37:41', '2022-06-11 15:37:48'),
(686, 'Henrieta Sidwick', 'user_icon.png', 'Mg7ZDKL', 'hsidwickiz@marketwatch.com', '9996886128', NULL, '2022-06-11 15:37:41', '2022-06-11 15:37:48'),
(687, 'Viole Kyte', 'user_icon.png', 'agE7Sl', 'vkytej0@mlb.com', '8788149690', NULL, '2022-06-11 15:37:41', '2022-06-11 15:37:48');
INSERT INTO `tbl_customer` (`customer_id`, `customer_name`, `customer_img`, `customer_password`, `customer_email`, `customer_phone`, `customer_token`, `created_at`, `updated_at`) VALUES
(688, 'Rebbecca Lattos', 'user_icon.png', 'fewAwbSslS', 'rlattosj1@usnews.com', '6679369324', NULL, '2022-06-11 15:37:41', '2022-06-11 15:37:48'),
(689, 'Upton Maddick', 'user_icon.png', 'j1RLEJxgHBAS', 'umaddickj2@digg.com', '6142977204', NULL, '2022-06-11 15:37:41', '2022-06-11 15:37:48'),
(690, 'Tillie Hearsey', 'user_icon.png', '6JoutlIiq', 'thearseyj3@mashable.com', '1473909792', NULL, '2022-06-11 15:37:41', '2022-06-11 15:37:48'),
(691, 'Mellie Giacobilio', 'user_icon.png', 'teQo7umwP', 'mgiacobilioj4@fastcompany.com', '7586112575', NULL, '2022-06-11 15:37:41', '2022-06-11 15:37:48'),
(692, 'Chrysler Averill', 'user_icon.png', 'awBdw3', 'caverillj5@de.vu', '1155342162', NULL, '2022-06-11 15:37:41', '2022-06-11 15:37:48'),
(693, 'Raine Bromige', 'user_icon.png', 'RT2IL8TDhD', 'rbromigej6@blog.com', '1953084538', NULL, '2022-06-11 15:37:41', '2022-06-11 15:37:48'),
(694, 'Paddy Riche', 'user_icon.png', 'Zl0WgCBwW', 'prichej7@webeden.co.uk', '8285097087', NULL, '2022-06-11 15:37:41', '2022-06-11 15:37:48'),
(695, 'Neal Sirmon', 'user_icon.png', 'vmEGNG', 'nsirmonj8@accuweather.com', '6133203769', NULL, '2022-06-11 15:37:41', '2022-06-11 15:37:48'),
(696, 'Rosemaria Archibald', 'user_icon.png', 'oYoVrUcAvQ2', 'rarchibaldj9@psu.edu', '9003064344', NULL, '2022-06-11 15:37:41', '2022-06-11 15:37:48'),
(697, 'Stormi Abrahm', 'user_icon.png', 'jadrNukb', 'sabrahmja@indiatimes.com', '8776460069', NULL, '2022-06-11 15:37:41', '2022-06-11 15:37:48'),
(698, 'Levin Andri', 'user_icon.png', '9xjlZD', 'landrijb@prweb.com', '6526912697', NULL, '2022-06-11 15:37:41', '2022-06-11 15:37:48'),
(699, 'Moses Cowle', 'user_icon.png', '2byrXFP5WBck', 'mcowlejc@cnbc.com', '3897638108', NULL, '2022-06-11 15:37:41', '2022-06-11 15:37:48'),
(700, 'Marena Chape', 'user_icon.png', 'C4MmDiPCdMS', 'mchapejd@latimes.com', '9207269767', NULL, '2022-06-11 15:37:41', '2022-06-11 15:37:48'),
(701, 'Ivy Lambis', 'user_icon.png', '9X5pJkh', 'ilambisje@narod.ru', '2127846941', NULL, '2022-06-11 15:37:41', '2022-06-11 15:37:48'),
(702, 'Fanchette Dreng', 'user_icon.png', 'm8e747DZ', 'fdrengjf@infoseek.co.jp', '4443491665', NULL, '2022-06-11 15:37:41', '2022-06-11 15:37:48'),
(703, 'Frederico Mounce', 'user_icon.png', '7XYfg2UX9l', 'fmouncejg@smh.com.au', '1544860626', NULL, '2022-06-11 15:37:41', '2022-06-11 15:37:48'),
(704, 'Hermy Stolworthy', 'user_icon.png', 'EnOagUk72bU0', 'hstolworthyjh@blog.com', '3213269449', NULL, '2022-06-11 15:37:41', '2022-06-11 15:37:48'),
(705, 'Niven Fearns', 'user_icon.png', 'WU7HaGySA9K', 'nfearnsji@stumbleupon.com', '6957075403', NULL, '2022-06-11 15:37:41', '2022-06-11 15:37:48'),
(706, 'Garland Blodget', 'user_icon.png', '0pO0dtzJ', 'gblodgetjj@va.gov', '3234713771', NULL, '2022-06-11 15:37:41', '2022-06-11 15:37:48'),
(707, 'Melodie Lowndsbrough', 'user_icon.png', 'BkTMPxG', 'mlowndsbroughjk@rambler.ru', '3524300301', NULL, '2022-06-11 15:37:41', '2022-06-11 15:37:48'),
(708, 'Ruprecht Douris', 'user_icon.png', '3YmZECqwlp', 'rdourisjl@example.com', '2538956061', NULL, '2022-06-11 15:37:41', '2022-06-11 15:37:48'),
(709, 'Heddie Oldman', 'user_icon.png', 'UYqFTrGRelj', 'holdmanjm@pcworld.com', '5282663999', NULL, '2022-06-11 15:37:41', '2022-06-11 15:37:48'),
(710, 'Dell Painter', 'user_icon.png', 'xJBMhFOEbBAg', 'dpainterjn@google.pl', '3184236347', NULL, '2022-06-11 15:37:41', '2022-06-11 15:37:48'),
(711, 'Abbot Dmitrievski', 'user_icon.png', 'gS7j6FGU', 'admitrievskijo@vk.com', '3534809363', NULL, '2022-06-11 15:37:41', '2022-06-11 15:37:48'),
(712, 'Gnni Szabo', 'user_icon.png', 'JPd5Mn9Owqfh', 'gszabojp@about.com', '3492416313', NULL, '2022-06-11 15:37:41', '2022-06-11 15:37:48'),
(713, 'Peyter Orton', 'user_icon.png', 'w8qRyXgc', 'portonjq@home.pl', '2015341576', NULL, '2022-06-11 15:37:41', '2022-06-11 15:37:48'),
(714, 'Ingamar Bolstridge', 'user_icon.png', 'Wpr3mioDTV5', 'ibolstridgejr@ovh.net', '3388536064', NULL, '2022-06-11 15:37:41', '2022-06-11 15:37:48'),
(715, 'Lorrie Mulgrew', 'user_icon.png', 'oF4SmazEVOwa', 'lmulgrewjs@unesco.org', '7919030571', NULL, '2022-06-11 15:37:41', '2022-06-11 15:37:48'),
(716, 'Preston Thunnercliffe', 'user_icon.png', 'NtryPBWQ', 'pthunnercliffejt@ibm.com', '1411456068', NULL, '2022-06-11 15:37:41', '2022-06-11 15:37:48'),
(717, 'Libby Sollas', 'user_icon.png', 'kVxnfw4', 'lsollasju@ucoz.ru', '9289183440', NULL, '2022-06-11 15:37:41', '2022-06-11 15:37:48'),
(718, 'Gonzales McSwan', 'user_icon.png', 'yrJLRn', 'gmcswanjv@apple.com', '4807924411', NULL, '2022-06-11 15:37:41', '2022-06-11 15:37:48'),
(719, 'Chelsie Chadd', 'user_icon.png', 'uMo4PqELhpn', 'cchaddjw@gov.uk', '1968900348', NULL, '2022-06-11 15:37:41', '2022-06-11 15:37:48'),
(720, 'Alyosha Woolis', 'user_icon.png', 'aEKisv4BEkd', 'awoolisjx@businessweek.com', '1813394941', NULL, '2022-06-11 15:37:41', '2022-06-11 15:37:48'),
(721, 'Genvieve Tethcote', 'user_icon.png', '6iBEZsVeHQL', 'gtethcotejy@slashdot.org', '8291773904', NULL, '2022-06-11 15:37:41', '2022-06-11 15:37:48'),
(722, 'Deedee Gun', 'user_icon.png', 'qyvX3q5uNRyd', 'dgunjz@histats.com', '2158765833', NULL, '2022-06-11 15:37:41', '2022-06-11 15:37:48'),
(723, 'Darcee Hadden', 'user_icon.png', '5IC2TqvCB95', 'dhaddenk0@pbs.org', '2327711229', NULL, '2022-06-11 15:37:41', '2022-06-11 15:37:48'),
(724, 'Berthe Tort', 'user_icon.png', 'UYSY5j1oe', 'btortk1@webs.com', '4059934760', NULL, '2022-06-11 15:37:41', '2022-06-11 15:37:48'),
(725, 'Betsy Kohnert', 'user_icon.png', 'v0l0Bba91', 'bkohnertk2@xrea.com', '1787466208', NULL, '2022-06-11 15:37:41', '2022-06-11 15:37:48'),
(726, 'Anselm Blackboro', 'user_icon.png', '2OcCCilC5SP', 'ablackborok3@cpanel.net', '4362468161', NULL, '2022-06-11 15:37:41', '2022-06-11 15:37:48'),
(727, 'Angelique Burling', 'user_icon.png', '9jlgHRu3', 'aburlingk4@redcross.org', '5027228831', NULL, '2022-06-11 15:37:41', '2022-06-11 15:37:48'),
(728, 'Allsun Hambatch', 'user_icon.png', 'HMHrcHG', 'ahambatchk5@xinhuanet.com', '4224430595', NULL, '2022-06-11 15:37:41', '2022-06-11 15:37:48'),
(729, 'Jorie Dahle', 'user_icon.png', 'SnBEyPRTV9p', 'jdahlek6@gmpg.org', '2966415844', NULL, '2022-06-11 15:37:41', '2022-06-11 15:37:48'),
(730, 'Parsifal Laundon', 'user_icon.png', 'Ti3Xfrf', 'plaundonk7@mashable.com', '8027236313', NULL, '2022-06-11 15:37:41', '2022-06-11 15:37:48'),
(731, 'Adriane Perico', 'user_icon.png', 'jqVU1lQojE', 'apericok8@alexa.com', '4327509487', NULL, '2022-06-11 15:37:41', '2022-06-11 15:37:48'),
(732, 'Hobard Brett', 'user_icon.png', 'dOi4NLtQ30rX', 'hbrettk9@sun.com', '2617806367', NULL, '2022-06-11 15:37:41', '2022-06-11 15:37:48'),
(733, 'Homer Domeny', 'user_icon.png', '7RuIwuDlg', 'hdomenyka@seesaa.net', '6821374434', NULL, '2022-06-11 15:37:41', '2022-06-11 15:37:48'),
(734, 'Marius Faulkener', 'user_icon.png', 'eLkh89xa', 'mfaulkenerkb@cdbaby.com', '5049787472', NULL, '2022-06-11 15:37:41', '2022-06-11 15:37:48'),
(735, 'Desirae McKimmie', 'user_icon.png', 'kAP2p7bj', 'dmckimmiekc@homestead.com', '4231732536', NULL, '2022-06-11 15:37:41', '2022-06-11 15:37:48'),
(736, 'Lynn Broschke', 'user_icon.png', 'oCffRBhpQDYt', 'lbroschkekd@quantcast.com', '8516454239', NULL, '2022-06-11 15:37:41', '2022-06-11 15:37:48'),
(737, 'Marsha Serle', 'user_icon.png', '3ELXH9T', 'mserleke@mozilla.org', '7505982656', NULL, '2022-06-11 15:37:41', '2022-06-11 15:37:48'),
(738, 'Kristos Cicero', 'user_icon.png', 'z47dxpAyT', 'kcicerokf@nasa.gov', '6848210866', NULL, '2022-06-11 15:37:41', '2022-06-11 15:37:48'),
(739, 'Lawton Langtry', 'user_icon.png', 'No2OoA5Yl', 'llangtrykg@fda.gov', '7798996153', NULL, '2022-06-11 15:37:41', '2022-06-11 15:37:48'),
(740, 'Cristin Hasely', 'user_icon.png', 'vWfT1uOt', 'chaselykh@slate.com', '3302895850', NULL, '2022-06-11 15:37:41', '2022-06-11 15:37:48'),
(741, 'Mariele Linde', 'user_icon.png', 'xbUbPK', 'mlindeki@ameblo.jp', '9428992679', NULL, '2022-06-11 15:37:41', '2022-06-11 15:37:48'),
(742, 'Lind Shepherdson', 'user_icon.png', 'toq9k3MUC', 'lshepherdsonkj@barnesandnoble.com', '9693016399', NULL, '2022-06-11 15:37:41', '2022-06-11 15:37:48'),
(743, 'Spenser Lantuffe', 'user_icon.png', 'Q7S72yW6Y', 'slantuffekk@squidoo.com', '8507979285', NULL, '2022-06-11 15:37:41', '2022-06-11 15:37:48'),
(744, 'Ephrayim Stockwell', 'user_icon.png', 'oC9oTsY', 'estockwellkl@cmu.edu', '6303882573', NULL, '2022-06-11 15:37:41', '2022-06-11 15:37:48'),
(745, 'Ginger Kose', 'user_icon.png', '5Sd38G', 'gkosekm@myspace.com', '8171482592', NULL, '2022-06-11 15:37:41', '2022-06-11 15:37:48'),
(746, 'Umberto Riquet', 'user_icon.png', 'F9PWckOyBZ', 'uriquetkn@webeden.co.uk', '2377033998', NULL, '2022-06-11 15:37:41', '2022-06-11 15:37:48'),
(747, 'Kristy Lesor', 'user_icon.png', 'E5QFcEaYuUWb', 'klesorko@cnbc.com', '9504146726', NULL, '2022-06-11 15:37:41', '2022-06-11 15:37:48'),
(748, 'Berkeley Shier', 'user_icon.png', 'wNsgCd', 'bshierkp@usgs.gov', '8851576540', NULL, '2022-06-11 15:37:41', '2022-06-11 15:37:48'),
(749, 'Nick Wimms', 'user_icon.png', 'xMo32nVNdH', 'nwimmskq@cnn.com', '4436970320', NULL, '2022-06-11 15:37:41', '2022-06-11 15:37:48'),
(750, 'Garik Blagdon', 'user_icon.png', 'CsGa9P', 'gblagdonkr@google.cn', '4853099455', NULL, '2022-06-11 15:37:41', '2022-06-11 15:37:48'),
(751, 'Immanuel Hughlin', 'user_icon.png', 'zg94JvI1', 'ihughlinks@cnn.com', '6078506710', NULL, '2022-06-11 15:37:41', '2022-06-11 15:37:48'),
(752, 'Amalie Stoodley', 'user_icon.png', 'GEYEWP5y97N', 'astoodleykt@photobucket.com', '2828871985', NULL, '2022-06-11 15:37:41', '2022-06-11 15:37:48'),
(753, 'Garvey Rzehor', 'user_icon.png', 'FWn4rHGz6yL', 'grzehorku@t-online.de', '5014705439', NULL, '2022-06-11 15:37:41', '2022-06-11 15:37:48'),
(754, 'Ned McShane', 'user_icon.png', 'cIc2JDvHURo', 'nmcshanekv@bravesites.com', '7655053782', NULL, '2022-06-11 15:37:41', '2022-06-11 15:37:48'),
(755, 'Anet Stickney', 'user_icon.png', 'OMUEjT', 'astickneykw@pbs.org', '7603525677', NULL, '2022-06-11 15:37:41', '2022-06-11 15:37:48'),
(756, 'Paulie Leveritt', 'user_icon.png', '5NLNlQJaGAn', 'pleverittkx@nymag.com', '8214681126', NULL, '2022-06-11 15:37:41', '2022-06-11 15:37:48'),
(757, 'Bearnard Blaik', 'user_icon.png', 'IobQ3MJSM', 'bblaikky@freewebs.com', '1324386540', NULL, '2022-06-11 15:37:41', '2022-06-11 15:37:48'),
(758, 'Matthew Krienke', 'user_icon.png', 'mQK0SmC', 'mkrienkekz@ovh.net', '8154950511', NULL, '2022-06-11 15:37:41', '2022-06-11 15:37:48'),
(759, 'Josephina Cordon', 'user_icon.png', 'yNcbaUFWl', 'jcordonl0@exblog.jp', '1316867186', NULL, '2022-06-11 15:37:41', '2022-06-11 15:37:48'),
(760, 'Jenine Eisikowitz', 'user_icon.png', 'K3hLBWPUoy2', 'jeisikowitzl1@geocities.com', '3356762819', NULL, '2022-06-11 15:37:41', '2022-06-11 15:37:48'),
(761, 'Atlante Solomonides', 'user_icon.png', '2Empgt', 'asolomonidesl2@ft.com', '8238416082', NULL, '2022-06-11 15:37:41', '2022-06-11 15:37:48'),
(762, 'Amalee Bendel', 'user_icon.png', 'KHXqmgzebRJ', 'abendell3@umich.edu', '9691455707', NULL, '2022-06-11 15:37:41', '2022-06-11 15:37:48'),
(763, 'Antonio Howie', 'user_icon.png', '1EcWUtQ11vGI', 'ahowiel4@w3.org', '6114553837', NULL, '2022-06-11 15:37:41', '2022-06-11 15:37:48'),
(764, 'Linda de Najera', 'user_icon.png', 'CTXTqZ', 'ldel5@elpais.com', '6588302173', NULL, '2022-06-11 15:37:41', '2022-06-11 15:37:48'),
(765, 'Dawn Pattenden', 'user_icon.png', '9VZf4Zxw', 'dpattendenl6@over-blog.com', '5234811905', NULL, '2022-06-11 15:37:41', '2022-06-11 15:37:48'),
(766, 'Codie Anthony', 'user_icon.png', 'XmX8Uyu72TBg', 'canthonyl7@webeden.co.uk', '7758990433', NULL, '2022-06-11 15:37:41', '2022-06-11 15:37:48'),
(767, 'Herta Rought', 'user_icon.png', 'irEHLBcgDYU', 'hroughtl8@theatlantic.com', '5956099497', NULL, '2022-06-11 15:37:41', '2022-06-11 15:37:48'),
(768, 'Beckie Ramsdale', 'user_icon.png', 'IB45qzYeAFZ', 'bramsdalel9@disqus.com', '9946908955', NULL, '2022-06-11 15:37:41', '2022-06-11 15:37:48'),
(769, 'Son Clorley', 'user_icon.png', 'RNXJVPq', 'sclorleyla@github.com', '6478811249', NULL, '2022-06-11 15:37:41', '2022-06-11 15:37:48'),
(770, 'Yule Lavies', 'user_icon.png', 'q0ejY0mp', 'ylavieslb@bloglovin.com', '9233594505', NULL, '2022-06-11 15:37:41', '2022-06-11 15:37:48'),
(771, 'Aldous Gosdin', 'user_icon.png', 'bm6GEU', 'agosdinlc@linkedin.com', '3662203542', NULL, '2022-06-11 15:37:41', '2022-06-11 15:37:48'),
(772, 'Elsi Narup', 'user_icon.png', '4h1vyfON1xL', 'enarupld@gravatar.com', '4651658442', NULL, '2022-06-11 15:37:41', '2022-06-11 15:37:48'),
(773, 'Flemming Trench', 'user_icon.png', '9802NTLlfgma', 'ftrenchle@goo.ne.jp', '1007706892', NULL, '2022-06-11 15:37:41', '2022-06-11 15:37:48'),
(774, 'Sunny Stallen', 'user_icon.png', 'pfrL1erw4d', 'sstallenlf@woothemes.com', '8119999888', NULL, '2022-06-11 15:37:41', '2022-06-11 15:37:48'),
(775, 'Marcie Cockrem', 'user_icon.png', 'dxeqT0HPVC', 'mcockremlg@fc2.com', '3386927133', NULL, '2022-06-11 15:37:41', '2022-06-11 15:37:48'),
(776, 'Viva Freiburger', 'user_icon.png', 'JB8I6EAa', 'vfreiburgerlh@hubpages.com', '1343800445', NULL, '2022-06-11 15:37:41', '2022-06-11 15:37:48'),
(777, 'Roseanna Parlet', 'user_icon.png', 'oSt2vT5gzjy', 'rparletli@fastcompany.com', '2172390319', NULL, '2022-06-11 15:37:41', '2022-06-11 15:37:48'),
(778, 'Elroy Abberley', 'user_icon.png', 'jaSMWCaV', 'eabberleylj@barnesandnoble.com', '8641210905', NULL, '2022-06-11 15:37:41', '2022-06-11 15:37:48'),
(779, 'Shelton Goldby', 'user_icon.png', 'mmv31SeBJ', 'sgoldbylk@ameblo.jp', '4661629079', NULL, '2022-06-11 15:37:41', '2022-06-11 15:37:48'),
(780, 'Elihu Mitchelhill', 'user_icon.png', 'mSv7rNzH', 'emitchelhillll@jiathis.com', '7129327526', NULL, '2022-06-11 15:37:41', '2022-06-11 15:37:48'),
(781, 'Claudine Manuely', 'user_icon.png', 'KPVkVnpk', 'cmanuelylm@wp.com', '7209973789', NULL, '2022-06-11 15:37:41', '2022-06-11 15:37:48'),
(782, 'Jermayne Pettifer', 'user_icon.png', 'YhmWwekuk', 'jpettiferln@omniture.com', '5957745196', NULL, '2022-06-11 15:37:41', '2022-06-11 15:37:48'),
(783, 'Brew Hemstead', 'user_icon.png', '6CTFlij', 'bhemsteadlo@businessinsider.com', '1312729612', NULL, '2022-06-11 15:37:41', '2022-06-11 15:37:48'),
(784, 'Ebba Sadd', 'user_icon.png', 'xoQaqkw', 'esaddlp@1688.com', '3273877536', NULL, '2022-06-11 15:37:41', '2022-06-11 15:37:48'),
(785, 'Adolphe Lewry', 'user_icon.png', '5Jw5eVVGUsyh', 'alewrylq@foxnews.com', '9522009317', NULL, '2022-06-11 15:37:41', '2022-06-11 15:37:48'),
(786, 'Madge Rable', 'user_icon.png', 'hiFrbODD8he', 'mrablelr@lycos.com', '1066587743', NULL, '2022-06-11 15:37:41', '2022-06-11 15:37:48'),
(787, 'Julina Lafrentz', 'user_icon.png', 'jaqY48px', 'jlafrentzls@elegantthemes.com', '1313155523', NULL, '2022-06-11 15:37:41', '2022-06-11 15:37:48'),
(788, 'Mitch Meo', 'user_icon.png', '7UQ58PuE', 'mmeolt@vkontakte.ru', '6326561199', NULL, '2022-06-11 15:37:41', '2022-06-11 15:37:48'),
(789, 'Hubey Windley', 'user_icon.png', 'G6UL0tAEjBy8', 'hwindleylu@dot.gov', '1755353409', NULL, '2022-06-11 15:37:41', '2022-06-11 15:37:48'),
(790, 'Dorian Cuolahan', 'user_icon.png', '4XkItK4bEajP', 'dcuolahanlv@163.com', '5196011267', NULL, '2022-06-11 15:37:41', '2022-06-11 15:37:48'),
(791, 'Zacharia Gash', 'user_icon.png', 'XcUova1', 'zgashlw@ibm.com', '6814570187', NULL, '2022-06-11 15:37:41', '2022-06-11 15:37:48'),
(792, 'Andrea Corey', 'user_icon.png', 'JyNul0oc4', 'acoreylx@bandcamp.com', '4863342574', NULL, '2022-06-11 15:37:41', '2022-06-11 15:37:48'),
(793, 'Sileas Kayes', 'user_icon.png', 'X46WAetZ', 'skayesly@baidu.com', '2315941970', NULL, '2022-06-11 15:37:41', '2022-06-11 15:37:48'),
(794, 'Anne Sheridan', 'user_icon.png', 'p86ny6a8e', 'asheridanlz@independent.co.uk', '7735233566', NULL, '2022-06-11 15:37:41', '2022-06-11 15:37:48'),
(795, 'Colin Crotty', 'user_icon.png', 'PgiXK6IXrsQ9', 'ccrottym0@blog.com', '5837245431', NULL, '2022-06-11 15:37:41', '2022-06-11 15:37:48'),
(796, 'Ardys Fullbrook', 'user_icon.png', 'TeSxzdXpGHi', 'afullbrookm1@com.com', '1971395081', NULL, '2022-06-11 15:37:41', '2022-06-11 15:37:48'),
(797, 'Jaquenette Laidel', 'user_icon.png', 'UNha1Fm1h', 'jlaidelm2@usda.gov', '3862309823', NULL, '2022-06-11 15:37:41', '2022-06-11 15:37:48'),
(798, 'Fleur Reschke', 'user_icon.png', 'h6atjYYlzu', 'freschkem3@t-online.de', '8396387001', NULL, '2022-06-11 15:37:41', '2022-06-11 15:37:48'),
(799, 'Heindrick McLoughlin', 'user_icon.png', 'VBVe2G8', 'hmcloughlinm4@arstechnica.com', '8953476103', NULL, '2022-06-11 15:37:41', '2022-06-11 15:37:48'),
(800, 'Maddalena Fidgett', 'user_icon.png', '6K9kpCrIAV', 'mfidgettm5@cdc.gov', '8802488440', NULL, '2022-06-11 15:37:41', '2022-06-11 15:37:48'),
(801, 'Miguelita Kleyn', 'user_icon.png', 'ucZTnBAg6B', 'mkleynm6@google.com', '6031879888', NULL, '2022-06-11 15:37:41', '2022-06-11 15:37:48'),
(802, 'Clark Cornock', 'user_icon.png', 'EEU00yRO', 'ccornockm7@deviantart.com', '6064706185', NULL, '2022-06-11 15:37:41', '2022-06-11 15:37:48'),
(803, 'Saw Gonsalvo', 'user_icon.png', 'HOCdFJU6', 'sgonsalvom8@vimeo.com', '6549355374', NULL, '2022-06-11 15:37:41', '2022-06-11 15:37:48'),
(804, 'Colver Craighead', 'user_icon.png', 'Z4ugmGvSIOMH', 'ccraigheadm9@moonfruit.com', '1431719382', NULL, '2022-06-11 15:37:41', '2022-06-11 15:37:48'),
(805, 'Bradford Haddy', 'user_icon.png', 'UgemZlrnwK', 'bhaddyma@utexas.edu', '7353342777', NULL, '2022-06-11 15:37:41', '2022-06-11 15:37:48'),
(806, 'Zane Scoates', 'user_icon.png', 'gI9ugYy', 'zscoatesmb@cyberchimps.com', '3444716570', NULL, '2022-06-11 15:37:41', '2022-06-11 15:37:48'),
(807, 'Walsh Perin', 'user_icon.png', 'xdLc8rFkg', 'wperinmc@guardian.co.uk', '8077114846', NULL, '2022-06-11 15:37:41', '2022-06-11 15:37:48'),
(808, 'Rosamond Wornham', 'user_icon.png', 'xZYJyNQg', 'rwornhammd@cyberchimps.com', '9551817862', NULL, '2022-06-11 15:37:41', '2022-06-11 15:37:48'),
(809, 'Tersina Lyle', 'user_icon.png', 'yK58wPk', 'tlyleme@elegantthemes.com', '6289715533', NULL, '2022-06-11 15:37:41', '2022-06-11 15:37:48'),
(810, 'Rozalie Wederell', 'user_icon.png', 'v8wm1QprN', 'rwederellmf@gov.uk', '5242136191', NULL, '2022-06-11 15:37:41', '2022-06-11 15:37:48'),
(811, 'Carlene Zannotelli', 'user_icon.png', '7qjD2SnEev', 'czannotellimg@pbs.org', '8095403249', NULL, '2022-06-11 15:37:41', '2022-06-11 15:37:48'),
(812, 'Carrissa Crone', 'user_icon.png', 'i0B0Bj6', 'ccronemh@spotify.com', '1103559497', NULL, '2022-06-11 15:37:41', '2022-06-11 15:37:48'),
(813, 'Rozamond Sutherley', 'user_icon.png', 'Zt7WWrSPUcy2', 'rsutherleymi@ihg.com', '7985460341', NULL, '2022-06-11 15:37:41', '2022-06-11 15:37:48'),
(814, 'Katha Lissandrini', 'user_icon.png', 'eapJWJEVEV', 'klissandrinimj@hubpages.com', '5515179174', NULL, '2022-06-11 15:37:41', '2022-06-11 15:37:48'),
(815, 'Norene Northcott', 'user_icon.png', 'xhK6a5siIS5', 'nnorthcottmk@paginegialle.it', '9453330368', NULL, '2022-06-11 15:37:41', '2022-06-11 15:37:48'),
(816, 'Kori Denney', 'user_icon.png', 'CTwllsq', 'kdenneyml@businesswire.com', '7416961866', NULL, '2022-06-11 15:37:41', '2022-06-11 15:37:48'),
(817, 'Katerina Morsey', 'user_icon.png', 'tX718Y63', 'kmorseymm@biglobe.ne.jp', '9578309621', NULL, '2022-06-11 15:37:41', '2022-06-11 15:37:48'),
(818, 'Turner Call', 'user_icon.png', 'w1z0n54jyd', 'tcallmn@is.gd', '4071945073', NULL, '2022-06-11 15:37:41', '2022-06-11 15:37:48'),
(819, 'Craggie Weald', 'user_icon.png', 'hhFtOPLN', 'cwealdmo@pagesperso-orange.fr', '9039936387', NULL, '2022-06-11 15:37:41', '2022-06-11 15:37:48'),
(820, 'Teriann Winckles', 'user_icon.png', 'otJ8fTcCeQ7', 'twincklesmp@nih.gov', '9201243255', NULL, '2022-06-11 15:37:41', '2022-06-11 15:37:48'),
(821, 'Mohandis Delafont', 'user_icon.png', 'ksB03vA', 'mdelafontmq@census.gov', '6159240048', NULL, '2022-06-11 15:37:41', '2022-06-11 15:37:48'),
(822, 'Renae Lines', 'user_icon.png', 'Qbv376SY1', 'rlinesmr@apache.org', '6166927477', NULL, '2022-06-11 15:37:41', '2022-06-11 15:37:48'),
(823, 'Noelani Domenge', 'user_icon.png', 'pZPc7gq9en50', 'ndomengems@theatlantic.com', '6271483840', NULL, '2022-06-11 15:37:41', '2022-06-11 15:37:48'),
(824, 'Ambrosio Richings', 'user_icon.png', 'Xc1DiQW8AD', 'arichingsmt@umich.edu', '1047983978', NULL, '2022-06-11 15:37:41', '2022-06-11 15:37:48'),
(825, 'Georgette Ballantyne', 'user_icon.png', 'v2Ogow0wQ8Q6', 'gballantynemu@hud.gov', '2876551767', NULL, '2022-06-11 15:37:41', '2022-06-11 15:37:48'),
(826, 'Lotty De Freitas', 'user_icon.png', '4jfQkTiA', 'ldemv@mlb.com', '2159746269', NULL, '2022-06-11 15:37:41', '2022-06-11 15:37:48'),
(827, 'Caspar Bengochea', 'user_icon.png', 'Tm8i7pLOyBjV', 'cbengocheamw@dion.ne.jp', '3042672176', NULL, '2022-06-11 15:37:41', '2022-06-11 15:37:48'),
(828, 'Grenville Gauntlett', 'user_icon.png', 'b2lBM4HfIlH', 'ggauntlettmx@earthlink.net', '9675763314', NULL, '2022-06-11 15:37:41', '2022-06-11 15:37:48'),
(829, 'Genna McTrustrie', 'user_icon.png', 'T4ICotlMofDL', 'gmctrustriemy@ox.ac.uk', '9901298619', NULL, '2022-06-11 15:37:41', '2022-06-11 15:37:48'),
(830, 'Thibaud Frangione', 'user_icon.png', '5wp60xl49BPU', 'tfrangionemz@skype.com', '3555465966', NULL, '2022-06-11 15:37:41', '2022-06-11 15:37:48'),
(831, 'Rafael Dellow', 'user_icon.png', 'J5TlHf5U06YJ', 'rdellown0@reuters.com', '1818522724', NULL, '2022-06-11 15:37:41', '2022-06-11 15:37:48'),
(832, 'Neala Tysack', 'user_icon.png', 'VU2Orcbi', 'ntysackn1@nature.com', '6318714573', NULL, '2022-06-11 15:37:41', '2022-06-11 15:37:48'),
(833, 'Tamera Kermannes', 'user_icon.png', 'U4iMJ3', 'tkermannesn2@princeton.edu', '2437087143', NULL, '2022-06-11 15:37:41', '2022-06-11 15:37:48'),
(834, 'Kris Greggor', 'user_icon.png', 'uvQXmJj', 'kgreggorn3@washington.edu', '8968418971', NULL, '2022-06-11 15:37:41', '2022-06-11 15:37:48'),
(835, 'Kerk Rapaport', 'user_icon.png', 'LGPJTx4xL', 'krapaportn4@vimeo.com', '8613707664', NULL, '2022-06-11 15:37:41', '2022-06-11 15:37:48'),
(836, 'Caty Tamsett', 'user_icon.png', 'XG8E1Kr', 'ctamsettn5@opensource.org', '2489943806', NULL, '2022-06-11 15:37:41', '2022-06-11 15:37:48'),
(837, 'Mathian Tilio', 'user_icon.png', 'lyUq6ZK', 'mtilion6@economist.com', '1277677447', NULL, '2022-06-11 15:37:41', '2022-06-11 15:37:48'),
(838, 'Avie Gasson', 'user_icon.png', 'gcACclTh42s', 'agassonn7@gizmodo.com', '7315551379', NULL, '2022-06-11 15:37:41', '2022-06-11 15:37:48'),
(839, 'Beale Russon', 'user_icon.png', 'v92RvZHf5nE1', 'brussonn8@uol.com.br', '8392475253', NULL, '2022-06-11 15:37:41', '2022-06-11 15:37:48'),
(840, 'Dionisio Kleinhausen', 'user_icon.png', 'KmWKeED1RN', 'dkleinhausenn9@adobe.com', '9475002296', NULL, '2022-06-11 15:37:41', '2022-06-11 15:37:48'),
(841, 'Rolland Baal', 'user_icon.png', '4ShgNjxxChL', 'rbaalna@printfriendly.com', '1159109497', NULL, '2022-06-11 15:37:41', '2022-06-11 15:37:48'),
(842, 'Cesar McCarry', 'user_icon.png', 'vwLVAiIrN4DI', 'cmccarrynb@icq.com', '6409232964', NULL, '2022-06-11 15:37:41', '2022-06-11 15:37:48'),
(843, 'Odo Cressingham', 'user_icon.png', 'Q8Kz9Z8Os', 'ocressinghamnc@umn.edu', '4081503189', NULL, '2022-06-11 15:37:41', '2022-06-11 15:37:48'),
(844, 'Dacia Bloxham', 'user_icon.png', 'HJeCOy', 'dbloxhamnd@weebly.com', '7063833239', NULL, '2022-06-11 15:37:41', '2022-06-11 15:37:48'),
(845, 'Crista Friary', 'user_icon.png', 'gamPTlwg', 'cfriaryne@indiatimes.com', '8452302526', NULL, '2022-06-11 15:37:41', '2022-06-11 15:37:48'),
(846, 'Shaun M\'Chirrie', 'user_icon.png', 'Qfzl5n0', 'smchirrienf@virginia.edu', '8975954164', NULL, '2022-06-11 15:37:41', '2022-06-11 15:37:48'),
(847, 'Nero Sailor', 'user_icon.png', 'DMAbEUD1dC', 'nsailorng@nifty.com', '3515840412', NULL, '2022-06-11 15:37:41', '2022-06-11 15:37:48'),
(848, 'Sandye Habishaw', 'user_icon.png', 'oXUUkWwV19lO', 'shabishawnh@prlog.org', '7436891552', NULL, '2022-06-11 15:37:41', '2022-06-11 15:37:48'),
(849, 'Sheelagh Gerg', 'user_icon.png', '2fptlkG', 'sgergni@sogou.com', '2381689331', NULL, '2022-06-11 15:37:41', '2022-06-11 15:37:48'),
(850, 'Becki Cuff', 'user_icon.png', 'AdYH80tZJQJ', 'bcuffnj@bluehost.com', '8104340469', NULL, '2022-06-11 15:37:41', '2022-06-11 15:37:48'),
(851, 'Nanine Raper', 'user_icon.png', '68fXh0E2WXA', 'nrapernk@goo.gl', '2848601867', NULL, '2022-06-11 15:37:41', '2022-06-11 15:37:48'),
(852, 'Inger Fidell', 'user_icon.png', 'ZV8S0U', 'ifidellnl@theglobeandmail.com', '4311736784', NULL, '2022-06-11 15:37:41', '2022-06-11 15:37:48'),
(853, 'Karoly Broseman', 'user_icon.png', 'FLALriaOO0Df', 'kbrosemannm@pen.io', '3389891721', NULL, '2022-06-11 15:37:41', '2022-06-11 15:37:48'),
(854, 'Clarine Grayne', 'user_icon.png', 'OGAAm0PODFGb', 'cgraynenn@photobucket.com', '9486639529', NULL, '2022-06-11 15:37:41', '2022-06-11 15:37:48'),
(855, 'Katherine Brittain', 'user_icon.png', 'UaWiMbNWsF', 'kbrittainno@gravatar.com', '7163567826', NULL, '2022-06-11 15:37:41', '2022-06-11 15:37:48'),
(856, 'Aloin O\'Collopy', 'user_icon.png', 'AnPMtm', 'aocollopynp@pbs.org', '6888946813', NULL, '2022-06-11 15:37:41', '2022-06-11 15:37:48'),
(857, 'Melany Billiard', 'user_icon.png', 'X7vAK4iz', 'mbilliardnq@house.gov', '6211065264', NULL, '2022-06-11 15:37:41', '2022-06-11 15:37:48'),
(858, 'Reinald Rattray', 'user_icon.png', 'yOzxt13', 'rrattraynr@google.pl', '3289033695', NULL, '2022-06-11 15:37:41', '2022-06-11 15:37:48'),
(859, 'Darda McNelis', 'user_icon.png', 'VPM1ymkHm', 'dmcnelisns@msu.edu', '5083102319', NULL, '2022-06-11 15:37:41', '2022-06-11 15:37:48'),
(860, 'Fanchon Sangar', 'user_icon.png', 'WRucLEJ', 'fsangarnt@army.mil', '4464690701', NULL, '2022-06-11 15:37:41', '2022-06-11 15:37:48'),
(861, 'Donia Matieu', 'user_icon.png', 'UX2fw6g4B0sG', 'dmatieunu@geocities.com', '6145126208', NULL, '2022-06-11 15:37:41', '2022-06-11 15:37:48'),
(862, 'Grier Jaynes', 'user_icon.png', 'FMgSvxPHeIcX', 'gjaynesnv@weebly.com', '9047224806', NULL, '2022-06-11 15:37:41', '2022-06-11 15:37:48'),
(863, 'Ethelbert Lippiett', 'user_icon.png', 'YcBmS1y', 'elippiettnw@biblegateway.com', '7754857289', NULL, '2022-06-11 15:37:41', '2022-06-11 15:37:48'),
(864, 'Rosalind Mabe', 'user_icon.png', 'QAEsclN', 'rmabenx@163.com', '6114330770', NULL, '2022-06-11 15:37:41', '2022-06-11 15:37:48'),
(865, 'Giacopo Fazackerley', 'user_icon.png', 'Sj0vp8wtSztf', 'gfazackerleyny@sciencedirect.com', '5125269508', NULL, '2022-06-11 15:37:41', '2022-06-11 15:37:48'),
(866, 'Cully Dearnly', 'user_icon.png', 'lkQXI7yZ3byj', 'cdearnlynz@ocn.ne.jp', '1917209744', NULL, '2022-06-11 15:37:41', '2022-06-11 15:37:48'),
(867, 'Claire Whitehair', 'user_icon.png', 'BpElxv', 'cwhitehairo0@sfgate.com', '5316295905', NULL, '2022-06-11 15:37:41', '2022-06-11 15:37:48'),
(868, 'Atlante Treneer', 'user_icon.png', 'yVo4hgE', 'atreneero1@skype.com', '4175801341', NULL, '2022-06-11 15:37:41', '2022-06-11 15:37:48'),
(869, 'Pincus Oller', 'user_icon.png', 'X1AVcp9FPwy5', 'pollero2@howstuffworks.com', '6142160156', NULL, '2022-06-11 15:37:41', '2022-06-11 15:37:48'),
(870, 'Venus Tuffield', 'user_icon.png', 'hcTnBQs', 'vtuffieldo3@ning.com', '8689653708', NULL, '2022-06-11 15:37:41', '2022-06-11 15:37:48'),
(871, 'Alley Trouel', 'user_icon.png', 'scWg4dj', 'atrouelo4@seattletimes.com', '1718749417', NULL, '2022-06-11 15:37:41', '2022-06-11 15:37:48'),
(872, 'Pattie Ragdale', 'user_icon.png', 'XRYcUpQ', 'pragdaleo5@addthis.com', '4275057486', NULL, '2022-06-11 15:37:41', '2022-06-11 15:37:48'),
(873, 'Verine Cherm', 'user_icon.png', 'FuecKI43Ul', 'vchermo6@alexa.com', '7639636890', NULL, '2022-06-11 15:37:41', '2022-06-11 15:37:48'),
(874, 'Grier Norledge', 'user_icon.png', 'JRXsWLL15Ca', 'gnorledgeo7@tumblr.com', '2287018228', NULL, '2022-06-11 15:37:41', '2022-06-11 15:37:48'),
(875, 'Denver Jedrysik', 'user_icon.png', 'tHhMrZP', 'djedrysiko8@dmoz.org', '7975330755', NULL, '2022-06-11 15:37:41', '2022-06-11 15:37:48'),
(876, 'Torrie Niave', 'user_icon.png', 'A6HsYtY4rVyy', 'tniaveo9@utexas.edu', '9008146213', NULL, '2022-06-11 15:37:41', '2022-06-11 15:37:48'),
(877, 'Meir Pendleberry', 'user_icon.png', 'ndXHSZ9dn', 'mpendleberryoa@ebay.com', '3324088247', NULL, '2022-06-11 15:37:41', '2022-06-11 15:37:48'),
(878, 'Marketa Pennycook', 'user_icon.png', 'k8cf2WCu', 'mpennycookob@sciencedirect.com', '3192293084', NULL, '2022-06-11 15:37:41', '2022-06-11 15:37:48'),
(879, 'Sammy Tother', 'user_icon.png', 'crrm9KX', 'stotheroc@yandex.ru', '7792886447', NULL, '2022-06-11 15:37:41', '2022-06-11 15:37:48'),
(880, 'Dierdre Bickerstaffe', 'user_icon.png', 'GiR7xDtNbsZ0', 'dbickerstaffeod@unblog.fr', '9141103810', NULL, '2022-06-11 15:37:41', '2022-06-11 15:37:48'),
(881, 'Ansley Bengough', 'user_icon.png', 'VwXt64UFIF', 'abengoughoe@arizona.edu', '6477093435', NULL, '2022-06-11 15:37:41', '2022-06-11 15:37:48'),
(882, 'Leonora Lutzmann', 'user_icon.png', 'H4IAKxVHS', 'llutzmannof@bandcamp.com', '3168119003', NULL, '2022-06-11 15:37:41', '2022-06-11 15:37:48'),
(883, 'Aprilette Marchington', 'user_icon.png', 'NgHbBr', 'amarchingtonog@123-reg.co.uk', '1787124901', NULL, '2022-06-11 15:37:41', '2022-06-11 15:37:48'),
(884, 'Caroline Kipling', 'user_icon.png', 'mI7DsHEtLZ', 'ckiplingoh@angelfire.com', '4514986023', NULL, '2022-06-11 15:37:41', '2022-06-11 15:37:48'),
(885, 'Aggi Stinchcombe', 'user_icon.png', 'Uk45K201', 'astinchcombeoi@unicef.org', '1413602858', NULL, '2022-06-11 15:37:41', '2022-06-11 15:37:48'),
(886, 'Alair Lamboll', 'user_icon.png', 'L2k8KLFiIyU', 'alambolloj@tamu.edu', '9768931073', NULL, '2022-06-11 15:37:41', '2022-06-11 15:37:48'),
(887, 'Rossie Tinmouth', 'user_icon.png', 'oevAxuI6', 'rtinmouthok@blog.com', '1919873020', NULL, '2022-06-11 15:37:41', '2022-06-11 15:37:48'),
(888, 'Esdras Seeks', 'user_icon.png', 'enZ31QKD1q', 'eseeksol@walmart.com', '4868881867', NULL, '2022-06-11 15:37:41', '2022-06-11 15:37:48'),
(889, 'Toiboid Jumont', 'user_icon.png', 'zKooECo', 'tjumontom@biblegateway.com', '9689340067', NULL, '2022-06-11 15:37:41', '2022-06-11 15:37:48'),
(890, 'Thaine Humpherson', 'user_icon.png', 'WLDj4LZ1A', 'thumphersonon@youtube.com', '4687763863', NULL, '2022-06-11 15:37:41', '2022-06-11 15:37:48'),
(891, 'Jed Cleland', 'user_icon.png', 'XEgUSLNlK9KW', 'jclelandoo@mtv.com', '5394030413', NULL, '2022-06-11 15:37:41', '2022-06-11 15:37:48'),
(892, 'Violante Biggs', 'user_icon.png', 'KGNQPYvyV', 'vbiggsop@theguardian.com', '8416329714', NULL, '2022-06-11 15:37:41', '2022-06-11 15:37:48'),
(893, 'Augustin Itzakovitz', 'user_icon.png', 'XpieKt', 'aitzakovitzoq@t.co', '4055363975', NULL, '2022-06-11 15:37:41', '2022-06-11 15:37:48'),
(894, 'Kent Cordingly', 'user_icon.png', 'n83yNDc', 'kcordinglyor@youtube.com', '7829990609', NULL, '2022-06-11 15:37:41', '2022-06-11 15:37:48'),
(895, 'Homerus Rives', 'user_icon.png', '1NAyWqna', 'hrivesos@reuters.com', '2525596003', NULL, '2022-06-11 15:37:41', '2022-06-11 15:37:48'),
(896, 'Ediva Sulley', 'user_icon.png', 'GqTFlg0bh9Z', 'esulleyot@hubpages.com', '8625095741', NULL, '2022-06-11 15:37:41', '2022-06-11 15:37:48'),
(897, 'Ermina Astle', 'user_icon.png', 'zIQKxt', 'eastleou@cnet.com', '3754891662', NULL, '2022-06-11 15:37:41', '2022-06-11 15:37:48'),
(898, 'Shep Muschette', 'user_icon.png', 'gvy4SnjXZdo', 'smuschetteov@ox.ac.uk', '5604013904', NULL, '2022-06-11 15:37:41', '2022-06-11 15:37:48'),
(899, 'Palmer Griggs', 'user_icon.png', 'eZ4mjP', 'pgriggsow@github.com', '4977603627', NULL, '2022-06-11 15:37:41', '2022-06-11 15:37:48'),
(900, 'Garik McGregor', 'user_icon.png', '9sFNZqD1Eu', 'gmcgregorox@senate.gov', '8667499394', NULL, '2022-06-11 15:37:41', '2022-06-11 15:37:48'),
(901, 'Bryan Nutbean', 'user_icon.png', 'iSMY8SMFXeY', 'bnutbeanoy@nhs.uk', '2275168413', NULL, '2022-06-11 15:37:41', '2022-06-11 15:37:48'),
(902, 'Hadria Simmons', 'user_icon.png', 'XtaQHGbvn690', 'hsimmonsoz@ucla.edu', '2458387024', NULL, '2022-06-11 15:37:41', '2022-06-11 15:37:48'),
(903, 'Lydia Kemsley', 'user_icon.png', 'MdE4NviVy', 'lkemsleyp0@mac.com', '8259401687', NULL, '2022-06-11 15:37:41', '2022-06-11 15:37:48'),
(904, 'Stephie Lamball', 'user_icon.png', 'Z1V21es7xUx', 'slamballp1@google.pl', '7706096708', NULL, '2022-06-11 15:37:41', '2022-06-11 15:37:48'),
(905, 'Pippa Ketteringham', 'user_icon.png', 'm2Lgbm', 'pketteringhamp2@paypal.com', '9718021037', NULL, '2022-06-11 15:37:41', '2022-06-11 15:37:48'),
(906, 'Lester Soppit', 'user_icon.png', 'wpmHHJ', 'lsoppitp3@jigsy.com', '1682215567', NULL, '2022-06-11 15:37:41', '2022-06-11 15:37:48'),
(907, 'Geoffry Strong', 'user_icon.png', 'yBcmE8', 'gstrongp4@twitter.com', '2822379166', NULL, '2022-06-11 15:37:41', '2022-06-11 15:37:48'),
(908, 'Silvie Hemshall', 'user_icon.png', '3w1gdS', 'shemshallp5@csmonitor.com', '1695819792', NULL, '2022-06-11 15:37:41', '2022-06-11 15:37:48'),
(909, 'Terrie Boswell', 'user_icon.png', 'YtvCi86Fxf', 'tboswellp6@craigslist.org', '3029458185', NULL, '2022-06-11 15:37:41', '2022-06-11 15:37:48'),
(910, 'Emile Hillock', 'user_icon.png', 'tdvvPq', 'ehillockp7@blogs.com', '6894918381', NULL, '2022-06-11 15:37:41', '2022-06-11 15:37:48'),
(911, 'Aguistin Rewcastle', 'user_icon.png', 'kCkIPXqTJt', 'arewcastlep8@jalbum.net', '8599237010', NULL, '2022-06-11 15:37:41', '2022-06-11 15:37:48'),
(912, 'Harwell Pennick', 'user_icon.png', 'kKsEpRDAZ', 'hpennickp9@deliciousdays.com', '8269348870', NULL, '2022-06-11 15:37:41', '2022-06-11 15:37:48'),
(913, 'Wiatt Archley', 'user_icon.png', 'HVdpX71C3', 'warchleypa@apple.com', '2871832089', NULL, '2022-06-11 15:37:41', '2022-06-11 15:37:48'),
(914, 'Phineas MacClay', 'user_icon.png', 'SF0RpU', 'pmacclaypb@tiny.cc', '4999291255', NULL, '2022-06-11 15:37:41', '2022-06-11 15:37:48'),
(915, 'Pat Metson', 'user_icon.png', 'kkaXTVm2d5k', 'pmetsonpc@chronoengine.com', '8488720805', NULL, '2022-06-11 15:37:41', '2022-06-11 15:37:48'),
(916, 'Brady Edy', 'user_icon.png', 'iJUiErgecdmT', 'bedypd@mashable.com', '2952766257', NULL, '2022-06-11 15:37:41', '2022-06-11 15:37:48'),
(917, 'Garnet Vogel', 'user_icon.png', 'na6JfrJ11Hs0', 'gvogelpe@wikimedia.org', '9226850675', NULL, '2022-06-11 15:37:41', '2022-06-11 15:37:48'),
(918, 'Christie Grime', 'user_icon.png', 'pob62kpV', 'cgrimepf@patch.com', '1237910548', NULL, '2022-06-11 15:37:41', '2022-06-11 15:37:48'),
(919, 'Delilah Hinnerk', 'user_icon.png', 'TPwRExpak', 'dhinnerkpg@mit.edu', '5962483208', NULL, '2022-06-11 15:37:41', '2022-06-11 15:37:48'),
(920, 'Kellie Hutchinges', 'user_icon.png', 'HKxHyl8gt4a2', 'khutchingesph@epa.gov', '7499128554', NULL, '2022-06-11 15:37:41', '2022-06-11 15:37:48'),
(921, 'Livvie Ridhole', 'user_icon.png', 'owqz4mzGAX', 'lridholepi@1688.com', '3425740325', NULL, '2022-06-11 15:37:41', '2022-06-11 15:37:48'),
(922, 'Ryan Devo', 'user_icon.png', 'ZT7p5bzXG', 'rdevopj@netscape.com', '9184019070', NULL, '2022-06-11 15:37:41', '2022-06-11 15:37:48'),
(923, 'Milka Brazelton', 'user_icon.png', 'w4SLtZrSY', 'mbrazeltonpk@hibu.com', '4453452325', NULL, '2022-06-11 15:37:41', '2022-06-11 15:37:48'),
(924, 'Raine Hodjetts', 'user_icon.png', 'MN8EcM7ats', 'rhodjettspl@theglobeandmail.com', '8542623462', NULL, '2022-06-11 15:37:41', '2022-06-11 15:37:48'),
(925, 'Eran Arnould', 'user_icon.png', 'XiFuOyS', 'earnouldpm@e-recht24.de', '7767683465', NULL, '2022-06-11 15:37:41', '2022-06-11 15:37:48'),
(926, 'Dulcea Kopisch', 'user_icon.png', 'eqGu1beH', 'dkopischpn@state.tx.us', '5343861307', NULL, '2022-06-11 15:37:41', '2022-06-11 15:37:48'),
(927, 'Larina Alexsandrov', 'user_icon.png', 'ZXKHgkAhLlE', 'lalexsandrovpo@google.nl', '7483479752', NULL, '2022-06-11 15:37:41', '2022-06-11 15:37:48'),
(928, 'Sherie Jaggard', 'user_icon.png', 'a2VuQli', 'sjaggardpp@pbs.org', '7556896663', NULL, '2022-06-11 15:37:41', '2022-06-11 15:37:48'),
(929, 'Rhianon Patters', 'user_icon.png', 'iClYw7hbzrT', 'rpatterspq@businessinsider.com', '2196707173', NULL, '2022-06-11 15:37:41', '2022-06-11 15:37:48'),
(930, 'Corrianne Latek', 'user_icon.png', 'SGsgPj', 'clatekpr@163.com', '6054465213', NULL, '2022-06-11 15:37:41', '2022-06-11 15:37:48'),
(931, 'Brigitta McTerrelly', 'user_icon.png', 'AYpU5mIVwtv', 'bmcterrellyps@blinklist.com', '2047593838', NULL, '2022-06-11 15:37:41', '2022-06-11 15:37:48'),
(932, 'Bianka Brignall', 'user_icon.png', 'hiukROa', 'bbrignallpt@bizjournals.com', '2833406814', NULL, '2022-06-11 15:37:41', '2022-06-11 15:37:48'),
(933, 'Ulberto Hentzeler', 'user_icon.png', 'so3Vz8', 'uhentzelerpu@infoseek.co.jp', '6401434286', NULL, '2022-06-11 15:37:41', '2022-06-11 15:37:48'),
(934, 'Melita Gellion', 'user_icon.png', 'j3krdoKWBFr', 'mgellionpv@mapy.cz', '2845471949', NULL, '2022-06-11 15:37:41', '2022-06-11 15:37:48'),
(935, 'Conrade Littleproud', 'user_icon.png', 'Somr9XX', 'clittleproudpw@google.com.br', '1299599627', NULL, '2022-06-11 15:37:41', '2022-06-11 15:37:48'),
(936, 'Enrika Molson', 'user_icon.png', 'MYoqrhYgd', 'emolsonpx@slashdot.org', '2722331936', NULL, '2022-06-11 15:37:41', '2022-06-11 15:37:48'),
(937, 'Justino Chesher', 'user_icon.png', 'MQIOZWw', 'jchesherpy@tuttocitta.it', '2983496176', NULL, '2022-06-11 15:37:41', '2022-06-11 15:37:48'),
(938, 'Janice Waistell', 'user_icon.png', 'mQM9c6nKr', 'jwaistellpz@xinhuanet.com', '1927669040', NULL, '2022-06-11 15:37:41', '2022-06-11 15:37:48'),
(939, 'Mickey Guntrip', 'user_icon.png', 'gzaA4zJU', 'mguntripq0@surveymonkey.com', '3388157021', NULL, '2022-06-11 15:37:41', '2022-06-11 15:37:48'),
(940, 'Delainey Manueli', 'user_icon.png', 'KsBGmFI', 'dmanueliq1@ox.ac.uk', '8141788811', NULL, '2022-06-11 15:37:41', '2022-06-11 15:37:48'),
(941, 'Vinny Walhedd', 'user_icon.png', 'UUzfC0W', 'vwalheddq2@plala.or.jp', '9159610450', NULL, '2022-06-11 15:37:41', '2022-06-11 15:37:48'),
(942, 'Mercy Nickerson', 'user_icon.png', 'CqwSdgDrB3i', 'mnickersonq3@aboutads.info', '9388813761', NULL, '2022-06-11 15:37:41', '2022-06-11 15:37:48'),
(943, 'Kearney Fairbrace', 'user_icon.png', 'iKLOtudeTU', 'kfairbraceq4@chicagotribune.com', '6579200593', NULL, '2022-06-11 15:37:41', '2022-06-11 15:37:48'),
(944, 'Norri Vanyutin', 'user_icon.png', 'rzEnLvH', 'nvanyutinq5@bigcartel.com', '1051198834', NULL, '2022-06-11 15:37:41', '2022-06-11 15:37:48'),
(945, 'Iolanthe Rossetti', 'user_icon.png', 'qwX8gSPqh', 'irossettiq6@newsvine.com', '4627592263', NULL, '2022-06-11 15:37:41', '2022-06-11 15:37:48'),
(946, 'Christopher Jalland', 'user_icon.png', 'ZKZyEP', 'cjallandq7@ycombinator.com', '9849414260', NULL, '2022-06-11 15:37:41', '2022-06-11 15:37:48'),
(947, 'Jackie Chatenier', 'user_icon.png', 'EQOtj0a', 'jchatenierq8@dedecms.com', '6317246629', NULL, '2022-06-11 15:37:41', '2022-06-11 15:37:48'),
(948, 'Sheryl Harmeston', 'user_icon.png', 'AFmp8R414', 'sharmestonq9@themeforest.net', '7378672793', NULL, '2022-06-11 15:37:41', '2022-06-11 15:37:48'),
(949, 'Sayer Benettini', 'user_icon.png', 'JdlTU77c', 'sbenettiniqa@techcrunch.com', '4729819546', NULL, '2022-06-11 15:37:41', '2022-06-11 15:37:48'),
(950, 'Norri Mogra', 'user_icon.png', 'uVxUEccvNoX', 'nmograqb@hostgator.com', '4999589840', NULL, '2022-06-11 15:37:41', '2022-06-11 15:37:48'),
(951, 'Ashlee Snelling', 'user_icon.png', 'LmKmDTM9', 'asnellingqc@miibeian.gov.cn', '1979512148', NULL, '2022-06-11 15:37:41', '2022-06-11 15:37:48'),
(952, 'Dee dee Schwartz', 'user_icon.png', 'a49gECK70', 'ddeeqd@sourceforge.net', '1364764173', NULL, '2022-06-11 15:37:41', '2022-06-11 15:37:48'),
(953, 'Gigi Dodsworth', 'user_icon.png', 'ZMsrHS4mK', 'gdodsworthqe@ed.gov', '2438817565', NULL, '2022-06-11 15:37:41', '2022-06-11 15:37:48'),
(954, 'Meir Gethen', 'user_icon.png', 'YTitdkwf64t', 'mgethenqf@blogspot.com', '1243571018', NULL, '2022-06-11 15:37:41', '2022-06-11 15:37:48'),
(955, 'Renard Roscow', 'user_icon.png', 'LmgK3RgqCH8', 'rroscowqg@barnesandnoble.com', '1754765383', NULL, '2022-06-11 15:37:41', '2022-06-11 15:37:48'),
(956, 'Yolanda Sappy', 'user_icon.png', '7k4Qk6qd', 'ysappyqh@examiner.com', '6657935621', NULL, '2022-06-11 15:37:41', '2022-06-11 15:37:48'),
(957, 'Wallie Arnecke', 'user_icon.png', 'rb4w0Z', 'warneckeqi@buzzfeed.com', '1752474737', NULL, '2022-06-11 15:37:41', '2022-06-11 15:37:48'),
(958, 'Coretta Dincke', 'user_icon.png', 'oiXGKC', 'cdinckeqj@nyu.edu', '7733443662', NULL, '2022-06-11 15:37:41', '2022-06-11 15:37:48'),
(959, 'Cal Sowle', 'user_icon.png', 'T65eSh1DVS', 'csowleqk@examiner.com', '4931355455', NULL, '2022-06-11 15:37:41', '2022-06-11 15:37:48'),
(960, 'Beltran Potticary', 'user_icon.png', 'mFQWu4l', 'bpotticaryql@webeden.co.uk', '4112524064', NULL, '2022-06-11 15:37:41', '2022-06-11 15:37:48'),
(961, 'Sophronia Knowler', 'user_icon.png', 'RkyWsl3', 'sknowlerqm@dailymail.co.uk', '2329625325', NULL, '2022-06-11 15:37:41', '2022-06-11 15:37:48'),
(962, 'Beck Platt', 'user_icon.png', 'eOpGVjW', 'bplattqn@indiatimes.com', '5699190501', NULL, '2022-06-11 15:37:41', '2022-06-11 15:37:48'),
(963, 'Sherry Tendahl', 'user_icon.png', 'KgKUHn', 'stendahlqo@goo.gl', '2736108492', NULL, '2022-06-11 15:37:41', '2022-06-11 15:37:48'),
(964, 'Minerva Piolli', 'user_icon.png', 'pCNfJxM', 'mpiolliqp@patch.com', '4714140444', NULL, '2022-06-11 15:37:41', '2022-06-11 15:37:48'),
(965, 'Liana Carnall', 'user_icon.png', 'FkQ4fk', 'lcarnallqq@ihg.com', '7881828714', NULL, '2022-06-11 15:37:41', '2022-06-11 15:37:48'),
(966, 'Ludvig Ings', 'user_icon.png', 'W7LG5X1me', 'lingsqr@fotki.com', '5087596147', NULL, '2022-06-11 15:37:41', '2022-06-11 15:37:48'),
(967, 'Kendal Draco', 'user_icon.png', 'nyXVwpHwCY', 'kdracoqs@oakley.com', '3856209966', NULL, '2022-06-11 15:37:41', '2022-06-11 15:37:48'),
(968, 'Neale Gaukroger', 'user_icon.png', 'JmQ1PQ', 'ngaukrogerqt@netlog.com', '4185227000', NULL, '2022-06-11 15:37:41', '2022-06-11 15:37:48'),
(969, 'Wally Moxham', 'user_icon.png', 'aS3YH4E7b', 'wmoxhamqu@fastcompany.com', '4537774573', NULL, '2022-06-11 15:37:41', '2022-06-11 15:37:48'),
(970, 'Eran Dillow', 'user_icon.png', 'lDZcROIHtg4D', 'edillowqv@mayoclinic.com', '2533476208', NULL, '2022-06-11 15:37:41', '2022-06-11 15:37:48'),
(971, 'Kilian Weaver', 'user_icon.png', 'srK4Hx', 'kweaverqw@time.com', '4326425694', NULL, '2022-06-11 15:37:41', '2022-06-11 15:37:48'),
(972, 'Sauveur Abele', 'user_icon.png', 'lPXl29', 'sabeleqx@naver.com', '8853746300', NULL, '2022-06-11 15:37:41', '2022-06-11 15:37:48'),
(973, 'Caye Braksper', 'user_icon.png', '9d3vl22', 'cbraksperqy@sciencedaily.com', '4234715996', NULL, '2022-06-11 15:37:41', '2022-06-11 15:37:48'),
(974, 'Mallory Goby', 'user_icon.png', 'c6XSq00j', 'mgobyqz@indiegogo.com', '1039309220', NULL, '2022-06-11 15:37:41', '2022-06-11 15:37:48'),
(975, 'Lynde McEnhill', 'user_icon.png', 'S9J0QG0xjK', 'lmcenhillr0@yale.edu', '1218112753', NULL, '2022-06-11 15:37:41', '2022-06-11 15:37:48'),
(976, 'Thadeus Wilkinson', 'user_icon.png', 'i7K03a', 'twilkinsonr1@yale.edu', '9045814554', NULL, '2022-06-11 15:37:41', '2022-06-11 15:37:48'),
(977, 'Court Ovenell', 'user_icon.png', 'jiJIxJSJ', 'covenellr2@hud.gov', '4708531099', NULL, '2022-06-11 15:37:41', '2022-06-11 15:37:48'),
(978, 'Phedra Harvey', 'user_icon.png', 'zLrfI20Zlyrz', 'pharveyr3@dion.ne.jp', '9606309228', NULL, '2022-06-11 15:37:41', '2022-06-11 15:37:48'),
(979, 'Seymour Brocks', 'user_icon.png', 'l7OvnNzYe', 'sbrocksr4@deviantart.com', '2592569813', NULL, '2022-06-11 15:37:41', '2022-06-11 15:37:48'),
(980, 'Winn Jellico', 'user_icon.png', 'OQKcu5xBexc', 'wjellicor5@bloglovin.com', '3229478199', NULL, '2022-06-11 15:37:41', '2022-06-11 15:37:48'),
(981, 'Jilleen Darte', 'user_icon.png', 'IEJxtXq1Q', 'jdarter6@webmd.com', '2748458440', NULL, '2022-06-11 15:37:41', '2022-06-11 15:37:48'),
(982, 'Mose Henrych', 'user_icon.png', 'Xe8pChHN6T', 'mhenrychr7@friendfeed.com', '3418447209', NULL, '2022-06-11 15:37:41', '2022-06-11 15:37:48'),
(983, 'Rene Brahan', 'user_icon.png', 'l5xa5pCDK', 'rbrahanr8@pcworld.com', '8163529685', NULL, '2022-06-11 15:37:41', '2022-06-11 15:37:48'),
(984, 'Eileen Klausewitz', 'user_icon.png', 'Z63isvT', 'eklausewitzr9@globo.com', '7133405403', NULL, '2022-06-11 15:37:41', '2022-06-11 15:37:48'),
(985, 'Benedict Beushaw', 'user_icon.png', '6tlrjqDDH4', 'bbeushawra@studiopress.com', '1906953786', NULL, '2022-06-11 15:37:41', '2022-06-11 15:37:48'),
(986, 'Ring Rait', 'user_icon.png', '7F6dmIs', 'rraitrb@163.com', '8715949469', NULL, '2022-06-11 15:37:41', '2022-06-11 15:37:48'),
(987, 'Grethel Powys', 'user_icon.png', 'GGdmZy0rB7', 'gpowysrc@blogger.com', '1448090282', NULL, '2022-06-11 15:37:41', '2022-06-11 15:37:48'),
(988, 'Leese Swainger', 'user_icon.png', 'WPPT4EhTZd', 'lswaingerrd@shutterfly.com', '2326005639', NULL, '2022-06-11 15:37:41', '2022-06-11 15:37:48'),
(989, 'Evvy Garn', 'user_icon.png', 'Gr7JfaqA', 'egarnre@indiatimes.com', '6362177673', NULL, '2022-06-11 15:37:41', '2022-06-11 15:37:48'),
(990, 'Demetris Rawsthorne', 'user_icon.png', 'x0eG37A', 'drawsthornerf@lulu.com', '5043418638', NULL, '2022-06-11 15:37:41', '2022-06-11 15:37:48'),
(991, 'Devinne Garms', 'user_icon.png', 'HWvIm7xoRZZ', 'dgarmsrg@time.com', '4307530990', NULL, '2022-06-11 15:37:41', '2022-06-11 15:37:48'),
(992, 'Wynn Pennycook', 'user_icon.png', 'cZRVji', 'wpennycookrh@tamu.edu', '5154406669', NULL, '2022-06-11 15:37:41', '2022-06-11 15:37:48'),
(993, 'Lon Doggrell', 'user_icon.png', 'nJvThY7j', 'ldoggrellri@networksolutions.com', '5182011027', NULL, '2022-06-11 15:37:41', '2022-06-11 15:37:48'),
(994, 'Antoni Iddins', 'user_icon.png', 'ehrrerF9GUIw', 'aiddinsrj@e-recht24.de', '1797132360', NULL, '2022-06-11 15:37:41', '2022-06-11 15:37:48'),
(995, 'Mathilde Elam', 'user_icon.png', 'KXdZ4Bik', 'melamrk@microsoft.com', '3833814564', NULL, '2022-06-11 15:37:41', '2022-06-11 15:37:48'),
(996, 'Kally Whild', 'user_icon.png', 'shZWhDeoi', 'kwhildrl@free.fr', '5865193528', NULL, '2022-06-11 15:37:41', '2022-06-11 15:37:48'),
(997, 'Timi Petters', 'user_icon.png', 'Itl3dxq4BEfk', 'tpettersrm@cbslocal.com', '7887499126', NULL, '2022-06-11 15:37:41', '2022-06-11 15:37:48'),
(998, 'Pia Baxstar', 'user_icon.png', 'b8vPyISbm1s', 'pbaxstarrn@geocities.com', '8688335252', NULL, '2022-06-11 15:37:41', '2022-06-11 15:37:48'),
(999, 'Gunner Bremond', 'user_icon.png', 'BwUzs69Y', 'gbremondro@163.com', '2284815918', NULL, '2022-06-11 15:37:41', '2022-06-11 15:37:48'),
(1000, 'Isidro Szimoni', 'user_icon.png', 'E9QClF', 'iszimonirp@ftc.gov', '7892762512', NULL, '2022-06-11 15:37:41', '2022-06-11 15:37:48'),
(1001, 'Edita Kohen', 'user_icon.png', 'rAQy7WRmRKMa', 'ekohenrq@moonfruit.com', '5195733317', NULL, '2022-06-11 15:37:41', '2022-06-11 15:37:48'),
(1002, 'Nike Koeppke', 'user_icon.png', 'OjR6KJ', 'nkoeppkerr@ucsd.edu', '8617096823', NULL, '2022-06-11 15:37:41', '2022-06-11 15:37:48'),
(1003, 'Nguyễn Đức Bảo', 'user_icon.png', '337533cfd3ce6ae3c28e91312bfcfdff', 'nguyenducbaokey@gmail.com', '0788049042', NULL, '2022-06-11 14:37:03', '2022-06-11 14:37:03'),
(1004, 'Bao Nguyen', 'user_icon.png', '337533cfd3ce6ae3c28e91312bfcfdff', 'nguyenducbao1@gmail.com', '0788049042', NULL, '2022-06-11 17:13:02', '2022-06-11 17:13:02'),
(1005, 'Bao Nguyen', 'user_icon.png', '337533cfd3ce6ae3c28e91312bfcfdff', 'nguyenducbao2@gmail.com', '0788049042', NULL, '2022-06-11 17:21:32', '2022-06-11 17:21:32'),
(1006, 'Nguyễn Bảo', 'user_icon.png', '337533cfd3ce6ae3c28e91312bfcfdff', 'nguyenducbao3@gmail.com', '0788049042', NULL, '2022-06-11 17:49:07', '2022-06-11 17:49:07');

-- --------------------------------------------------------

--
-- Table structure for table `tbl_detail`
--

CREATE TABLE `tbl_detail` (
  `detail_id` bigint(20) UNSIGNED NOT NULL,
  `order_id` int(11) NOT NULL,
  `product_id` int(11) NOT NULL,
  `product_name` varchar(255) COLLATE utf8mb4_unicode_ci NOT NULL,
  `product_price` double(8,2) NOT NULL,
  `product_sales_quantity` varchar(255) COLLATE utf8mb4_unicode_ci NOT NULL,
  `created_at` timestamp NULL DEFAULT NULL,
  `updated_at` timestamp NULL DEFAULT NULL
) ENGINE=InnoDB DEFAULT CHARSET=utf8mb4 COLLATE=utf8mb4_unicode_ci;

--
-- Dumping data for table `tbl_detail`
--

INSERT INTO `tbl_detail` (`detail_id`, `order_id`, `product_id`, `product_name`, `product_price`, `product_sales_quantity`, `created_at`, `updated_at`) VALUES
(1, 1, 48, 'Silver ring with rhinestones', 275.00, '1', NULL, NULL),
(2, 2, 48, 'Silver ring with rhinestones', 275.00, '1', NULL, NULL),
(3, 3, 29, 'Wedding Rings ECZ 05', 749.00, '1', NULL, NULL),
(4, 4, 29, 'Wedding Rings ECZ 05', 749.00, '1', NULL, NULL),
(5, 5, 29, 'Wedding Rings ECZ 05', 749.00, '1', NULL, NULL),
(6, 6, 29, 'Wedding Rings ECZ 05', 749.00, '1', NULL, NULL),
(7, 7, 29, 'Wedding Rings ECZ 05', 749.00, '1', NULL, NULL),
(8, 8, 29, 'Wedding Rings ECZ 05', 749.00, '1', NULL, NULL),
(9, 9, 29, 'Wedding Rings ECZ 05', 749.00, '1', NULL, NULL),
(10, 11, 29, 'Wedding Rings ECZ 05', 749.00, '1', NULL, NULL),
(11, 12, 29, 'Wedding Rings ECZ 05', 749.00, '1', NULL, NULL),
(12, 13, 29, 'Wedding Rings ECZ 05', 749.00, '1', NULL, NULL),
(13, 14, 36, 'Ring ECZ 03', 428.40, '1', NULL, NULL),
(14, 15, 36, 'Ring ECZ 03', 428.40, '1', NULL, NULL),
(15, 16, 36, 'Ring ECZ 03', 428.40, '1', NULL, NULL),
(16, 17, 36, 'Ring ECZ 03', 428.40, '1', NULL, NULL),
(17, 18, 109, 'Peridot Set', 1830.00, '3', NULL, NULL),
(18, 18, 64, 'Earrings stones', 39.20, '1', NULL, NULL),
(19, 19, 107, '18K Citrine Set', 1472.10, '3', NULL, NULL),
(20, 19, 101, 'White Gold Set 02', 2560.00, '2', NULL, NULL),
(21, 20, 42, 'Ring CZ', 187.00, '1', NULL, NULL),
(22, 20, 110, 'Pendant Blue', 256.80, '1', NULL, NULL),
(23, 20, 67, 'Earrings Heart', 41.00, '1', NULL, NULL),
(24, 21, 95, '18K Italian Bracelet 03', 356.00, '3', NULL, NULL),
(25, 22, 60, 'Heart-hugging pig earrings', 30.40, '2', NULL, NULL),
(26, 23, 99, 'White Gold ECZ Set', 2394.70, '3', NULL, NULL),
(27, 23, 109, 'Peridot Set', 1830.00, '2', NULL, NULL),
(28, 24, 109, 'Peridot Set', 1830.00, '4', NULL, NULL),
(29, 25, 16, 'Wedding Rings Diamond ', 260.00, '2', NULL, NULL),
(30, 25, 105, '18K Gold Earrings', 356.00, '2', NULL, NULL),
(31, 25, 107, '18K Citrine Set', 1472.10, '2', NULL, NULL),
(32, 26, 89, '10K Bracelet Synthetic', 416.80, '3', NULL, NULL),
(33, 26, 100, 'White Gold Set 01', 2268.70, '2', NULL, NULL),
(34, 27, 103, '14K Topaz Set', 1764.70, '1', NULL, NULL),
(35, 27, 107, '18K Citrine Set', 1472.10, '1', NULL, NULL),
(36, 28, 106, '18K Gold Set', 2031.00, '1', NULL, NULL),
(37, 28, 96, 'DIY Bracelet', 356.00, '1', NULL, NULL);

-- --------------------------------------------------------

--
-- Table structure for table `tbl_discount`
--

CREATE TABLE `tbl_discount` (
  `discount_id` bigint(20) UNSIGNED NOT NULL,
  `discount_name` varchar(255) COLLATE utf8mb4_unicode_ci NOT NULL,
  `discount_percent` int(11) NOT NULL,
  `discount_object` varchar(255) COLLATE utf8mb4_unicode_ci NOT NULL,
  `discount_image` varchar(100) COLLATE utf8mb4_unicode_ci DEFAULT NULL,
  `status` int(11) NOT NULL,
  `created_at` timestamp NULL DEFAULT NULL,
  `updated_at` timestamp NULL DEFAULT NULL
) ENGINE=InnoDB DEFAULT CHARSET=utf8mb4 COLLATE=utf8mb4_unicode_ci;

--
-- Dumping data for table `tbl_discount`
--

INSERT INTO `tbl_discount` (`discount_id`, `discount_name`, `discount_percent`, `discount_object`, `discount_image`, `status`, `created_at`, `updated_at`) VALUES
(4, 'No Discount', 0, 'Gold Jewelry', 'icon-3h71.svg', 1, NULL, NULL),
(6, 'Sale up to 20%', 20, 'Gold Jewelry', 'icon-3h79.svg', 1, NULL, NULL),
(7, 'Sale up to 30%', 30, 'vòng tay', NULL, 1, NULL, NULL),
(8, 'Sale up to 20%', 20, 'Gold Jewelry', 'icon-3h0.svg', 1, NULL, NULL),
(9, 'Sale up to 30%', 30, 'Gold Jewelry', 'icon-3h98.svg', 1, NULL, NULL),
(10, 'Sale up to 30%', 30, 'Gold Jewelry', NULL, 1, NULL, NULL),
(11, 'Sale up to 30%', 30, 'bông tai', NULL, 1, NULL, NULL),
(12, 'No Discount', 0, 'Gold Jewelry', 'icon-3h30.svg', 1, NULL, NULL),
(13, 'Sale up to 20%', 20, 'Gold Jewelry', 'icon-3h33.svg', 1, NULL, NULL),
(14, 'No Discount', 0, 'Gold Jewelry', 'icon-3h71.svg', 1, NULL, NULL),
(15, 'No Discount', 0, 'Gold Jewelry', 'icon-3h26.svg', 1, NULL, NULL),
(16, 'Sale up to 30%', 30, 'Dây Chuyền', NULL, 1, NULL, NULL),
(18, 'Sale up to 30%', 30, 'nhẫn cưới', NULL, 1, NULL, NULL),
(19, 'Sale up to 20%', 20, 'Gold Jewelry', 'icon-3h7.svg', 1, NULL, NULL),
(21, 'No Discount', 0, 'Gold Jewelry', 'icon-3h95.svg', 1, NULL, NULL),
(22, 'No Discount', 0, 'Jewelry Set', 'icon-3h79.svg', 1, NULL, NULL),
(23, 'Sale up to 20%', 20, 'Ring', NULL, 1, NULL, NULL),
(24, 'Sale up to 20%', 20, 'Necklace', 'icon-3h67.svg', 1, NULL, NULL);

-- --------------------------------------------------------

--
-- Table structure for table `tbl_imagesdetail`
--

CREATE TABLE `tbl_imagesdetail` (
  `id` int(10) UNSIGNED NOT NULL,
  `id_product` int(11) NOT NULL,
  `product_name` varchar(255) COLLATE utf8mb4_unicode_ci NOT NULL,
  `images_detail` text COLLATE utf8mb4_unicode_ci DEFAULT NULL,
  `created_at` timestamp NULL DEFAULT NULL,
  `updated_at` timestamp NULL DEFAULT NULL
) ENGINE=InnoDB DEFAULT CHARSET=utf8mb4 COLLATE=utf8mb4_unicode_ci;

--
-- Dumping data for table `tbl_imagesdetail`
--

INSERT INTO `tbl_imagesdetail` (`id`, `id_product`, `product_name`, `images_detail`, `created_at`, `updated_at`) VALUES
(7, 5, '18K Gold Diamond Diamond Wedding Rings98.png', '18K Gold Diamond Diamond Wedding Rings98.png', NULL, NULL),
(8, 6, 'bo-trang-suc-vang-trang-10k-dinh-da81.png', 'bo-trang-suc-vang-trang-10k-dinh-da81.png', NULL, NULL),
(9, 6, 'bo-trang-suc-vang-trang-10k-dinh-da-2 - Copy12.png', 'bo-trang-suc-vang-trang-10k-dinh-da-2 - Copy12.png', NULL, NULL),
(10, 6, 'bo-trang-suc-vang-trang-10k-dinh-da-355.png', 'bo-trang-suc-vang-trang-10k-dinh-da-355.png', NULL, NULL),
(11, 6, 'bo-trang-suc-vang-trang-10k-dinh-da-471.png', 'bo-trang-suc-vang-trang-10k-dinh-da-471.png', NULL, NULL),
(12, 6, 'bo-trang-suc-vang-trang-10k-dinh-da-52.png', 'bo-trang-suc-vang-trang-10k-dinh-da-52.png', NULL, NULL),
(13, 7, 'bo-trang-suc-kim-cuong-vang-trang-14k23.png', 'bo-trang-suc-kim-cuong-vang-trang-14k23.png', NULL, NULL),
(14, 7, 'bo-trang-suc-kim-cuong-vang-trang-14k-117.png', 'bo-trang-suc-kim-cuong-vang-trang-14k-117.png', NULL, NULL),
(15, 7, 'bo-trang-suc-kim-cuong-vang-trang-14k-214.png', 'bo-trang-suc-kim-cuong-vang-trang-14k-214.png', NULL, NULL),
(16, 8, 'bo-trang-suc-kim-cuong-vang-trang-14k Disney15.png', 'bo-trang-suc-kim-cuong-vang-trang-14k Disney15.png', NULL, NULL),
(17, 8, 'bo-trang-suc-kim-cuong-vang-trang-14k Disney_139.png', 'bo-trang-suc-kim-cuong-vang-trang-14k Disney_139.png', NULL, NULL),
(18, 8, 'bo-trang-suc-kim-cuong-vang-trang-14k Disney_28.png', 'bo-trang-suc-kim-cuong-vang-trang-14k Disney_28.png', NULL, NULL),
(19, 9, 'bo-trang-suc-kim-cuong-vang-14k23.png', 'bo-trang-suc-kim-cuong-vang-14k23.png', NULL, NULL),
(20, 9, 'bo-trang-suc-kim-cuong-vang-14k-10.png', 'bo-trang-suc-kim-cuong-vang-14k-10.png', NULL, NULL),
(21, 9, 'bo-trang-suc-kim-cuong-vang-14k-238.png', 'bo-trang-suc-kim-cuong-vang-14k-238.png', NULL, NULL),
(22, 9, 'bo-trang-suc-kim-cuong-vang-14k-358.png', 'bo-trang-suc-kim-cuong-vang-14k-358.png', NULL, NULL),
(23, 10, 'bo-trang-suc-vang-14k-dinh-da-moon88.png', 'bo-trang-suc-vang-14k-dinh-da-moon88.png', NULL, NULL),
(24, 10, 'bo-trang-suc-vang-14k-dinh-da-moon-140.png', 'bo-trang-suc-vang-14k-dinh-da-moon-140.png', NULL, NULL),
(25, 10, 'bo-trang-suc-vang-14k-dinh-da-moon-276.png', 'bo-trang-suc-vang-14k-dinh-da-moon-276.png', NULL, NULL),
(26, 10, 'bo-trang-suc-vang-14k-dinh-da-moon-379.png', 'bo-trang-suc-vang-14k-dinh-da-moon-379.png', NULL, NULL),
(27, 11, 'bo-trang-suc-vang-14k-dinh-da-peridot46.png', 'bo-trang-suc-vang-14k-dinh-da-peridot46.png', NULL, NULL),
(28, 11, 'bo-trang-suc-vang-14k-dinh-da-peridot-136.png', 'bo-trang-suc-vang-14k-dinh-da-peridot-136.png', NULL, NULL),
(29, 11, 'bo-trang-suc-vang-14k-dinh-da-peridot-282.png', 'bo-trang-suc-vang-14k-dinh-da-peridot-282.png', NULL, NULL),
(30, 11, 'bo-trang-suc-vang-14k-dinh-da-peridot-386.png', 'bo-trang-suc-vang-14k-dinh-da-peridot-386.png', NULL, NULL),
(31, 12, 'Bộ_trang_sức_Bạc_đính_đá_ECZ26.png', 'Bộ_trang_sức_Bạc_đính_đá_ECZ26.png', NULL, NULL),
(32, 12, 'Bộ_trang_sức_Bạc_đính_đá_ECZ_163.png', 'Bộ_trang_sức_Bạc_đính_đá_ECZ_163.png', NULL, NULL),
(33, 12, 'Bộ_trang_sức_Bạc_đính_đá_ECZ_252.png', 'Bộ_trang_sức_Bạc_đính_đá_ECZ_252.png', NULL, NULL),
(34, 12, 'Bộ_trang_sức_Bạc_đính_đá_ECZ_31.png', 'Bộ_trang_sức_Bạc_đính_đá_ECZ_31.png', NULL, NULL),
(35, 13, 'bo-trang-suc-bac-dinh-da-silver87.png', 'bo-trang-suc-bac-dinh-da-silver87.png', NULL, NULL),
(36, 13, 'bo-trang-suc-bac-dinh-da-silver_319.png', 'bo-trang-suc-bac-dinh-da-silver_319.png', NULL, NULL),
(37, 13, 'bo-trang-suc-bac-dinh-da-silver-10.png', 'bo-trang-suc-bac-dinh-da-silver-10.png', NULL, NULL),
(38, 13, 'bo-trang-suc-bac-dinh-da-silver-20.png', 'bo-trang-suc-bac-dinh-da-silver-20.png', NULL, NULL),
(39, 14, 'bo-trang-suc-vang-trang-10k-dinh-da-ecz89.png', 'bo-trang-suc-vang-trang-10k-dinh-da-ecz89.png', NULL, NULL),
(40, 15, 'bo-trang-suc-vang-trang-10k-dinhda-ecz0.png', 'bo-trang-suc-vang-trang-10k-dinhda-ecz0.png', NULL, NULL),
(41, 15, 'bo-trang-suc-vang-trang-10k-dinhda-ecz-148.png', 'bo-trang-suc-vang-trang-10k-dinhda-ecz-148.png', NULL, NULL),
(42, 15, 'bo-trang-suc-vang-trang-10k-dinhda-ecz-261.png', 'bo-trang-suc-vang-trang-10k-dinhda-ecz-261.png', NULL, NULL),
(43, 15, 'bo-trang-suc-vang-trang-10k-dinhda-ecz-366.png', 'bo-trang-suc-vang-trang-10k-dinhda-ecz-366.png', NULL, NULL),
(44, 16, '14K CZK White Gold Diamond Wedding Rings30.png', '14K CZK White Gold Diamond Wedding Rings30.png', NULL, NULL),
(45, 16, '14K CZK White Gold Diamond Wedding Rings-184.png', '14K CZK White Gold Diamond Wedding Rings-184.png', NULL, NULL),
(46, 16, '14K CZK White Gold Diamond Wedding Rings-335.png', '14K CZK White Gold Diamond Wedding Rings-335.png', NULL, NULL),
(47, 16, '14K CZK White Gold Diamond Wedding Rings-47.png', '14K CZK White Gold Diamond Wedding Rings-47.png', NULL, NULL),
(48, 17, '10K White Gold Wedding Rings ECZ95.png', '10K White Gold Wedding Rings ECZ95.png', NULL, NULL),
(49, 18, '14K White Gold Diamond Wedding Rings27.png', '14K White Gold Diamond Wedding Rings27.png', NULL, NULL),
(50, 19, '18K Gold Diamond Diamond Wedding Rings81.png', '18K Gold Diamond Diamond Wedding Rings81.png', NULL, NULL),
(51, 20, '18K Gold Diamond Wedding Rings Chung Doi43.png', '18K Gold Diamond Wedding Rings Chung Doi43.png', NULL, NULL),
(52, 21, '18K Gold Diamond Wedding Rings51.png', '18K Gold Diamond Wedding Rings51.png', NULL, NULL),
(53, 22, '18K Gold Wedding Rings ECZ8.png', '18K Gold Wedding Rings ECZ8.png', NULL, NULL),
(54, 23, '18K Gold Wedding Rings Long Phung8.png', '18K Gold Wedding Rings Long Phung8.png', NULL, NULL),
(55, 24, 'Pair of 10K white gold wedding rings with ECZ stones 111.png', 'Pair of 10K white gold wedding rings with ECZ stones 111.png', NULL, NULL),
(56, 25, '18K Gold Wedding Rings Se Duyen75.png', '18K Gold Wedding Rings Se Duyen75.png', NULL, NULL),
(57, 26, '18K Gold Wedding Rings81.png', '18K Gold Wedding Rings81.png', NULL, NULL),
(58, 27, 'Pair of 10K white gold wedding rings with ECZ87.png', 'Pair of 10K white gold wedding rings with ECZ87.png', NULL, NULL),
(59, 28, 'Pair of 10K White Gold Wedding Rings68.png', 'Pair of 10K White Gold Wedding Rings68.png', NULL, NULL),
(60, 29, 'Pair of 18K Gold wedding rings with ECZ stones96.png', 'Pair of 18K Gold wedding rings with ECZ stones96.png', NULL, NULL),
(61, 30, 'Pair of 18K Gold wedding rings with ECZ32.png', 'Pair of 18K Gold wedding rings with ECZ32.png', NULL, NULL),
(62, 31, 'Platinum diamond engagement rings ECZ64.png', 'Platinum diamond engagement rings ECZ64.png', NULL, NULL),
(63, 32, 'Platinum diamond engagement rings35.png', 'Platinum diamond engagement rings35.png', NULL, NULL),
(64, 32, 'Platinum diamond engagement rings-133.png', 'Platinum diamond engagement rings-133.png', NULL, NULL),
(65, 32, 'Platinum diamond engagement rings-231.png', 'Platinum diamond engagement rings-231.png', NULL, NULL),
(66, 32, 'Platinum diamond engagement rings-336.png', 'Platinum diamond engagement rings-336.png', NULL, NULL),
(67, 31, 'Platinum diamond engagement rings ECZ-124.png', 'Platinum diamond engagement rings ECZ-124.png', NULL, NULL),
(68, 30, 'Pair of 18K Gold wedding rings with ECZ -118.png', 'Pair of 18K Gold wedding rings with ECZ -118.png', NULL, NULL),
(69, 30, 'Pair of 18K Gold wedding rings with ECZ_285.png', 'Pair of 18K Gold wedding rings with ECZ_285.png', NULL, NULL),
(70, 30, 'Pair of 18K Gold wedding rings with ECZ_351.png', 'Pair of 18K Gold wedding rings with ECZ_351.png', NULL, NULL),
(71, 29, 'Pair of 18K Gold wedding rings with ECZ stones-135.png', 'Pair of 18K Gold wedding rings with ECZ stones-135.png', NULL, NULL),
(72, 29, 'Pair of 18K Gold wedding rings with ECZ stones-284.png', 'Pair of 18K Gold wedding rings with ECZ stones-284.png', NULL, NULL),
(73, 28, 'Pair of 10K White Gold Wedding Rings 129.png', 'Pair of 10K White Gold Wedding Rings 129.png', NULL, NULL),
(74, 28, 'Pair of 10K White Gold Wedding Rings 260.png', 'Pair of 10K White Gold Wedding Rings 260.png', NULL, NULL),
(75, 27, 'Pair of 10K white gold wedding rings with ECZ  284.png', 'Pair of 10K white gold wedding rings with ECZ  284.png', NULL, NULL),
(76, 27, 'Pair of 10K white gold wedding rings with ECZ 195.png', 'Pair of 10K white gold wedding rings with ECZ 195.png', NULL, NULL),
(77, 26, '18K Gold Wedding Rings-121.png', '18K Gold Wedding Rings-121.png', NULL, NULL),
(78, 26, '18K Gold Wedding Rings-266.png', '18K Gold Wedding Rings-266.png', NULL, NULL),
(79, 25, '18K Gold Wedding Rings Se Duyen-123.png', '18K Gold Wedding Rings Se Duyen-123.png', NULL, NULL),
(80, 25, '18K Gold Wedding Rings Se Duyen-247.png', '18K Gold Wedding Rings Se Duyen-247.png', NULL, NULL),
(81, 22, '18K Gold Wedding Rings ECZ 10.png', '18K Gold Wedding Rings ECZ 10.png', NULL, NULL),
(82, 22, '18K Gold Wedding Rings ECZ 293.png', '18K Gold Wedding Rings ECZ 293.png', NULL, NULL),
(83, 22, '18K Gold Wedding Rings ECZ 328.png', '18K Gold Wedding Rings ECZ 328.png', NULL, NULL),
(84, 21, '18K Gold Diamond Wedding Rings 168.png', '18K Gold Diamond Wedding Rings 168.png', NULL, NULL),
(85, 21, '18K Gold Diamond Wedding Rings 28.png', '18K Gold Diamond Wedding Rings 28.png', NULL, NULL),
(86, 24, 'Pair of 10K white gold wedding rings with ECZ stones 249.png', 'Pair of 10K white gold wedding rings with ECZ stones 249.png', NULL, NULL),
(87, 24, 'Pair of 10K white gold wedding rings with ECZ stones 327.png', 'Pair of 10K white gold wedding rings with ECZ stones 327.png', NULL, NULL),
(88, 24, 'Pair of 10K white gold wedding rings with ECZ stones97.png', 'Pair of 10K white gold wedding rings with ECZ stones97.png', NULL, NULL),
(89, 23, '18K Gold Wedding Rings Long Phung-15.png', '18K Gold Wedding Rings Long Phung-15.png', NULL, NULL),
(90, 23, '18K Gold Wedding Rings Long Phung-281.png', '18K Gold Wedding Rings Long Phung-281.png', NULL, NULL),
(91, 20, '18K Gold Diamond Wedding Rings Chung Doi 164.png', '18K Gold Diamond Wedding Rings Chung Doi 164.png', NULL, NULL),
(92, 20, '18K Gold Diamond Wedding Rings Chung Doi 237.png', '18K Gold Diamond Wedding Rings Chung Doi 237.png', NULL, NULL),
(93, 19, '18k Gold Diamond Diamond Wedding Rings-149.png', '18k Gold Diamond Diamond Wedding Rings-149.png', NULL, NULL),
(94, 19, '18k Gold Diamond Diamond Wedding Rings-222.png', '18k Gold Diamond Diamond Wedding Rings-222.png', NULL, NULL),
(95, 19, '18k Gold Diamond Diamond Wedding Rings-335.png', '18k Gold Diamond Diamond Wedding Rings-335.png', NULL, NULL),
(96, 18, '14K White Gold Diamond Wedding Rings-166.png', '14K White Gold Diamond Wedding Rings-166.png', NULL, NULL),
(97, 18, '14K White Gold Diamond Wedding Rings-221.png', '14K White Gold Diamond Wedding Rings-221.png', NULL, NULL),
(98, 17, '10K White Gold Wedding Rings ECZ 186.png', '10K White Gold Wedding Rings ECZ 186.png', NULL, NULL),
(99, 17, '10K White Gold Wedding Rings ECZ228.png', '10K White Gold Wedding Rings ECZ228.png', NULL, NULL),
(100, 33, '0K white gold ring with ECZ stone11.png', '0K white gold ring with ECZ stone11.png', NULL, NULL),
(101, 33, '0K white gold ring with ECZ stone 16.png', '0K white gold ring with ECZ stone 16.png', NULL, NULL),
(102, 33, '0K white gold ring with ECZ stone 232.png', '0K white gold ring with ECZ stone 232.png', NULL, NULL),
(103, 34, 'FreshWater Pearl 14K White Gold Ring1.png', 'FreshWater Pearl 14K White Gold Ring1.png', NULL, NULL),
(104, 35, '10K white gold ring with ECZ stone7.png', '10K white gold ring with ECZ stone7.png', NULL, NULL),
(105, 36, '10K white gold ring with stones ECZ74.png', '10K white gold ring with stones ECZ74.png', NULL, NULL),
(106, 37, '10K white gold ring with stone2.png', '10K white gold ring with stone2.png', NULL, NULL),
(107, 38, '14K CZK Gold Diamond Ring17.png', '14K CZK Gold Diamond Ring17.png', NULL, NULL),
(108, 39, '14K Gold Ring with Ruby52.png', '14K Gold Ring with Ruby52.png', NULL, NULL),
(109, 40, '14K White Gold Ring with Pearl98.png', '14K White Gold Ring with Pearl98.png', NULL, NULL),
(110, 41, '18K Gold Ring with Citrine70.png', '18K Gold Ring with Citrine70.png', NULL, NULL),
(111, 42, '18K Gold Ring with CZ stone85.png', '18K Gold Ring with CZ stone85.png', NULL, NULL),
(112, 43, '18K Italian White Gold Ring with CZ5.png', '18K Italian White Gold Ring with CZ5.png', NULL, NULL),
(113, 44, 'Boho Dream Sliver Ring71.png', 'Boho Dream Sliver Ring71.png', NULL, NULL),
(114, 45, 'Silver ring with blue stone17.png', 'Silver ring with blue stone17.png', NULL, NULL),
(115, 46, 'Silver ring set with STYLE stones62.png', 'Silver ring set with STYLE stones62.png', NULL, NULL),
(116, 47, 'Silver ring with flower shape round border7.png', 'Silver ring with flower shape round border7.png', NULL, NULL),
(117, 48, 'Silver ring with rhinestones69.png', 'Silver ring with rhinestones69.png', NULL, NULL),
(118, 49, 'Silver Ring with Silver20.png', 'Silver Ring with Silver20.png', NULL, NULL),
(119, 50, 'Silver Ring with Silver Stone68.png', 'Silver Ring with Silver Stone68.png', NULL, NULL),
(120, 51, 'Silver ring with stones31.png', 'Silver ring with stones31.png', NULL, NULL),
(121, 52, 'Silver ring with STYLE stones36.png', 'Silver ring with STYLE stones36.png', NULL, NULL),
(122, 53, 'Silver Ring6.png', 'Silver Ring6.png', NULL, NULL),
(123, 54, 'Silver Wanderlust Ring14.png', 'Silver Wanderlust Ring14.png', NULL, NULL),
(124, 55, '14K White Gold Ring with Sapphire5.jpg', '14K White Gold Ring with Sapphire5.jpg', NULL, NULL),
(125, 56, '4K White Gold Ring with Sapphire96.png', '4K White Gold Ring with Sapphire96.png', NULL, NULL),
(126, 57, '14K Gold Ring with CZ78.png', '14K Gold Ring with CZ78.png', NULL, NULL),
(127, 58, '14K White Gold Ring with Topaz42.png', '14K White Gold Ring with Topaz42.png', NULL, NULL),
(128, 54, 'Silver Wanderlust Ring 184.png', 'Silver Wanderlust Ring 184.png', NULL, NULL),
(129, 54, 'Silver Wanderlust Ring 22.png', 'Silver Wanderlust Ring 22.png', NULL, NULL),
(130, 53, 'Silver Ring 135.png', 'Silver Ring 135.png', NULL, NULL),
(131, 53, 'Silver Ring 228.png', 'Silver Ring 228.png', NULL, NULL),
(132, 52, 'Silver ring with STYLE stones 190.png', 'Silver ring with STYLE stones 190.png', NULL, NULL),
(133, 52, 'Silver ring with STYLE stones 241.png', 'Silver ring with STYLE stones 241.png', NULL, NULL),
(134, 51, 'Silver ring with stones 150.png', 'Silver ring with stones 150.png', NULL, NULL),
(135, 51, 'Silver ring with stones 244.png', 'Silver ring with stones 244.png', NULL, NULL),
(136, 50, 'Silver Ring with Silver Stone 184.png', 'Silver Ring with Silver Stone 184.png', NULL, NULL),
(137, 50, 'Silver Ring with Silver Stone 239.png', 'Silver Ring with Silver Stone 239.png', NULL, NULL),
(138, 49, 'Silver Ring with Silver 197.png', 'Silver Ring with Silver 197.png', NULL, NULL),
(139, 49, 'Silver Ring with Silver 297.png', 'Silver Ring with Silver 297.png', NULL, NULL),
(140, 48, 'Silver ring with rhinestones 110.png', 'Silver ring with rhinestones 110.png', NULL, NULL),
(141, 48, 'Silver ring with rhinestones 287.png', 'Silver ring with rhinestones 287.png', NULL, NULL),
(142, 47, 'Silver ring with flower shape round border 176.png', 'Silver ring with flower shape round border 176.png', NULL, NULL),
(143, 47, 'Silver ring with flower shape round border 270.png', 'Silver ring with flower shape round border 270.png', NULL, NULL),
(144, 46, 'Silver ring set with STYLE stones 156.png', 'Silver ring set with STYLE stones 156.png', NULL, NULL),
(145, 46, 'Silver ring set with STYLE stones 292.png', 'Silver ring set with STYLE stones 292.png', NULL, NULL),
(146, 45, 'Silver ring with blue stone 193.png', 'Silver ring with blue stone 193.png', NULL, NULL),
(147, 45, 'Silver ring with blue stone 283.png', 'Silver ring with blue stone 283.png', NULL, NULL),
(148, 44, 'Boho Dream Sliver Ring 171.png', 'Boho Dream Sliver Ring 171.png', NULL, NULL),
(149, 44, 'Boho Dream Sliver Ring 227.png', 'Boho Dream Sliver Ring 227.png', NULL, NULL),
(150, 43, '18K Italian White Gold Ring with CZ 248.png', '18K Italian White Gold Ring with CZ 248.png', NULL, NULL),
(151, 43, '18K Italian White Gold Ring with CZ56.png', '18K Italian White Gold Ring with CZ56.png', NULL, NULL),
(152, 42, '18K Gold Ring with CZ stone 166.png', '18K Gold Ring with CZ stone 166.png', NULL, NULL),
(153, 42, '18K Gold Ring with CZ stone 255.png', '18K Gold Ring with CZ stone 255.png', NULL, NULL),
(154, 41, '18K Gold Ring with Citrine 136.png', '18K Gold Ring with Citrine 136.png', NULL, NULL),
(155, 41, '18K Gold Ring with Citrine 270.png', '18K Gold Ring with Citrine 270.png', NULL, NULL),
(156, 40, '14K White Gold Ring with Pearl 173.png', '14K White Gold Ring with Pearl 173.png', NULL, NULL),
(157, 40, '14K White Gold Ring with Pearl 237.png', '14K White Gold Ring with Pearl 237.png', NULL, NULL),
(158, 39, '14K Gold Ring with Ruby 121.png', '14K Gold Ring with Ruby 121.png', NULL, NULL),
(159, 39, '14K Gold Ring with Ruby 288.png', '14K Gold Ring with Ruby 288.png', NULL, NULL),
(160, 38, '14K CZK Gold Diamond Ring 117.png', '14K CZK Gold Diamond Ring 117.png', NULL, NULL),
(161, 38, '14K CZK Gold Diamond Ring 265.png', '14K CZK Gold Diamond Ring 265.png', NULL, NULL),
(162, 37, '10K white gold ring with stone 185.png', '10K white gold ring with stone 185.png', NULL, NULL),
(163, 37, '10K white gold ring with stone 259.png', '10K white gold ring with stone 259.png', NULL, NULL),
(164, 36, '10K white gold ring with stones ECZ 152.png', '10K white gold ring with stones ECZ 152.png', NULL, NULL),
(165, 36, '10K white gold ring with stones ECZ 289.png', '10K white gold ring with stones ECZ 289.png', NULL, NULL),
(166, 35, '10K white gold ring with ECZ stone 195.png', '10K white gold ring with ECZ stone 195.png', NULL, NULL),
(167, 35, '10K white gold ring with ECZ stone 241.png', '10K white gold ring with ECZ stone 241.png', NULL, NULL),
(168, 34, 'FreshWater Pearl 14K White Gold Ring 136.png', 'FreshWater Pearl 14K White Gold Ring 136.png', NULL, NULL),
(169, 34, 'FreshWater Pearl 14K White Gold Ring 242.png', 'FreshWater Pearl 14K White Gold Ring 242.png', NULL, NULL),
(170, 59, 'Accessories Silver Earrings STYLE57.png', 'Accessories Silver Earrings STYLE57.png', NULL, NULL),
(171, 60, 'Silver earrings in the shape of a pig holding a heart21.png', 'Silver earrings in the shape of a pig holding a heart21.png', NULL, NULL),
(172, 61, 'Designer Silver Earrings83.png', 'Designer Silver Earrings83.png', NULL, NULL),
(173, 62, 'Fashionable silver earrings79.png', 'Fashionable silver earrings79.png', NULL, NULL),
(174, 63, 'Fashionable silver earrings designer31.png', 'Fashionable silver earrings designer31.png', NULL, NULL),
(175, 64, 'Silver Earrings stone31.png', 'Silver Earrings stone31.png', NULL, NULL),
(176, 65, 'Silver earrings style34.png', 'Silver earrings style34.png', NULL, NULL),
(177, 66, 'Silver earrings with stones23.png', 'Silver earrings with stones23.png', NULL, NULL),
(178, 67, 'Silver Earrings80.png', 'Silver Earrings80.png', NULL, NULL),
(179, 68, 'STYLE Silver Earrings84.png', 'STYLE Silver Earrings84.png', NULL, NULL),
(180, 69, 'Silver hoop earrings with diamond39.png', 'Silver hoop earrings with diamond39.png', NULL, NULL),
(181, 70, 'Silver My Feeling84.png', 'Silver My Feeling84.png', NULL, NULL),
(182, 71, 'Silver pendant with blue stones Design99.png', 'Silver pendant with blue stones Design99.png', NULL, NULL),
(183, 72, '18K Gold Pendant with Citrine stones28.png', '18K Gold Pendant with Citrine stones28.png', NULL, NULL),
(184, 73, 'Italian Silver Pendant91.png', 'Italian Silver Pendant91.png', NULL, NULL),
(185, 74, '14K White Gold Sapphire Pendant60.png', '14K White Gold Sapphire Pendant60.png', NULL, NULL),
(186, 75, '14K White Gold Sapphire Pendant29.png', '14K White Gold Sapphire Pendant29.png', NULL, NULL),
(187, 76, '14K Gold Pendant with Ruby stones23.png', '14K Gold Pendant with Ruby stones23.png', NULL, NULL),
(188, 77, '18K CZK Italian White Gold Pendant53.png', '18K CZK Italian White Gold Pendant53.png', NULL, NULL),
(189, 78, '14K white gold pendant with Topaz stones73.png', '14K white gold pendant with Topaz stones73.png', NULL, NULL),
(190, 79, '18k Italian White Gold Pendant74.png', '18k Italian White Gold Pendant74.png', NULL, NULL),
(191, 80, '18K Gold Pendant with Citrine stones90.png', '18K Gold Pendant with Citrine stones90.png', NULL, NULL),
(192, 81, '18K Gold Pendant with CZ stone51.png', '18K Gold Pendant with CZ stone51.png', NULL, NULL),
(193, 82, 'Silver pendant with pearls66.png', 'Silver pendant with pearls66.png', NULL, NULL),
(194, 83, 'Silver pendant with stones CZ75.png', 'Silver pendant with stones CZ75.png', NULL, NULL),
(195, 84, 'Silver pendant with blue stones14.png', 'Silver pendant with blue stones14.png', NULL, NULL),
(196, 85, 'Silver pendant with stones76.png', 'Silver pendant with stones76.png', NULL, NULL),
(197, 86, 'Silver Amazing Garden87.png', 'Silver Amazing Garden87.png', NULL, NULL),
(198, 87, 'Silver Pendant48.png', 'Silver Pendant48.png', NULL, NULL),
(199, 88, '10K Gold Bracelet with stones57.png', '10K Gold Bracelet with stones57.png', NULL, NULL),
(200, 89, '10K white gold bracelet with Synthetic stones32.png', '10K white gold bracelet with Synthetic stones32.png', NULL, NULL),
(201, 90, '18K CZK Italian White Gold Coin Charm Bracelet54.png', '18K CZK Italian White Gold Coin Charm Bracelet54.png', NULL, NULL),
(202, 91, '18K Gold Diamond Bracelet11.png', '18K Gold Diamond Bracelet11.png', NULL, NULL),
(203, 92, '18K Italian Gold Bracelet 54.png', '18K Italian Gold Bracelet54.png', NULL, NULL),
(204, 93, '18K Italian Gold Bracelet with CZ stones36.png', '18K Italian Gold Bracelet with CZ stones36.png', NULL, NULL),
(205, 94, '18k Italian White Gold Bracelet style12.png', '18k Italian White Gold Bracelet style12.png', NULL, NULL),
(206, 95, '18K Italian White Gold Bracelet39.png', '18K Italian White Gold Bracelet39.png', NULL, NULL),
(207, 96, 'DIY silver bracelet with stones61.png', 'DIY silver bracelet with stones61.png', NULL, NULL),
(208, 97, 'Goddesses Bracelet85.png', 'Goddesses Bracelet85.png', NULL, NULL),
(209, 98, 'Silver Friendzone Breaker7.png', 'Silver Friendzone Breaker7.png', NULL, NULL),
(210, 99, '10K white gold jewelry set with ECZ stone style16.png', '10K white gold jewelry set with ECZ stone style16.png', NULL, NULL),
(211, 100, '10K white gold jewelry set with ECZ stone designer94.png', '10K white gold jewelry set with ECZ stone designer94.png', NULL, NULL),
(212, 101, '10K white gold jewelry set with ECZ stones63.png', '10K white gold jewelry set with ECZ stones63.png', NULL, NULL),
(213, 102, '10K white gold jewelry set with stones Liquid Cabochon83.png', '10K white gold jewelry set with stones Liquid Cabochon83.png', NULL, NULL),
(214, 103, '14K white gold jewelry set with Topaz stone76.png', '14K white gold jewelry set with Topaz stone76.png', NULL, NULL),
(215, 104, '14K white gold jewelry set with Topaz stones84.png', '14K white gold jewelry set with Topaz stones84.png', NULL, NULL),
(216, 105, '18K Gold Earrings with CZ stones61.png', '18K Gold Earrings with CZ stones61.png', NULL, NULL),
(217, 106, '18K Gold jewelry set with CZ stones30.png', '18K Gold jewelry set with CZ stones30.png', NULL, NULL),
(218, 107, '18K Gold jewelry set with Citrine stones11.png', '18K Gold jewelry set with Citrine stones11.png', NULL, NULL),
(219, 108, 'Liquid Cabochon 10K White Gold Jewelry Set31.png', 'Liquid Cabochon 10K White Gold Jewelry Set31.png', NULL, NULL),
(220, 109, 'Peridot 14K Gold Jewelry Set75.png', 'Peridot 14K Gold Jewelry Set75.png', NULL, NULL),
(221, 59, 'Accessories Silver Earrings STYLE 149.png', 'Accessories Silver Earrings STYLE 149.png', NULL, NULL),
(222, 59, 'Accessories Silver Earrings STYLE 287.png', 'Accessories Silver Earrings STYLE 287.png', NULL, NULL),
(223, 59, 'Accessories Silver Earrings STYLE 362.jpg', 'Accessories Silver Earrings STYLE 362.jpg', NULL, NULL),
(224, 109, 'Peridot 14K Gold Jewelry Set 167.png', 'Peridot 14K Gold Jewelry Set 167.png', NULL, NULL),
(225, 109, 'Peridot 14K Gold Jewelry Set 230.png', 'Peridot 14K Gold Jewelry Set 230.png', NULL, NULL),
(226, 109, 'Peridot 14K Gold Jewelry Set 32.png', 'Peridot 14K Gold Jewelry Set 32.png', NULL, NULL),
(227, 108, 'Liquid Cabochon 10K White Gold Jewelry Set 133.png', 'Liquid Cabochon 10K White Gold Jewelry Set 133.png', NULL, NULL),
(228, 108, 'Liquid Cabochon 10K White Gold Jewelry Set 299.png', 'Liquid Cabochon 10K White Gold Jewelry Set 299.png', NULL, NULL),
(229, 108, 'Liquid Cabochon 10K White Gold Jewelry Set 363.png', 'Liquid Cabochon 10K White Gold Jewelry Set 363.png', NULL, NULL),
(230, 107, '18K Gold jewelry set with Citrine stones 143.png', '18K Gold jewelry set with Citrine stones 143.png', NULL, NULL),
(231, 107, '18K Gold jewelry set with Citrine stones 27.png', '18K Gold jewelry set with Citrine stones 27.png', NULL, NULL),
(232, 107, '18K Gold jewelry set with Citrine stones 318.png', '18K Gold jewelry set with Citrine stones 318.png', NULL, NULL),
(233, 106, '18K Gold jewelry set with CZ stones 176.png', '18K Gold jewelry set with CZ stones 176.png', NULL, NULL),
(234, 106, '18K Gold jewelry set with CZ stones 263.png', '18K Gold jewelry set with CZ stones 263.png', NULL, NULL),
(235, 106, '18K Gold jewelry set with CZ stones 364.png', '18K Gold jewelry set with CZ stones 364.png', NULL, NULL),
(236, 106, '18K Gold jewelry set with CZ stones 466.jpg', '18K Gold jewelry set with CZ stones 466.jpg', NULL, NULL),
(237, 105, '18K Gold Earrings with CZ stones 148.png', '18K Gold Earrings with CZ stones 148.png', NULL, NULL),
(238, 105, '18K Gold Earrings with CZ stones 294.png', '18K Gold Earrings with CZ stones 294.png', NULL, NULL),
(239, 105, '18K Gold Earrings with CZ stones 371.jpg', '18K Gold Earrings with CZ stones 371.jpg', NULL, NULL),
(240, 104, '14K white gold jewelry set with Topaz stones 130.png', '14K white gold jewelry set with Topaz stones 130.png', NULL, NULL),
(241, 104, '14K white gold jewelry set with Topaz stones 21.png', '14K white gold jewelry set with Topaz stones 21.png', NULL, NULL),
(242, 104, '14K white gold jewelry set with Topaz stones 318.png', '14K white gold jewelry set with Topaz stones 318.png', NULL, NULL),
(243, 103, '14K white gold jewelry set with Topaz stone 128.png', '14K white gold jewelry set with Topaz stone 128.png', NULL, NULL),
(244, 103, '14K white gold jewelry set with Topaz stone 229.png', '14K white gold jewelry set with Topaz stone 229.png', NULL, NULL),
(245, 103, '14K white gold jewelry set with Topaz stone 387.png', '14K white gold jewelry set with Topaz stone 387.png', NULL, NULL),
(246, 102, '10K white gold jewelry set with stones Liquid Cabochon 197.png', '10K white gold jewelry set with stones Liquid Cabochon 197.png', NULL, NULL),
(247, 102, '10K white gold jewelry set with stones Liquid Cabochon 298.png', '10K white gold jewelry set with stones Liquid Cabochon 298.png', NULL, NULL),
(248, 102, '10K white gold jewelry set with stones Liquid Cabochon 389.png', '10K white gold jewelry set with stones Liquid Cabochon 389.png', NULL, NULL),
(249, 101, '10K white gold jewelry set with ECZ stones 178.png', '10K white gold jewelry set with ECZ stones 178.png', NULL, NULL),
(250, 101, '10K white gold jewelry set with ECZ stones 279.png', '10K white gold jewelry set with ECZ stones 279.png', NULL, NULL),
(251, 101, '10K white gold jewelry set with ECZ stones 392.png', '10K white gold jewelry set with ECZ stones 392.png', NULL, NULL),
(252, 101, '10K white gold jewelry set with ECZ stones 469.png', '10K white gold jewelry set with ECZ stones 469.png', NULL, NULL),
(253, 100, '10K white gold jewelry set with ECZ stone designer 183.png', '10K white gold jewelry set with ECZ stone designer 183.png', NULL, NULL),
(254, 100, '10K white gold jewelry set with ECZ stone designer 253.png', '10K white gold jewelry set with ECZ stone designer 253.png', NULL, NULL),
(255, 100, '10K white gold jewelry set with ECZ stone designer 361.png', '10K white gold jewelry set with ECZ stone designer 361.png', NULL, NULL),
(256, 100, '10K white gold jewelry set with ECZ stone designer 428.png', '10K white gold jewelry set with ECZ stone designer 428.png', NULL, NULL),
(257, 98, 'Silver Friendzone Breaker 147.png', 'Silver Friendzone Breaker 147.png', NULL, NULL),
(258, 98, 'Silver Friendzone Breaker 272.png', 'Silver Friendzone Breaker 272.png', NULL, NULL),
(259, 98, 'Silver Friendzone Breaker 327.jpg', 'Silver Friendzone Breaker 327.jpg', NULL, NULL),
(260, 97, 'Goddesses Bracelet 111.png', 'Goddesses Bracelet 111.png', NULL, NULL),
(261, 97, 'Goddesses Bracelet 257.png', 'Goddesses Bracelet 257.png', NULL, NULL),
(262, 96, 'DIY silver bracelet with stones 193.png', 'DIY silver bracelet with stones 193.png', NULL, NULL),
(263, 96, 'DIY silver bracelet with stones 256.jpg', 'DIY silver bracelet with stones 256.jpg', NULL, NULL),
(264, 96, 'DIY silver bracelet with stones 281.png', 'DIY silver bracelet with stones 281.png', NULL, NULL),
(265, 95, '18K Italian White Gold Bracelet 124.png', '18K Italian White Gold Bracelet 124.png', NULL, NULL),
(266, 95, '18K Italian White Gold Bracelet 262.jpg', '18K Italian White Gold Bracelet 262.jpg', NULL, NULL),
(267, 94, '18k Italian White Gold Bracelet style 18.png', '18k Italian White Gold Bracelet style 18.png', NULL, NULL),
(268, 94, '18k Italian White Gold Bracelet style 259.png', '18k Italian White Gold Bracelet style 259.png', NULL, NULL),
(269, 93, '18K Italian Gold Bracelet with CZ stones 196.png', '18K Italian Gold Bracelet with CZ stones 196.png', NULL, NULL),
(270, 93, '18K Italian Gold Bracelet with CZ stones 228.jpg', '18K Italian Gold Bracelet with CZ stones 228.jpg', NULL, NULL),
(271, 93, '18K Italian Gold Bracelet with CZ stones 371.jpg', '18K Italian Gold Bracelet with CZ stones 371.jpg', NULL, NULL),
(272, 92, '18K Italian Gold Bracelet 190.png', '18K Italian Gold Bracelet 190.png', NULL, NULL),
(273, 92, '18K Italian Gold Bracelet 28.png', '18K Italian Gold Bracelet 28.png', NULL, NULL),
(274, 92, '18K Italian Gold Bracelet 375.jpg', '18K Italian Gold Bracelet 375.jpg', NULL, NULL),
(275, 91, '18K Gold Diamond Bracelet 176.png', '18K Gold Diamond Bracelet 176.png', NULL, NULL),
(276, 91, '18K Gold Diamond Bracelet 212.png', '18K Gold Diamond Bracelet 212.png', NULL, NULL),
(277, 91, '18K Gold Diamond Bracelet 314.jpg', '18K Gold Diamond Bracelet 314.jpg', NULL, NULL),
(278, 90, '18K CZK Italian White Gold Coin Charm Bracelet 159.png', '18K CZK Italian White Gold Coin Charm Bracelet 159.png', NULL, NULL),
(279, 90, '18K CZK Italian White Gold Coin Charm Bracelet 223.jpg', '18K CZK Italian White Gold Coin Charm Bracelet 223.jpg', NULL, NULL),
(280, 90, '18K CZK Italian White Gold Coin Charm Bracelet 384.jpg', '18K CZK Italian White Gold Coin Charm Bracelet 384.jpg', NULL, NULL),
(281, 89, '10K white gold bracelet with Synthetic stones 149.png', '10K white gold bracelet with Synthetic stones 149.png', NULL, NULL),
(282, 88, '10K Gold Bracelet with stones 130.png', '10K Gold Bracelet with stones 130.png', NULL, NULL),
(283, 88, '10K Gold Bracelet with stones 227.png', '10K Gold Bracelet with stones 227.png', NULL, NULL),
(284, 88, '10K Gold Bracelet with stones 397.jpg', '10K Gold Bracelet with stones 397.jpg', NULL, NULL),
(285, 87, 'Silver Pendant 15.png', 'Silver Pendant 15.png', NULL, NULL),
(286, 87, 'Silver Pendant 278.png', 'Silver Pendant 278.png', NULL, NULL),
(287, 86, 'Silver Amazing Garden 170.png', 'Silver Amazing Garden 170.png', NULL, NULL),
(288, 86, 'Silver Amazing Garden 29.png', 'Silver Amazing Garden 29.png', NULL, NULL),
(289, 85, 'Silver pendant with stones 175.png', 'Silver pendant with stones 175.png', NULL, NULL),
(290, 85, 'Silver pendant with stones 257.png', 'Silver pendant with stones 257.png', NULL, NULL),
(291, 84, 'Silver pendant with blue stones 196.png', 'Silver pendant with blue stones 196.png', NULL, NULL),
(292, 84, 'Silver pendant with blue stones 281.png', 'Silver pendant with blue stones 281.png', NULL, NULL),
(293, 84, 'Silver pendant with blue stones 35.jpg', 'Silver pendant with blue stones 35.jpg', NULL, NULL),
(294, 83, 'Silver pendant with stones CZ 154.png', 'Silver pendant with stones CZ 154.png', NULL, NULL),
(295, 83, 'Silver pendant with stones CZ 215.png', 'Silver pendant with stones CZ 215.png', NULL, NULL),
(296, 83, 'Silver pendant with stones CZ 334.jpg', 'Silver pendant with stones CZ 334.jpg', NULL, NULL),
(297, 82, 'Silver pendant with pearls 179.png', 'Silver pendant with pearls 179.png', NULL, NULL),
(298, 82, 'Silver pendant with pearls 282.png', 'Silver pendant with pearls 282.png', NULL, NULL),
(299, 82, 'Silver pendant with pearls 374.jpg', 'Silver pendant with pearls 374.jpg', NULL, NULL),
(300, 81, '18K Gold Pendant with CZ stone 176.png', '18K Gold Pendant with CZ stone 176.png', NULL, NULL),
(301, 81, '18K Gold Pendant with CZ stone 213.png', '18K Gold Pendant with CZ stone 213.png', NULL, NULL),
(302, 81, '18K Gold Pendant with CZ stone 357.jpg', '18K Gold Pendant with CZ stone 357.jpg', NULL, NULL),
(303, 80, '18K Gold Pendant with Citrine stones 150.png', '18K Gold Pendant with Citrine stones 150.png', NULL, NULL),
(304, 80, '18K Gold Pendant with Citrine stones 258.jpg', '18K Gold Pendant with Citrine stones 258.jpg', NULL, NULL),
(305, 80, '18K Gold Pendant with Citrine stones 247.png', '18K Gold Pendant with Citrine stones 247.png', NULL, NULL),
(306, 79, '18k Italian White Gold Pendant 176.png', '18k Italian White Gold Pendant 176.png', NULL, NULL),
(307, 79, '18k Italian White Gold Pendant 221.png', '18k Italian White Gold Pendant 221.png', NULL, NULL),
(308, 78, '14K white gold pendant with Topaz stones 193.png', '14K white gold pendant with Topaz stones 193.png', NULL, NULL),
(309, 78, '14K white gold pendant with Topaz stones 246.png', '14K white gold pendant with Topaz stones 246.png', NULL, NULL),
(310, 77, '18K CZK Italian White Gold Pendant 165.png', '18K CZK Italian White Gold Pendant 165.png', NULL, NULL),
(311, 77, '18K CZK Italian White Gold Pendant 238.png', '18K CZK Italian White Gold Pendant 238.png', NULL, NULL),
(312, 76, '14K Gold Pendant with Ruby stones 179.png', '14K Gold Pendant with Ruby stones 179.png', NULL, NULL),
(313, 76, '14K Gold Pendant with Ruby stones 283.png', '14K Gold Pendant with Ruby stones 283.png', NULL, NULL),
(314, 76, '14K Gold Pendant with Ruby stones 377.jpg', '14K Gold Pendant with Ruby stones 377.jpg', NULL, NULL),
(315, 74, '14K White Gold Sapphire Pendant 26.png', '14K White Gold Sapphire Pendant 26.png', NULL, NULL),
(316, 74, '14K White Gold Sapphire Pendant 369.jpg', '14K White Gold Sapphire Pendant 369.jpg', NULL, NULL),
(318, 74, '14K White Gold Sapphire Pendant116.png', '14K White Gold Sapphire Pendant116.png', NULL, NULL),
(319, 73, 'Italian Silver Pendant 121.png', 'Italian Silver Pendant 121.png', NULL, NULL),
(320, 73, 'Italian Silver Pendant 284.png', 'Italian Silver Pendant 284.png', NULL, NULL),
(321, 70, 'Silver My Feeling 142.png', 'Silver My Feeling 142.png', NULL, NULL),
(322, 70, 'Silver My Feeling 279.png', 'Silver My Feeling 279.png', NULL, NULL),
(323, 70, 'Silver My Feeling 354.jpg', 'Silver My Feeling 354.jpg', NULL, NULL),
(324, 69, 'Silver hoop earrings with diamond 215.jpg', 'Silver hoop earrings with diamond 215.jpg', NULL, NULL),
(325, 69, 'Silver hoop earrings with diamond64.png', 'Silver hoop earrings with diamond64.png', NULL, NULL),
(326, 68, 'STYLE Silver Earrings 131.png', 'STYLE Silver Earrings 131.png', NULL, NULL),
(327, 68, 'STYLE Silver Earrings 221.jpg', 'STYLE Silver Earrings 221.jpg', NULL, NULL),
(328, 68, 'STYLE Silver Earrings 369.jpg', 'STYLE Silver Earrings 369.jpg', NULL, NULL),
(329, 67, 'Silver Earrings 159.png', 'Silver Earrings 159.png', NULL, NULL),
(330, 67, 'Silver Earrings 264.jpg', 'Silver Earrings 264.jpg', NULL, NULL),
(331, 66, 'Silver earrings with stones 128.png', 'Silver earrings with stones 128.png', NULL, NULL),
(332, 66, 'Silver earrings with stones 23.jpg', 'Silver earrings with stones 23.jpg', NULL, NULL),
(333, 65, 'Silver earrings style 178.png', 'Silver earrings style 178.png', NULL, NULL),
(334, 65, 'Silver earrings style 242.jpg', 'Silver earrings style 242.jpg', NULL, NULL),
(335, 64, 'Silver Earrings stone 138.png', 'Silver Earrings stone 138.png', NULL, NULL),
(336, 64, 'Silver Earrings stone 226.png', 'Silver Earrings stone 226.png', NULL, NULL),
(337, 64, 'Silver Earrings stone 330.jpg', 'Silver Earrings stone 330.jpg', NULL, NULL),
(338, 63, 'Fashionable silver earrings designer 160.png', 'Fashionable silver earrings designer 160.png', NULL, NULL),
(339, 63, 'Fashionable silver earrings designer 285.png', 'Fashionable silver earrings designer 285.png', NULL, NULL),
(340, 63, 'Fashionable silver earrings designer 388.jpg', 'Fashionable silver earrings designer 388.jpg', NULL, NULL),
(341, 62, 'Fashionable silver earrings 136.png', 'Fashionable silver earrings 136.png', NULL, NULL),
(342, 62, 'Fashionable silver earrings 232.png', 'Fashionable silver earrings 232.png', NULL, NULL),
(343, 61, 'Designer Silver Earrings 121.png', 'Designer Silver Earrings 121.png', NULL, NULL),
(344, 61, 'Designer Silver Earrings 287.png', 'Designer Silver Earrings 287.png', NULL, NULL),
(345, 61, 'Designer Silver Earrings 365.jpg', 'Designer Silver Earrings 365.jpg', NULL, NULL),
(346, 61, 'Designer Silver Earrings 431.jpg', 'Designer Silver Earrings 431.jpg', NULL, NULL),
(347, 60, 'Silver earrings in the shape of a pig holding a heart 120.png', 'Silver earrings in the shape of a pig holding a heart 120.png', NULL, NULL),
(348, 60, 'Silver earrings in the shape of a pig holding a heart 292.png', 'Silver earrings in the shape of a pig holding a heart 292.png', NULL, NULL),
(349, 110, 'Silver pendant with blue stones Design18.png', 'Silver pendant with blue stones Design18.png', NULL, NULL),
(350, 110, 'Silver pendant with blue stones Design 147.png', 'Silver pendant with blue stones Design 147.png', NULL, NULL),
(351, 110, 'Silver pendant with blue stones Design 217.png', 'Silver pendant with blue stones Design 217.png', NULL, NULL),
(352, 111, 'jewel78.png', 'jewel78.png', NULL, NULL);

-- --------------------------------------------------------

--
-- Table structure for table `tbl_order`
--

CREATE TABLE `tbl_order` (
  `order_id` bigint(20) UNSIGNED NOT NULL,
  `customer_id` int(11) NOT NULL,
  `billing_id` int(11) NOT NULL,
  `payment_id` int(11) NOT NULL,
  `order_total` mediumtext COLLATE utf8mb4_unicode_ci NOT NULL,
  `order_note` varchar(100) COLLATE utf8mb4_unicode_ci DEFAULT NULL,
  `order_status_id` int(11) NOT NULL,
  `created_at` timestamp NOT NULL DEFAULT current_timestamp(),
  `updated_at` timestamp NOT NULL DEFAULT current_timestamp()
) ENGINE=InnoDB DEFAULT CHARSET=utf8mb4 COLLATE=utf8mb4_unicode_ci;

--
-- Dumping data for table `tbl_order`
--

INSERT INTO `tbl_order` (`order_id`, `customer_id`, `billing_id`, `payment_id`, `order_total`, `order_note`, `order_status_id`, `created_at`, `updated_at`) VALUES
(1, 2, 2, 4, '332.75', NULL, 3, '2022-06-11 17:08:27', '2022-06-11 17:08:32'),
(2, 2, 2, 2, '332.75', 'beautiful', 2, '2022-06-11 17:08:27', '2022-06-11 17:08:32'),
(14, 1, 5, 4, '518.36', NULL, 1, '2022-06-11 17:08:27', '2022-06-11 17:08:32'),
(15, 1, 5, 4, '518.36', NULL, 3, '2022-06-11 17:08:27', '2022-06-11 17:08:32'),
(16, 1, 5, 4, '518.36', NULL, 1, '2022-06-11 17:08:27', '2022-06-11 17:08:32'),
(17, 1, 5, 4, '518.36', NULL, 1, '2022-06-11 17:08:27', '2022-06-11 17:08:32'),
(18, 1, 6, 4, '6,690.33', NULL, 3, '2022-06-11 17:08:27', '2022-06-11 17:08:32'),
(19, 1, 7, 3, '11,538.92', NULL, 2, '2022-06-11 17:08:27', '2022-06-11 17:08:32'),
(20, 1, 8, 4, '586.61', NULL, 2, '2022-06-11 17:08:27', '2022-06-11 17:08:32'),
(21, 3, 9, 3, '1,292.28', NULL, 1, '2022-06-11 17:08:27', '2022-06-11 17:08:32'),
(22, 2, 10, 4, '73.57', NULL, 2, '2022-06-11 17:08:27', '2022-06-11 17:08:32'),
(23, 1003, 16, 3, '11928.51', 'Bao Nguyen', 1, '2022-06-11 17:08:27', '2022-06-11 17:08:32'),
(24, 1003, 11, 3, '8052.0', 'note', 1, '2022-06-11 17:08:27', '2022-06-11 17:08:32'),
(25, 1005, 17, 3, '4593.82', 'GIao nhanh nha', 1, '2022-06-11 17:23:33', '2022-06-11 17:23:33'),
(26, 1003, 9, 3, '6366.58', 'lẹ', 1, '2022-06-11 17:44:19', '2022-06-11 17:44:19'),
(27, 1006, 19, 3, '3560.48', 'giao lẹ', 1, '2022-06-11 17:53:09', '2022-06-11 17:53:09'),
(28, 2, 20, 4, '2,888.27', NULL, 1, '2022-06-11 23:31:00', '2022-06-11 23:31:00');

-- --------------------------------------------------------

--
-- Table structure for table `tbl_order_status`
--

CREATE TABLE `tbl_order_status` (
  `order_status_id` int(20) NOT NULL,
  `order_status_name` varchar(50) COLLATE utf8mb4_unicode_ci DEFAULT NULL,
  `created_at` datetime NOT NULL DEFAULT current_timestamp(),
  `updated_at` timestamp NOT NULL DEFAULT current_timestamp()
) ENGINE=InnoDB DEFAULT CHARSET=utf8mb4 COLLATE=utf8mb4_unicode_ci;

--
-- Dumping data for table `tbl_order_status`
--

INSERT INTO `tbl_order_status` (`order_status_id`, `order_status_name`, `created_at`, `updated_at`) VALUES
(1, 'processing', '2022-05-01 17:46:52', '2022-05-01 10:46:52'),
(2, 'delivered', '2022-05-01 17:46:52', '2022-05-01 10:46:52'),
(3, 'cancelled', '2022-05-01 17:47:17', '2022-05-01 10:47:17');

-- --------------------------------------------------------

--
-- Table structure for table `tbl_payment`
--

CREATE TABLE `tbl_payment` (
  `payment_id` bigint(20) UNSIGNED NOT NULL,
  `payment_method` varchar(255) COLLATE utf8mb4_unicode_ci NOT NULL,
  `payment_status` int(11) NOT NULL,
  `created_at` timestamp NULL DEFAULT NULL,
  `updated_at` timestamp NULL DEFAULT NULL
) ENGINE=InnoDB DEFAULT CHARSET=utf8mb4 COLLATE=utf8mb4_unicode_ci;

--
-- Dumping data for table `tbl_payment`
--

INSERT INTO `tbl_payment` (`payment_id`, `payment_method`, `payment_status`, `created_at`, `updated_at`) VALUES
(1, 'MoMo', 1, NULL, NULL),
(2, 'Agribank', 1, NULL, NULL),
(3, 'Delivery', 1, NULL, NULL),
(4, 'Viettel Pay', 1, NULL, NULL);

-- --------------------------------------------------------

--
-- Table structure for table `tbl_product`
--

CREATE TABLE `tbl_product` (
  `product_id` int(10) UNSIGNED NOT NULL,
  `categor_id` int(11) NOT NULL,
  `discount_id` int(50) DEFAULT NULL,
  `product_name` varchar(255) COLLATE utf8mb4_unicode_ci NOT NULL,
  `product_desc` text COLLATE utf8mb4_unicode_ci NOT NULL,
  `product_image` varchar(255) COLLATE utf8mb4_unicode_ci NOT NULL,
  `product_price` double(8,2) NOT NULL,
  `product_status` int(11) NOT NULL,
  `created_at` timestamp NULL DEFAULT NULL,
  `updated_at` timestamp NULL DEFAULT NULL
) ENGINE=InnoDB DEFAULT CHARSET=utf8mb4 COLLATE=utf8mb4_unicode_ci;

--
-- Dumping data for table `tbl_product`
--

INSERT INTO `tbl_product` (`product_id`, `categor_id`, `discount_id`, `product_name`, `product_desc`, `product_image`, `product_price`, `product_status`, `created_at`, `updated_at`) VALUES
(5, 6, 18, '18K Diamond Rings', '18K Gold Diamond Wedding Ring.\r\nThe wedding ring is not only an indispensable item on the day of the fall, but also a symbol of love for couples. The development and constant creation of fashion trends, today\'s wedding rings are designed with many modern designs combined with diamonds on the ring face, bringing a bit of a break but not losing the traditional beauty. inherent system.\r\nDiamond Wedding Rings - A delicate highlight honoring eternal love', '18K Gold Diamond Diamond Wedding Rings98.png', 510.00, 1, NULL, NULL),
(6, 5, 22, '10k Jewelry Set Stones', '10k White Gold Jewelry Set With Stones', 'bo-trang-suc-vang-trang-10k-dinh-da81.png', 2570.00, 0, NULL, NULL),
(7, 5, 21, '14K Diamond Jewelry Set', '14K CZK White Gold Diamond Jewelry Set', 'bo-trang-suc-kim-cuong-vang-trang-14k23.png', 910.00, 0, NULL, NULL),
(8, 5, 22, '14K Jewelry Set', 'Disney 14K White Gold Diamond Jewelry Set', 'bo-trang-suc-kim-cuong-vang-trang-14k Disney15.png', 1120.00, 1, NULL, NULL),
(9, 5, 22, 'Diamond Jewelry Set', '14K Gold Diamond Jewelry Set', 'bo-trang-suc-kim-cuong-vang-14k23.png', 1400.00, 1, NULL, NULL),
(10, 5, 21, 'Jewelry Set Moon', '14K Gold jewelry set with Moon stones', 'bo-trang-suc-vang-14k-dinh-da-moon88.png', 920.00, 1, NULL, NULL),
(11, 5, 22, 'Peridot Jewelry Set', 'Peridot 14K Gold Jewelry Set', 'bo-trang-suc-vang-14k-dinh-da-peridot46.png', 931.00, 1, NULL, NULL),
(12, 5, 21, 'Jewelry Set ECZ', 'Silver jewelry set with ECZ stones', 'Bộ_trang_sức_Bạc_đính_đá_ECZ26.png', 1025.00, 1, NULL, NULL),
(13, 5, 22, 'Jewelry Set Stones', 'Silver jewelry set with Silver stones', 'bo-trang-suc-bac-dinh-da-silver87.png', 156.00, 1, NULL, NULL),
(14, 5, 22, 'Jewelry Set Gold', '10K white gold jewelry set with ECZ stones', 'bo-trang-suc-vang-trang-10k-dinh-da-ecz89.png', 1520.00, 1, NULL, NULL),
(15, 5, 5, 'Jewelry Set ECZ 02', '10K white gold jewelry set with ECZ stones', 'bo-trang-suc-vang-trang-10k-dinhda-ecz0.png', 2301.00, 1, NULL, NULL),
(16, 6, 19, 'Wedding Rings Diamond ', '14K CZK White Gold Diamond Wedding Rings', '14K CZK White Gold Diamond Wedding Rings30.png', 325.00, 1, NULL, NULL),
(17, 6, 4, 'Wedding Rings ECZ', '10K White Gold Wedding Rings ECZ', '10K White Gold Wedding Rings ECZ95.png', 259.00, 1, NULL, NULL),
(18, 6, 4, 'Wedding Rings Gold', '14K White Gold Diamond Wedding Rings', '14K White Gold Diamond Wedding Rings27.png', 521.00, 1, NULL, NULL),
(19, 6, 4, 'Wedding Rings Diamond 02', '18K Gold Diamond Diamond Wedding Rings', '18K Gold Diamond Diamond Wedding Rings81.png', 1237.00, 0, NULL, NULL),
(20, 6, 4, 'Wedding Rings Chung Doi', '18K Gold Diamond Wedding Rings Chung Doi', '18K Gold Diamond Wedding Rings Chung Doi43.png', 785.00, 1, NULL, NULL),
(21, 6, 19, 'Wedding Rings Diamond 03', '18K Gold Diamond Wedding Rings', '18K Gold Diamond Wedding Rings51.png', 1120.00, 1, NULL, NULL),
(22, 6, 19, 'Wedding Rings  03', '18K Gold Wedding Rings ECZ', '18K Gold Wedding Rings ECZ8.png', 421.00, 1, NULL, NULL),
(23, 6, 19, 'Wedding Rings Long Phung', '18K Gold Wedding Rings Long Phung', '18K Gold Wedding Rings Long Phung8.png', 456.00, 1, NULL, NULL),
(24, 6, 18, 'Wedding Rings ECZ 04', 'Pair of 10K white gold wedding rings with ECZ stones', 'Pair of 10K white gold wedding rings with ECZ stones58.png', 1524.00, 1, NULL, NULL),
(25, 6, 4, 'Wedding Rings Se Duyen', '18K Gold Wedding Rings Se Duyen', '18K Gold Wedding Rings Se Duyen75.png', 367.00, 1, NULL, NULL),
(26, 6, 4, ' Wedding Rings Gold', '18K Gold Wedding Rings', '18K Gold Wedding Rings81.png', 547.00, 1, NULL, NULL),
(27, 6, 19, 'Wedding Rings Gold 02', 'Pair of 10K white gold wedding rings with ECZ', 'Pair of 10K white gold wedding rings with ECZ87.png', 1567.00, 1, NULL, NULL),
(28, 6, 4, 'Wedding Rings Gold 03', 'Pair of 10K White Gold Wedding Rings', 'Pair of 10K White Gold Wedding Rings68.png', 1438.00, 1, NULL, NULL),
(29, 6, 21, 'Wedding Rings ECZ 05', 'Pair of 18K Gold wedding rings with ECZ stones', 'Pair of 18K Gold wedding rings with ECZ stones96.png', 749.00, 1, NULL, NULL),
(30, 6, 4, 'Wedding Rings ECZ 06', 'Pair of 18K Gold wedding rings with ECZ', 'Pair of 18K Gold wedding rings with ECZ32.png', 931.00, 1, NULL, NULL),
(31, 6, 4, 'Engagement Rings ECZ', 'Platinum diamond engagement rings ECZ', 'Platinum diamond engagement rings ECZ64.png', 422.00, 1, NULL, NULL),
(32, 6, 4, 'Engagement rings 02', 'Platinum diamond engagement rings', 'Platinum diamond engagement rings35.png', 398.00, 1, NULL, NULL),
(33, 2, 8, 'Ring ECZ', '10K white gold ring with ECZ stone', '0K white gold ring with ECZ stone11.png', 259.00, 1, NULL, NULL),
(34, 2, 12, 'FreshWater Pearl Ring', 'FreshWater Pearl 14K White Gold Ring', 'FreshWater Pearl 14K White Gold Ring1.png', 522.00, 1, NULL, NULL),
(35, 2, 12, 'Gold Ring', '10K white gold ring with ECZ stone', '10K white gold ring with ECZ stone7.png', 621.00, 1, NULL, NULL),
(36, 2, 9, 'Ring ECZ 03', '10K white gold ring with stones ECZ', '10K white gold ring with stones ECZ74.png', 612.00, 1, NULL, NULL),
(37, 2, 12, 'Ring Gold 03', '10K white gold ring with stone', '10K white gold ring with stone2.png', 324.00, 1, NULL, NULL),
(38, 2, 12, 'Diamond Ring', '14K CZK Gold Diamond Ring', '14K CZK Gold Diamond Ring17.png', 629.00, 1, NULL, NULL),
(39, 2, 9, 'Ring Ruby', '14K Gold Ring with Ruby', '14K Gold Ring with Ruby52.png', 511.00, 1, NULL, NULL),
(40, 2, 9, 'Ring Pearl', '14K White Gold Ring with Pearl', '14K White Gold Ring with Pearl98.png', 359.00, 1, NULL, NULL),
(41, 2, 9, 'Ring Citrine', '18K Gold Ring with Citrine', '18K Gold Ring with Citrine70.png', 441.00, 1, NULL, NULL),
(42, 2, 12, 'Ring CZ', '18K Gold Ring with CZ stone', '18K Gold Ring with CZ stone85.png', 187.00, 1, NULL, NULL),
(43, 2, 12, 'Italian Ring CZ', '18K Italian White Gold Ring with CZ', '18K Italian White Gold Ring with CZ5.png', 339.00, 1, NULL, NULL),
(44, 2, 12, 'Boho Dream Ring', '', 'Boho Dream Sliver Ring71.png', 125.00, 1, NULL, NULL),
(45, 2, 12, 'Ring Blue Stone', 'Silver ring with blue stone', 'Silver ring with blue stone17.png', 234.00, 1, NULL, NULL),
(46, 2, 12, 'Ring STYLE ', 'Silver ring set with STYLE stone', 'Silver ring set with STYLE stones62.png', 211.00, 1, NULL, NULL),
(47, 2, 12, 'Ring Flower', 'Silver ring with flower shape round border', 'Silver ring with flower shape round border7.png', 223.00, 1, NULL, NULL),
(48, 2, 12, 'Ring Rhinestones', 'Silver ring with rhinestones', 'Silver ring with rhinestones69.png', 275.00, 1, NULL, NULL),
(49, 2, 9, 'Silver Ring ', 'Silver Ring with Silver', 'Silver Ring with Silver20.png', 378.00, 1, NULL, NULL),
(50, 2, 9, 'Silver Ring Stone', 'Silver Ring with Silver Stone', 'Silver Ring with Silver Stone68.png', 539.00, 1, NULL, NULL),
(51, 2, 9, 'Ring Stones', 'Silver ring with stones', 'Silver ring with stones31.png', 469.00, 1, NULL, NULL),
(52, 2, 22, 'Ring Stones 02', 'Silver ring with STYLE stones', 'Silver ring with STYLE stones36.png', 378.00, 1, NULL, NULL),
(53, 2, 12, 'Silver Ring', 'Silver Ring', 'Silver Ring6.png', 112.00, 1, NULL, NULL),
(54, 2, 12, 'Wanderlust Ring', 'Silver Wanderlust Ring', 'Silver Wanderlust Ring14.png', 417.00, 1, NULL, NULL),
(55, 2, 9, '14K Ring Sapphire', '14K White Gold Ring with Sapphire', '14K White Gold Ring with Sapphire5.jpg', 502.00, 0, NULL, NULL),
(56, 2, 9, '14K Ring Sapphire 02', '14K White Gold Ring with Sapphire', '4K White Gold Ring with Sapphire96.png', 531.00, 1, NULL, NULL),
(57, 2, 9, '14K Ring CZ', '14K Gold Ring with CZ', '14K Gold Ring with CZ78.png', 428.00, 1, NULL, NULL),
(58, 2, 22, '14K White Gold Ring with Topaz', '14K White Gold Ring with Topaz', '14K White Gold Ring with Topaz42.png', 473.00, 1, NULL, NULL),
(59, 4, 15, 'Accessories Earrings', 'Accessories Silver Earrings STYLE', 'Accessories Silver Earrings STYLE57.png', 25.00, 1, NULL, NULL),
(60, 4, 6, 'Heart-hugging pig earrings', 'Silver earrings in the shape of a pig holding a heart', 'Silver earrings in the shape of a pig holding a heart21.png', 38.00, 1, NULL, NULL),
(61, 4, 15, 'Designer Earrings', 'Designer Silver Earrings', 'Designer Silver Earrings83.png', 56.00, 1, NULL, NULL),
(62, 4, 15, 'Fashionable earrings', 'Fashionable silver earrings', 'Fashionable silver earrings79.png', 52.00, 1, NULL, NULL),
(63, 4, 6, 'Fashionable earrings 02', 'Fashionable silver earrings designer', 'Fashionable silver earrings designer31.png', 48.00, 1, NULL, NULL),
(64, 4, 6, 'Earrings stones', 'Silver Earrings stone', 'Silver Earrings stone31.png', 49.00, 1, NULL, NULL),
(65, 4, 15, 'Earrings Style 02', 'Silver earrings style', 'Silver earrings style34.png', 42.00, 1, NULL, NULL),
(66, 4, 15, 'Earrings Stones 02', 'Silver earrings with stones', 'Silver earrings with stones23.png', 38.00, 1, NULL, NULL),
(67, 4, 15, 'Earrings Heart', 'Silver Earrings Heart', 'Silver Earrings80.png', 41.00, 1, NULL, NULL),
(68, 4, 15, 'STYLE Earrings', 'STYLE Silver Earrings', 'STYLE Silver Earrings84.png', 42.00, 1, NULL, NULL),
(69, 4, 15, 'Hoop Earrings Diamond', 'Silver hoop earrings with diamond', 'Silver hoop earrings with diamond39.png', 231.00, 0, NULL, NULL),
(70, 4, 6, 'Earrings My Feeling', 'Silver My Feeling', 'Silver My Feeling84.png', 62.00, 1, NULL, NULL),
(71, 1, 17, 'Pendant Blue Design', 'Silver pendant with blue stones Design', 'Silver pendant with blue stones Design99.png', 152.00, 1, NULL, NULL),
(72, 1, 17, 'Pendant Citrine', '18K Gold Pendant Citrine', '18K Gold Pendant with Citrine stones28.png', 428.00, 1, NULL, NULL),
(73, 1, 24, 'Italian Pendant', 'Italian Silver Pendant', 'Italian Silver Pendant91.png', 152.00, 1, NULL, NULL),
(74, 1, 20, '14K Sapphire Pendant', '14K White Gold Sapphire Pendant', '14K White Gold Sapphire Pendant60.png', 428.00, 1, NULL, NULL),
(76, 1, 20, '14K Ruby stones', '14K Gold Pendant with Ruby stones', '14K Gold Pendant with Ruby stones23.png', 520.00, 1, NULL, NULL),
(77, 1, 24, '18K Italian Pendant', '18K CZK Italian White Gold Pendant', '18K CZK Italian White Gold Pendant53.png', 479.00, 1, NULL, NULL),
(78, 1, 20, '14K Topaz stones', '14K white gold pendant with Topaz stones', '14K white gold pendant with Topaz stones73.png', 511.00, 1, NULL, NULL),
(79, 1, 20, '18k Italian Pendant', '18k Italian White Gold Pendant', '18k Italian White Gold Pendant74.png', 221.00, 1, NULL, NULL),
(80, 1, 24, '18K Pendant Citrine', '18K Gold Pendant with Citrine stones', '18K Gold Pendant with Citrine stones90.png', 577.00, 1, NULL, NULL),
(81, 1, 24, '18K Pendant CZ', '18K Gold Pendant with CZ stone', '18K Gold Pendant with CZ stone51.png', 621.00, 1, NULL, NULL),
(82, 1, 20, 'Pendant Pearls', 'Silver pendant with pearls', 'Silver pendant with pearls66.png', 329.00, 1, NULL, NULL),
(83, 1, 20, 'Pendant CZ', 'Silver pendant with stones CZ', 'Silver pendant with stones CZ75.png', 356.00, 1, NULL, NULL),
(84, 1, 20, 'Pendant Blue Stones', 'Silver pendant with blue stones', 'Silver pendant with blue stones14.png', 420.00, 1, NULL, NULL),
(85, 1, 24, 'Pendant Stones 02', 'Silver pendant with stones', 'Silver pendant with stones76.png', 339.00, 1, NULL, NULL),
(86, 1, 20, 'Amazing Garden', 'Silver Amazing Garden Pendant', 'Silver Amazing Garden87.png', 297.00, 1, NULL, NULL),
(87, 1, 24, 'Silver Pendant 02', 'Silver Pendant', 'Silver Pendant48.png', 386.00, 1, NULL, NULL),
(88, 3, 14, '10K Gold Bracelet', '10K Gold Bracelet with stones', '10K Gold Bracelet with stones57.png', 429.00, 1, NULL, NULL),
(89, 3, 13, '10K Bracelet Synthetic', '10K white gold bracelet with Synthetic stones', '10K white gold bracelet with Synthetic stones32.png', 521.00, 1, NULL, NULL),
(90, 3, 14, '18K Charm Bracelet', '18K CZK Italian White Gold Coin Charm Bracelet', '18K CZK Italian White Gold Coin Charm Bracelet54.png', 351.00, 1, NULL, NULL),
(91, 3, 13, '18K Diamond Bracelet', '18K Gold Diamond Bracelet', '18K Gold Diamond Bracelet11.png', 568.00, 1, NULL, NULL),
(92, 3, 13, '18K Italian Bracelet', '18K Italian Gold Bracelet', '18K Italian Gold Bracelet54.png', 491.00, 1, NULL, NULL),
(93, 3, 13, '18K Italian Bracelet CZ', '18K Italian Gold Bracelet with CZ stones', '18K Italian Gold Bracelet with CZ stones36.png', 428.00, 1, NULL, NULL),
(94, 3, 14, '18k Italian Bracelet 02', '18k Italian White Gold Bracelet style', '18k Italian White Gold Bracelet style12.png', 420.00, 1, NULL, NULL),
(95, 3, 14, '18K Italian Bracelet 03', '18K Italian White Gold Bracelet', '18K Italian White Gold Bracelet39.png', 356.00, 1, NULL, NULL),
(96, 3, 14, 'DIY Bracelet', 'DIY silver bracelet with stones', 'DIY silver bracelet with stones61.png', 356.00, 1, NULL, NULL),
(97, 3, 14, 'Goddesses Bracelet', 'Goddesses Bracelet', 'Goddesses Bracelet85.png', 428.00, 0, NULL, NULL),
(98, 3, 13, 'Friendzone Breaker', 'Silver Friendzone Breaker', 'Silver Friendzone Breaker7.png', 229.00, 1, NULL, NULL),
(99, 7, 10, 'White Gold ECZ Set', '10K white gold jewelry set with ECZ stone style', '10K white gold jewelry set with ECZ stone style16.png', 3421.00, 1, NULL, NULL),
(100, 7, 10, 'White Gold Set 01', '10K white gold jewelry set with ECZ stone designer', '10K white gold jewelry set with ECZ stone designer94.png', 3241.00, 1, NULL, NULL),
(101, 7, 8, 'White Gold Set 02', '10K white gold jewelry set with ECZ stone designer.png', '10K white gold jewelry set with ECZ stones63.png', 3200.00, 1, NULL, NULL),
(102, 7, 10, '10K Liquid Cabochon Set', '10K white gold jewelry set with stones Liquid Cabochon', '10K white gold jewelry set with stones Liquid Cabochon83.png', 2891.00, 1, NULL, NULL),
(103, 7, 10, '14K Topaz Set', '14K white gold jewelry set with Topaz stone', '14K white gold jewelry set with Topaz stone76.png', 2521.00, 1, NULL, NULL),
(104, 7, 22, '14K Topaz Set 01', '14K white gold jewelry set with Topaz stones', '14K white gold jewelry set with Topaz stones84.png', 2341.00, 1, NULL, NULL),
(105, 7, 21, '18K Gold Earrings', '18K Gold Earrings with CZ stones', '18K Gold Earrings with CZ stones61.png', 356.00, 1, NULL, NULL),
(106, 7, 21, '18K Gold Set', '18K Gold jewelry set with CZ stones', '18K Gold jewelry set with CZ stones30.png', 2031.00, 1, NULL, NULL),
(107, 7, 10, '18K Citrine Set', '18K Gold jewelry set with Citrine stones', '18K Gold jewelry set with Citrine stones11.png', 2103.00, 1, NULL, NULL),
(108, 7, 21, 'Liquid Cabochon Set', 'Liquid Cabochon 10K White Gold Jewelry Set', 'Liquid Cabochon 10K White Gold Jewelry Set31.png', 1891.00, 1, NULL, NULL),
(109, 7, 21, 'Peridot Set', 'Peridot 14K Gold Jewelry Set', 'Peridot 14K Gold Jewelry Set75.png', 1830.00, 1, NULL, NULL),
(110, 1, 24, 'Pendant Blue', 'Silver pendant with blue stones Design', 'Silver pendant with blue stones Design18.png', 321.00, 0, NULL, NULL);

-- --------------------------------------------------------

--
-- Table structure for table `tbl_rating`
--

CREATE TABLE `tbl_rating` (
  `rating_id` int(50) NOT NULL,
  `product_id` int(50) NOT NULL,
  `customer_id` int(50) NOT NULL,
  `rating` int(50) DEFAULT NULL,
  `comments` text COLLATE utf8mb4_unicode_ci DEFAULT NULL,
  `love` int(10) DEFAULT NULL,
  `status` int(11) NOT NULL DEFAULT 1,
  `created_at_review` datetime NOT NULL DEFAULT current_timestamp(),
  `updated_at` datetime NOT NULL DEFAULT current_timestamp()
) ENGINE=InnoDB DEFAULT CHARSET=utf8mb4 COLLATE=utf8mb4_unicode_ci;

--
-- Dumping data for table `tbl_rating`
--

INSERT INTO `tbl_rating` (`rating_id`, `product_id`, `customer_id`, `rating`, `comments`, `love`, `status`, `created_at_review`, `updated_at`) VALUES
(1, 5, 1, 5, NULL, 1, 1, '2022-04-30 09:43:21', '2022-04-30 09:43:21'),
(2, 10, 1, 4, NULL, NULL, 1, '2022-05-01 17:53:34', '2022-05-01 17:53:34'),
(3, 1, 1, 5, NULL, 0, 1, '2022-05-01 17:53:34', '2022-05-01 17:53:34'),
(4, 2, 1, 4, NULL, 1, 1, '2022-05-01 17:53:34', '2022-05-01 17:53:34'),
(5, 3, 1, 5, NULL, 1, 1, '2022-05-01 17:53:34', '2022-05-01 17:53:34'),
(6, 4, 1, 5, NULL, 1, 1, '2022-05-01 17:53:34', '2022-05-01 17:53:34'),
(7, 7, 1, 5, NULL, 1, 1, '2022-05-01 17:53:34', '2022-05-01 17:53:34'),
(8, 8, 1, 5, NULL, 0, 1, '2022-05-01 17:53:34', '2022-05-01 17:53:34'),
(9, 14, 1, 4, NULL, 1, 1, '2022-05-01 17:53:34', '2022-05-01 17:53:34'),
(10, 52, 1, 4, NULL, 1, 1, '2022-05-01 17:53:34', '2022-05-01 17:53:34'),
(11, 40, 1, 5, NULL, 1, 1, '2022-05-01 17:53:34', '2022-05-01 17:53:34'),
(12, 22, 1, 5, NULL, 1, 1, '2022-05-01 17:53:34', '2022-05-01 17:53:34'),
(13, 18, 1, 5, NULL, 1, 1, '2022-05-01 17:53:34', '2022-05-01 17:53:34'),
(14, 68, 1, 5, NULL, 1, 1, '2022-05-01 17:53:34', '2022-05-01 17:53:34'),
(15, 30, 1, 5, NULL, 1, 1, '2022-05-01 17:53:34', '2022-05-01 17:53:34'),
(16, 32, 4, 1, NULL, 1, 1, '2022-05-01 17:53:34', '2022-05-01 17:53:34'),
(17, 10, 2, 3, NULL, NULL, 1, '2022-06-09 17:32:00', '2022-06-09 17:32:00'),
(23, 80, 1, 5, 'abc', NULL, 1, '2022-06-10 22:10:02', '2022-06-10 22:10:02'),
(25, 106, 2, 4, 'abc', NULL, 1, '2022-06-11 13:55:53', '2022-06-11 13:55:53'),
(26, 100, 2, 5, 'good', NULL, 1, '2022-06-11 13:58:53', '2022-06-11 13:58:53'),
(28, 99, 2, 4, 'beautiful', NULL, 1, '2022-06-11 14:00:05', '2022-06-11 14:00:05'),
(29, 100, 1, 4, 'so like', NULL, 1, '2022-06-11 15:01:21', '2022-06-11 15:01:21'),
(30, 73, 793, 5, 'Stone', 1, 1, '2022-06-11 21:11:11', '2022-06-11 21:11:11'),
(31, 42, 519, 3, 'Stone', 1, 1, '2022-06-11 21:11:11', '2022-06-11 21:11:11'),
(32, 9, 774, 1, 'Brass', 1, 1, '2022-06-11 21:11:11', '2022-06-11 21:11:11'),
(33, 25, 133, 5, 'Aluminum', 1, 1, '2022-06-11 21:11:11', '2022-06-11 21:11:11'),
(34, 74, 134, 2, 'Granite', 1, 1, '2022-06-11 21:11:11', '2022-06-11 21:11:11'),
(35, 109, 367, 4, 'Stone', 0, 1, '2022-06-11 21:11:11', '2022-06-11 21:11:11'),
(36, 68, 794, 3, 'Glass', 0, 1, '2022-06-11 21:11:11', '2022-06-11 21:11:11'),
(37, 35, 790, 2, 'Plexiglass', 0, 1, '2022-06-11 21:11:11', '2022-06-11 21:11:11'),
(38, 101, 681, 3, 'Rubber', 0, 1, '2022-06-11 21:11:11', '2022-06-11 21:11:11'),
(39, 68, 165, 1, 'Wood', 1, 1, '2022-06-11 21:11:11', '2022-06-11 21:11:11'),
(40, 87, 480, 2, 'Wood', 1, 1, '2022-06-11 21:11:11', '2022-06-11 21:11:11'),
(41, 26, 574, 2, 'Rubber', 1, 1, '2022-06-11 21:11:11', '2022-06-11 21:11:11'),
(42, 57, 723, 1, 'Plexiglass', 1, 1, '2022-06-11 21:11:11', '2022-06-11 21:11:11'),
(43, 19, 156, 2, 'Brass', 0, 1, '2022-06-11 21:11:11', '2022-06-11 21:11:11'),
(44, 73, 850, 4, 'Brass', 1, 1, '2022-06-11 21:11:11', '2022-06-11 21:11:11'),
(45, 59, 303, 1, 'Plexiglass', 1, 1, '2022-06-11 21:11:11', '2022-06-11 21:11:11'),
(46, 16, 52, 5, 'Plastic', 0, 1, '2022-06-11 21:11:11', '2022-06-11 21:11:11'),
(47, 73, 527, 4, 'Glass', 0, 1, '2022-06-11 21:11:11', '2022-06-11 21:11:11'),
(48, 103, 759, 3, 'Rubber', 0, 1, '2022-06-11 21:11:11', '2022-06-11 21:11:11'),
(49, 19, 667, 2, 'Aluminum', 0, 1, '2022-06-11 21:11:11', '2022-06-11 21:11:11'),
(50, 106, 274, 1, 'Plastic', 1, 1, '2022-06-11 21:11:11', '2022-06-11 21:11:11'),
(51, 78, 854, 4, 'Brass', 1, 1, '2022-06-11 21:11:11', '2022-06-11 21:11:11'),
(52, 102, 912, 3, 'Brass', 1, 1, '2022-06-11 21:11:11', '2022-06-11 21:11:11'),
(53, 66, 658, 1, 'Steel', 0, 1, '2022-06-11 21:11:11', '2022-06-11 21:11:11'),
(54, 58, 714, 2, 'Brass', 0, 1, '2022-06-11 21:11:11', '2022-06-11 21:11:11'),
(55, 17, 401, 3, 'Plastic', 1, 1, '2022-06-11 21:11:11', '2022-06-11 21:11:11'),
(56, 7, 142, 2, 'Stone', 0, 1, '2022-06-11 21:11:11', '2022-06-11 21:11:11'),
(57, 14, 95, 5, 'Stone', 0, 1, '2022-06-11 21:11:11', '2022-06-11 21:11:11'),
(58, 105, 423, 5, 'Plexiglass', 0, 1, '2022-06-11 21:11:11', '2022-06-11 21:11:11'),
(59, 60, 44, 2, 'Glass', 0, 1, '2022-06-11 21:11:11', '2022-06-11 21:11:11'),
(60, 27, 627, 3, 'Rubber', 0, 1, '2022-06-11 21:11:11', '2022-06-11 21:11:11'),
(61, 42, 310, 4, 'Steel', 0, 1, '2022-06-11 21:11:11', '2022-06-11 21:11:11'),
(62, 84, 323, 5, 'Granite', 0, 1, '2022-06-11 21:11:11', '2022-06-11 21:11:11'),
(63, 74, 786, 1, 'Granite', 0, 1, '2022-06-11 21:11:11', '2022-06-11 21:11:11'),
(64, 13, 547, 4, 'Plastic', 0, 1, '2022-06-11 21:11:11', '2022-06-11 21:11:11'),
(65, 20, 786, 5, 'Granite', 0, 1, '2022-06-11 21:11:11', '2022-06-11 21:11:11'),
(66, 98, 355, 1, 'Brass', 0, 1, '2022-06-11 21:11:11', '2022-06-11 21:11:11'),
(67, 36, 736, 4, 'Vinyl', 0, 1, '2022-06-11 21:11:11', '2022-06-11 21:11:11'),
(68, 82, 361, 5, 'Brass', 0, 1, '2022-06-11 21:11:11', '2022-06-11 21:11:11'),
(69, 75, 420, 5, 'Aluminum', 1, 1, '2022-06-11 21:11:11', '2022-06-11 21:11:11'),
(70, 49, 790, 5, 'Wood', 1, 1, '2022-06-11 21:11:11', '2022-06-11 21:11:11'),
(71, 45, 372, 4, 'Stone', 0, 1, '2022-06-11 21:11:11', '2022-06-11 21:11:11'),
(72, 68, 558, 2, 'Brass', 1, 1, '2022-06-11 21:11:11', '2022-06-11 21:11:11'),
(73, 54, 560, 1, 'Steel', 0, 1, '2022-06-11 21:11:11', '2022-06-11 21:11:11'),
(74, 25, 582, 1, 'Granite', 0, 1, '2022-06-11 21:11:11', '2022-06-11 21:11:11'),
(75, 12, 64, 1, 'Plexiglass', 0, 1, '2022-06-11 21:11:11', '2022-06-11 21:11:11'),
(76, 38, 843, 3, 'Granite', 1, 1, '2022-06-11 21:11:11', '2022-06-11 21:11:11'),
(77, 84, 578, 4, 'Rubber', 1, 1, '2022-06-11 21:11:12', '2022-06-11 21:11:12'),
(78, 83, 98, 5, 'Plexiglass', 0, 1, '2022-06-11 21:11:12', '2022-06-11 21:11:12'),
(79, 58, 274, 4, 'Wood', 0, 1, '2022-06-11 21:11:12', '2022-06-11 21:11:12'),
(80, 102, 78, 4, 'Glass', 1, 1, '2022-06-11 21:11:12', '2022-06-11 21:11:12'),
(81, 85, 264, 5, 'Brass', 0, 1, '2022-06-11 21:11:12', '2022-06-11 21:11:12'),
(82, 52, 994, 1, 'Stone', 0, 1, '2022-06-11 21:11:12', '2022-06-11 21:11:12'),
(83, 43, 898, 5, 'Steel', 0, 1, '2022-06-11 21:11:12', '2022-06-11 21:11:12'),
(84, 6, 721, 4, 'Steel', 1, 1, '2022-06-11 21:11:12', '2022-06-11 21:11:12'),
(85, 29, 522, 2, 'Granite', 1, 1, '2022-06-11 21:11:12', '2022-06-11 21:11:12'),
(86, 50, 617, 4, 'Vinyl', 0, 1, '2022-06-11 21:11:12', '2022-06-11 21:11:12'),
(87, 110, 223, 4, 'Glass', 1, 1, '2022-06-11 21:11:12', '2022-06-11 21:11:12'),
(88, 87, 610, 1, 'Aluminum', 1, 1, '2022-06-11 21:11:12', '2022-06-11 21:11:12'),
(89, 87, 280, 3, 'Plexiglass', 0, 1, '2022-06-11 21:11:12', '2022-06-11 21:11:12'),
(90, 97, 611, 2, 'Stone', 0, 1, '2022-06-11 21:11:12', '2022-06-11 21:11:12'),
(91, 84, 68, 5, 'Stone', 1, 1, '2022-06-11 21:11:12', '2022-06-11 21:11:12'),
(92, 41, 249, 2, 'Rubber', 0, 1, '2022-06-11 21:11:12', '2022-06-11 21:11:12'),
(93, 44, 808, 5, 'Rubber', 1, 1, '2022-06-11 21:11:12', '2022-06-11 21:11:12'),
(94, 104, 365, 1, 'Granite', 0, 1, '2022-06-11 21:11:12', '2022-06-11 21:11:12'),
(95, 31, 227, 1, 'Vinyl', 1, 1, '2022-06-11 21:11:12', '2022-06-11 21:11:12'),
(96, 96, 803, 3, 'Wood', 1, 1, '2022-06-11 21:11:12', '2022-06-11 21:11:12'),
(97, 51, 115, 5, 'Steel', 1, 1, '2022-06-11 21:11:12', '2022-06-11 21:11:12'),
(98, 63, 482, 4, 'Granite', 0, 1, '2022-06-11 21:11:12', '2022-06-11 21:11:12'),
(99, 104, 993, 1, 'Steel', 0, 1, '2022-06-11 21:11:12', '2022-06-11 21:11:12'),
(100, 68, 793, 2, 'Glass', 0, 1, '2022-06-11 21:11:12', '2022-06-11 21:11:12'),
(101, 47, 13, 2, 'Granite', 0, 1, '2022-06-11 21:11:12', '2022-06-11 21:11:12'),
(102, 95, 120, 4, 'Rubber', 0, 1, '2022-06-11 21:11:12', '2022-06-11 21:11:12'),
(103, 66, 658, 1, 'Glass', 0, 1, '2022-06-11 21:11:12', '2022-06-11 21:11:12'),
(104, 75, 532, 3, 'Stone', 1, 1, '2022-06-11 21:11:12', '2022-06-11 21:11:12'),
(105, 28, 198, 4, 'Vinyl', 1, 1, '2022-06-11 21:11:12', '2022-06-11 21:11:12'),
(106, 103, 372, 5, 'Vinyl', 0, 1, '2022-06-11 21:11:12', '2022-06-11 21:11:12'),
(107, 66, 579, 3, 'Plexiglass', 1, 1, '2022-06-11 21:11:12', '2022-06-11 21:11:12'),
(108, 83, 603, 5, 'Rubber', 1, 1, '2022-06-11 21:11:12', '2022-06-11 21:11:12'),
(109, 68, 341, 3, 'Granite', 0, 1, '2022-06-11 21:11:12', '2022-06-11 21:11:12'),
(110, 102, 971, 2, 'Plastic', 0, 1, '2022-06-11 21:11:12', '2022-06-11 21:11:12'),
(111, 23, 834, 4, 'Brass', 0, 1, '2022-06-11 21:11:12', '2022-06-11 21:11:12'),
(112, 67, 279, 2, 'Plastic', 1, 1, '2022-06-11 21:11:12', '2022-06-11 21:11:12'),
(113, 50, 705, 5, 'Stone', 1, 1, '2022-06-11 21:11:12', '2022-06-11 21:11:12'),
(114, 44, 316, 2, 'Plastic', 0, 1, '2022-06-11 21:11:12', '2022-06-11 21:11:12'),
(115, 109, 67, 1, 'Glass', 1, 1, '2022-06-11 21:11:12', '2022-06-11 21:11:12'),
(116, 21, 17, 1, 'Wood', 1, 1, '2022-06-11 21:11:12', '2022-06-11 21:11:12'),
(117, 7, 849, 2, 'Brass', 1, 1, '2022-06-11 21:11:12', '2022-06-11 21:11:12'),
(118, 39, 655, 2, 'Plexiglass', 1, 1, '2022-06-11 21:11:12', '2022-06-11 21:11:12'),
(119, 91, 370, 2, 'Steel', 1, 1, '2022-06-11 21:11:12', '2022-06-11 21:11:12'),
(120, 72, 679, 1, 'Stone', 0, 1, '2022-06-11 21:11:12', '2022-06-11 21:11:12'),
(121, 21, 142, 5, 'Glass', 0, 1, '2022-06-11 21:11:12', '2022-06-11 21:11:12'),
(122, 63, 739, 2, 'Plastic', 1, 1, '2022-06-11 21:11:12', '2022-06-11 21:11:12'),
(123, 78, 742, 4, 'Stone', 0, 1, '2022-06-11 21:11:12', '2022-06-11 21:11:12'),
(124, 8, 325, 4, 'Steel', 1, 1, '2022-06-11 21:11:12', '2022-06-11 21:11:12'),
(125, 19, 508, 4, 'Rubber', 1, 1, '2022-06-11 21:11:12', '2022-06-11 21:11:12'),
(126, 47, 432, 5, 'Vinyl', 0, 1, '2022-06-11 21:11:12', '2022-06-11 21:11:12'),
(127, 11, 839, 5, 'Steel', 0, 1, '2022-06-11 21:11:12', '2022-06-11 21:11:12'),
(128, 87, 584, 4, 'Rubber', 1, 1, '2022-06-11 21:11:12', '2022-06-11 21:11:12'),
(129, 65, 435, 5, 'Aluminum', 0, 1, '2022-06-11 21:11:12', '2022-06-11 21:11:12'),
(130, 15, 804, 3, 'Vinyl', 0, 1, '2022-06-11 21:11:12', '2022-06-11 21:11:12'),
(131, 25, 222, 2, 'Glass', 0, 1, '2022-06-11 21:11:12', '2022-06-11 21:11:12'),
(132, 9, 569, 2, 'Brass', 1, 1, '2022-06-11 21:11:12', '2022-06-11 21:11:12'),
(133, 46, 780, 4, 'Stone', 1, 1, '2022-06-11 21:11:12', '2022-06-11 21:11:12'),
(134, 90, 651, 3, 'Vinyl', 1, 1, '2022-06-11 21:11:12', '2022-06-11 21:11:12'),
(135, 10, 922, 3, 'Glass', 1, 1, '2022-06-11 21:11:12', '2022-06-11 21:11:12'),
(136, 103, 340, 1, 'Brass', 0, 1, '2022-06-11 21:11:12', '2022-06-11 21:11:12'),
(137, 46, 259, 5, 'Glass', 0, 1, '2022-06-11 21:11:12', '2022-06-11 21:11:12'),
(138, 58, 383, 2, 'Steel', 1, 1, '2022-06-11 21:11:12', '2022-06-11 21:11:12'),
(139, 56, 342, 4, 'Wood', 0, 1, '2022-06-11 21:11:12', '2022-06-11 21:11:12'),
(140, 81, 955, 1, 'Plastic', 0, 1, '2022-06-11 21:11:12', '2022-06-11 21:11:12'),
(141, 28, 240, 3, 'Rubber', 0, 1, '2022-06-11 21:11:12', '2022-06-11 21:11:12'),
(142, 23, 84, 5, 'Vinyl', 1, 1, '2022-06-11 21:11:12', '2022-06-11 21:11:12'),
(143, 105, 109, 3, 'Plexiglass', 1, 1, '2022-06-11 21:11:12', '2022-06-11 21:11:12'),
(144, 100, 999, 4, 'Rubber', 1, 1, '2022-06-11 21:11:12', '2022-06-11 21:11:12'),
(145, 40, 96, 1, 'Stone', 0, 1, '2022-06-11 21:11:12', '2022-06-11 21:11:12'),
(146, 15, 780, 5, 'Wood', 0, 1, '2022-06-11 21:11:12', '2022-06-11 21:11:12'),
(147, 70, 291, 3, 'Vinyl', 1, 1, '2022-06-11 21:11:12', '2022-06-11 21:11:12'),
(148, 21, 979, 4, 'Glass', 1, 1, '2022-06-11 21:11:12', '2022-06-11 21:11:12'),
(149, 74, 858, 5, 'Glass', 0, 1, '2022-06-11 21:11:12', '2022-06-11 21:11:12'),
(150, 42, 963, 1, 'Plexiglass', 0, 1, '2022-06-11 21:11:12', '2022-06-11 21:11:12'),
(151, 83, 621, 1, 'Brass', 1, 1, '2022-06-11 21:11:12', '2022-06-11 21:11:12'),
(152, 94, 474, 1, 'Aluminum', 0, 1, '2022-06-11 21:11:12', '2022-06-11 21:11:12'),
(153, 17, 836, 5, 'Rubber', 0, 1, '2022-06-11 21:11:12', '2022-06-11 21:11:12'),
(154, 33, 281, 3, 'Brass', 0, 1, '2022-06-11 21:11:12', '2022-06-11 21:11:12'),
(155, 86, 511, 2, 'Rubber', 0, 1, '2022-06-11 21:11:12', '2022-06-11 21:11:12'),
(156, 21, 171, 2, 'Steel', 0, 1, '2022-06-11 21:11:12', '2022-06-11 21:11:12'),
(157, 17, 912, 4, 'Wood', 1, 1, '2022-06-11 21:11:12', '2022-06-11 21:11:12'),
(158, 68, 558, 5, 'Rubber', 0, 1, '2022-06-11 21:11:12', '2022-06-11 21:11:12'),
(159, 50, 660, 3, 'Vinyl', 1, 1, '2022-06-11 21:11:12', '2022-06-11 21:11:12'),
(160, 25, 340, 2, 'Steel', 0, 1, '2022-06-11 21:11:12', '2022-06-11 21:11:12'),
(161, 83, 718, 1, 'Aluminum', 0, 1, '2022-06-11 21:11:12', '2022-06-11 21:11:12'),
(162, 81, 665, 2, 'Stone', 1, 1, '2022-06-11 21:11:12', '2022-06-11 21:11:12'),
(163, 77, 74, 2, 'Steel', 1, 1, '2022-06-11 21:11:12', '2022-06-11 21:11:12'),
(164, 75, 8, 2, 'Aluminum', 0, 1, '2022-06-11 21:11:12', '2022-06-11 21:11:12'),
(165, 37, 205, 3, 'Wood', 0, 1, '2022-06-11 21:11:12', '2022-06-11 21:11:12'),
(166, 69, 583, 2, 'Aluminum', 0, 1, '2022-06-11 21:11:12', '2022-06-11 21:11:12'),
(167, 63, 34, 2, 'Plexiglass', 1, 1, '2022-06-11 21:11:12', '2022-06-11 21:11:12'),
(168, 103, 549, 2, 'Brass', 1, 1, '2022-06-11 21:11:12', '2022-06-11 21:11:12'),
(169, 46, 192, 3, 'Glass', 0, 1, '2022-06-11 21:11:12', '2022-06-11 21:11:12'),
(170, 28, 199, 5, 'Brass', 0, 1, '2022-06-11 21:11:12', '2022-06-11 21:11:12'),
(171, 59, 273, 1, 'Vinyl', 1, 1, '2022-06-11 21:11:12', '2022-06-11 21:11:12'),
(172, 79, 102, 1, 'Glass', 0, 1, '2022-06-11 21:11:12', '2022-06-11 21:11:12'),
(173, 88, 847, 5, 'Steel', 1, 1, '2022-06-11 21:11:12', '2022-06-11 21:11:12'),
(174, 11, 751, 2, 'Brass', 1, 1, '2022-06-11 21:11:12', '2022-06-11 21:11:12'),
(175, 10, 947, 2, 'Plexiglass', 1, 1, '2022-06-11 21:11:12', '2022-06-11 21:11:12'),
(176, 64, 754, 1, 'Wood', 0, 1, '2022-06-11 21:11:12', '2022-06-11 21:11:12'),
(177, 29, 365, 1, 'Aluminum', 0, 1, '2022-06-11 21:11:12', '2022-06-11 21:11:12'),
(178, 106, 228, 3, 'Aluminum', 1, 1, '2022-06-11 21:11:12', '2022-06-11 21:11:12'),
(179, 105, 679, 3, 'Vinyl', 1, 1, '2022-06-11 21:11:12', '2022-06-11 21:11:12'),
(180, 59, 482, 4, 'Brass', 0, 1, '2022-06-11 21:11:12', '2022-06-11 21:11:12'),
(181, 53, 351, 5, 'Plexiglass', 1, 1, '2022-06-11 21:11:12', '2022-06-11 21:11:12'),
(182, 45, 180, 3, 'Stone', 0, 1, '2022-06-11 21:11:12', '2022-06-11 21:11:12'),
(183, 73, 475, 3, 'Granite', 1, 1, '2022-06-11 21:11:12', '2022-06-11 21:11:12'),
(184, 44, 115, 3, 'Glass', 1, 1, '2022-06-11 21:11:12', '2022-06-11 21:11:12'),
(185, 34, 805, 3, 'Rubber', 1, 1, '2022-06-11 21:11:12', '2022-06-11 21:11:12'),
(186, 65, 229, 1, 'Stone', 0, 1, '2022-06-11 21:11:12', '2022-06-11 21:11:12'),
(187, 16, 166, 5, 'Brass', 1, 1, '2022-06-11 21:11:12', '2022-06-11 21:11:12'),
(188, 94, 486, 1, 'Steel', 0, 1, '2022-06-11 21:11:12', '2022-06-11 21:11:12'),
(189, 18, 82, 3, 'Aluminum', 0, 1, '2022-06-11 21:11:12', '2022-06-11 21:11:12'),
(190, 14, 160, 5, 'Rubber', 0, 1, '2022-06-11 21:11:12', '2022-06-11 21:11:12'),
(191, 35, 985, 4, 'Aluminum', 1, 1, '2022-06-11 21:11:12', '2022-06-11 21:11:12'),
(192, 91, 263, 3, 'Brass', 1, 1, '2022-06-11 21:11:12', '2022-06-11 21:11:12'),
(193, 62, 187, 5, 'Stone', 1, 1, '2022-06-11 21:11:12', '2022-06-11 21:11:12'),
(194, 86, 200, 2, 'Plastic', 1, 1, '2022-06-11 21:11:12', '2022-06-11 21:11:12'),
(195, 49, 563, 5, 'Aluminum', 0, 1, '2022-06-11 21:11:12', '2022-06-11 21:11:12'),
(196, 31, 129, 4, 'Glass', 1, 1, '2022-06-11 21:11:12', '2022-06-11 21:11:12'),
(197, 12, 321, 3, 'Wood', 1, 1, '2022-06-11 21:11:12', '2022-06-11 21:11:12'),
(198, 90, 351, 2, 'Vinyl', 1, 1, '2022-06-11 21:11:12', '2022-06-11 21:11:12'),
(199, 68, 351, 5, 'Steel', 0, 1, '2022-06-11 21:11:12', '2022-06-11 21:11:12'),
(200, 75, 976, 3, 'Wood', 1, 1, '2022-06-11 21:11:12', '2022-06-11 21:11:12'),
(201, 31, 719, 2, 'Glass', 1, 1, '2022-06-11 21:11:12', '2022-06-11 21:11:12'),
(202, 58, 51, 1, 'Vinyl', 0, 1, '2022-06-11 21:11:12', '2022-06-11 21:11:12'),
(203, 73, 52, 2, 'Rubber', 1, 1, '2022-06-11 21:11:12', '2022-06-11 21:11:12'),
(204, 106, 542, 3, 'Steel', 0, 1, '2022-06-11 21:11:12', '2022-06-11 21:11:12'),
(205, 30, 147, 2, 'Steel', 1, 1, '2022-06-11 21:11:12', '2022-06-11 21:11:12'),
(206, 9, 174, 1, 'Aluminum', 1, 1, '2022-06-11 21:11:12', '2022-06-11 21:11:12'),
(207, 11, 996, 4, 'Rubber', 0, 1, '2022-06-11 21:11:12', '2022-06-11 21:11:12'),
(208, 16, 219, 2, 'Vinyl', 1, 1, '2022-06-11 21:11:12', '2022-06-11 21:11:12'),
(209, 38, 194, 5, 'Brass', 1, 1, '2022-06-11 21:11:12', '2022-06-11 21:11:12'),
(210, 37, 617, 1, 'Granite', 0, 1, '2022-06-11 21:11:12', '2022-06-11 21:11:12'),
(211, 78, 277, 5, 'Granite', 0, 1, '2022-06-11 21:11:12', '2022-06-11 21:11:12'),
(212, 86, 598, 5, 'Steel', 1, 1, '2022-06-11 21:11:12', '2022-06-11 21:11:12'),
(213, 72, 921, 2, 'Stone', 0, 1, '2022-06-11 21:11:12', '2022-06-11 21:11:12'),
(214, 20, 128, 3, 'Aluminum', 0, 1, '2022-06-11 21:11:12', '2022-06-11 21:11:12'),
(215, 89, 341, 5, 'Plexiglass', 1, 1, '2022-06-11 21:11:12', '2022-06-11 21:11:12'),
(216, 7, 30, 5, 'Plastic', 1, 1, '2022-06-11 21:11:12', '2022-06-11 21:11:12'),
(217, 41, 892, 4, 'Wood', 0, 1, '2022-06-11 21:11:12', '2022-06-11 21:11:12'),
(218, 61, 211, 1, 'Rubber', 1, 1, '2022-06-11 21:11:12', '2022-06-11 21:11:12'),
(219, 75, 69, 2, 'Vinyl', 0, 1, '2022-06-11 21:11:12', '2022-06-11 21:11:12'),
(220, 75, 298, 5, 'Vinyl', 0, 1, '2022-06-11 21:11:12', '2022-06-11 21:11:12'),
(221, 92, 901, 5, 'Rubber', 1, 1, '2022-06-11 21:11:12', '2022-06-11 21:11:12'),
(222, 68, 627, 4, 'Stone', 0, 1, '2022-06-11 21:11:12', '2022-06-11 21:11:12'),
(223, 71, 212, 2, 'Stone', 0, 1, '2022-06-11 21:11:12', '2022-06-11 21:11:12'),
(224, 58, 607, 2, 'Vinyl', 1, 1, '2022-06-11 21:11:12', '2022-06-11 21:11:12'),
(225, 17, 16, 5, 'Granite', 0, 1, '2022-06-11 21:11:12', '2022-06-11 21:11:12'),
(226, 79, 299, 2, 'Glass', 1, 1, '2022-06-11 21:11:12', '2022-06-11 21:11:12'),
(227, 107, 725, 1, 'Glass', 1, 1, '2022-06-11 21:11:12', '2022-06-11 21:11:12'),
(228, 91, 118, 1, 'Granite', 0, 1, '2022-06-11 21:11:12', '2022-06-11 21:11:12'),
(229, 105, 661, 5, 'Plexiglass', 1, 1, '2022-06-11 21:11:12', '2022-06-11 21:11:12'),
(230, 62, 372, 1, 'Aluminum', 0, 1, '2022-06-11 21:11:12', '2022-06-11 21:11:12'),
(231, 51, 465, 4, 'Plastic', 0, 1, '2022-06-11 21:11:12', '2022-06-11 21:11:12'),
(232, 107, 643, 2, 'Stone', 1, 1, '2022-06-11 21:11:12', '2022-06-11 21:11:12'),
(233, 103, 13, 2, 'Plexiglass', 1, 1, '2022-06-11 21:11:12', '2022-06-11 21:11:12'),
(234, 103, 60, 3, 'Rubber', 0, 1, '2022-06-11 21:11:12', '2022-06-11 21:11:12'),
(235, 108, 657, 2, 'Brass', 1, 1, '2022-06-11 21:11:12', '2022-06-11 21:11:12'),
(236, 90, 647, 4, 'Rubber', 1, 1, '2022-06-11 21:11:12', '2022-06-11 21:11:12'),
(237, 66, 814, 4, 'Wood', 1, 1, '2022-06-11 21:11:12', '2022-06-11 21:11:12'),
(238, 40, 605, 1, 'Granite', 0, 1, '2022-06-11 21:11:12', '2022-06-11 21:11:12'),
(239, 73, 888, 5, 'Glass', 0, 1, '2022-06-11 21:11:12', '2022-06-11 21:11:12'),
(240, 62, 150, 4, 'Stone', 1, 1, '2022-06-11 21:11:12', '2022-06-11 21:11:12'),
(241, 31, 33, 5, 'Granite', 1, 1, '2022-06-11 21:11:12', '2022-06-11 21:11:12'),
(242, 61, 521, 5, 'Wood', 1, 1, '2022-06-11 21:11:12', '2022-06-11 21:11:12'),
(243, 88, 261, 1, 'Aluminum', 0, 1, '2022-06-11 21:11:12', '2022-06-11 21:11:12'),
(244, 34, 325, 3, 'Wood', 1, 1, '2022-06-11 21:11:12', '2022-06-11 21:11:12'),
(245, 53, 663, 2, 'Granite', 0, 1, '2022-06-11 21:11:12', '2022-06-11 21:11:12'),
(246, 10, 36, 3, 'Steel', 0, 1, '2022-06-11 21:11:12', '2022-06-11 21:11:12'),
(247, 57, 786, 1, 'Plexiglass', 0, 1, '2022-06-11 21:11:12', '2022-06-11 21:11:12'),
(248, 30, 709, 4, 'Granite', 1, 1, '2022-06-11 21:11:12', '2022-06-11 21:11:12'),
(249, 52, 548, 1, 'Vinyl', 1, 1, '2022-06-11 21:11:12', '2022-06-11 21:11:12'),
(250, 31, 280, 2, 'Steel', 1, 1, '2022-06-11 21:11:12', '2022-06-11 21:11:12'),
(251, 13, 43, 5, 'Wood', 0, 1, '2022-06-11 21:11:12', '2022-06-11 21:11:12'),
(252, 80, 482, 4, 'Wood', 1, 1, '2022-06-11 21:11:12', '2022-06-11 21:11:12'),
(253, 89, 269, 3, 'Wood', 0, 1, '2022-06-11 21:11:12', '2022-06-11 21:11:12'),
(254, 24, 655, 2, 'Wood', 0, 1, '2022-06-11 21:11:12', '2022-06-11 21:11:12'),
(255, 23, 760, 3, 'Glass', 1, 1, '2022-06-11 21:11:12', '2022-06-11 21:11:12'),
(256, 5, 884, 3, 'Rubber', 0, 1, '2022-06-11 21:11:12', '2022-06-11 21:11:12'),
(257, 96, 806, 4, 'Steel', 1, 1, '2022-06-11 21:11:12', '2022-06-11 21:11:12'),
(258, 41, 152, 3, 'Aluminum', 0, 1, '2022-06-11 21:11:12', '2022-06-11 21:11:12'),
(259, 26, 601, 1, 'Wood', 0, 1, '2022-06-11 21:11:12', '2022-06-11 21:11:12'),
(260, 35, 261, 4, 'Steel', 1, 1, '2022-06-11 21:11:12', '2022-06-11 21:11:12'),
(261, 38, 2, 5, 'Rubber', 1, 1, '2022-06-11 21:11:12', '2022-06-11 21:11:12'),
(262, 109, 196, 2, 'Rubber', 0, 1, '2022-06-11 21:11:12', '2022-06-11 21:11:12'),
(263, 8, 151, 3, 'Vinyl', 0, 1, '2022-06-11 21:11:12', '2022-06-11 21:11:12'),
(264, 72, 627, 1, 'Stone', 1, 1, '2022-06-11 21:11:12', '2022-06-11 21:11:12'),
(265, 19, 959, 2, 'Plexiglass', 0, 1, '2022-06-11 21:11:12', '2022-06-11 21:11:12'),
(266, 43, 512, 4, 'Glass', 1, 1, '2022-06-11 21:11:12', '2022-06-11 21:11:12'),
(267, 107, 595, 1, 'Vinyl', 1, 1, '2022-06-11 21:11:12', '2022-06-11 21:11:12'),
(268, 9, 36, 2, 'Vinyl', 0, 1, '2022-06-11 21:11:12', '2022-06-11 21:11:12'),
(269, 5, 279, 5, 'Brass', 0, 1, '2022-06-11 21:11:12', '2022-06-11 21:11:12'),
(270, 7, 880, 2, 'Granite', 0, 1, '2022-06-11 21:11:12', '2022-06-11 21:11:12'),
(271, 20, 873, 5, 'Glass', 1, 1, '2022-06-11 21:11:12', '2022-06-11 21:11:12'),
(272, 76, 219, 3, 'Steel', 0, 1, '2022-06-11 21:11:12', '2022-06-11 21:11:12'),
(273, 18, 554, 3, 'Stone', 0, 1, '2022-06-11 21:11:12', '2022-06-11 21:11:12'),
(274, 40, 970, 4, 'Vinyl', 0, 1, '2022-06-11 21:11:12', '2022-06-11 21:11:12'),
(275, 110, 368, 1, 'Aluminum', 0, 1, '2022-06-11 21:11:12', '2022-06-11 21:11:12'),
(276, 12, 481, 3, 'Rubber', 0, 1, '2022-06-11 21:11:12', '2022-06-11 21:11:12'),
(277, 54, 187, 3, 'Steel', 1, 1, '2022-06-11 21:11:12', '2022-06-11 21:11:12'),
(278, 21, 10, 5, 'Stone', 0, 1, '2022-06-11 21:11:12', '2022-06-11 21:11:12'),
(279, 81, 130, 2, 'Granite', 0, 1, '2022-06-11 21:11:12', '2022-06-11 21:11:12'),
(280, 10, 492, 5, 'Plexiglass', 0, 1, '2022-06-11 21:11:12', '2022-06-11 21:11:12'),
(281, 39, 563, 2, 'Stone', 1, 1, '2022-06-11 21:11:12', '2022-06-11 21:11:12'),
(282, 39, 606, 2, 'Brass', 1, 1, '2022-06-11 21:11:12', '2022-06-11 21:11:12'),
(283, 53, 277, 5, 'Wood', 0, 1, '2022-06-11 21:11:12', '2022-06-11 21:11:12'),
(284, 102, 965, 1, 'Vinyl', 1, 1, '2022-06-11 21:11:12', '2022-06-11 21:11:12'),
(285, 87, 839, 5, 'Rubber', 1, 1, '2022-06-11 21:11:12', '2022-06-11 21:11:12'),
(286, 36, 385, 2, 'Plastic', 0, 1, '2022-06-11 21:11:12', '2022-06-11 21:11:12'),
(287, 37, 637, 5, 'Glass', 0, 1, '2022-06-11 21:11:12', '2022-06-11 21:11:12'),
(288, 26, 438, 2, 'Steel', 1, 1, '2022-06-11 21:11:12', '2022-06-11 21:11:12'),
(289, 104, 900, 2, 'Granite', 1, 1, '2022-06-11 21:11:12', '2022-06-11 21:11:12'),
(290, 58, 499, 1, 'Plexiglass', 0, 1, '2022-06-11 21:11:12', '2022-06-11 21:11:12'),
(291, 69, 975, 1, 'Stone', 1, 1, '2022-06-11 21:11:12', '2022-06-11 21:11:12'),
(292, 15, 451, 5, 'Brass', 0, 1, '2022-06-11 21:11:12', '2022-06-11 21:11:12'),
(293, 65, 423, 2, 'Steel', 0, 1, '2022-06-11 21:11:12', '2022-06-11 21:11:12'),
(294, 89, 808, 2, 'Plastic', 0, 1, '2022-06-11 21:11:12', '2022-06-11 21:11:12'),
(295, 98, 806, 2, 'Brass', 1, 1, '2022-06-11 21:11:12', '2022-06-11 21:11:12'),
(296, 62, 754, 4, 'Stone', 0, 1, '2022-06-11 21:11:12', '2022-06-11 21:11:12'),
(297, 48, 363, 5, 'Plexiglass', 0, 1, '2022-06-11 21:11:12', '2022-06-11 21:11:12'),
(298, 12, 569, 2, 'Stone', 1, 1, '2022-06-11 21:11:12', '2022-06-11 21:11:12'),
(299, 56, 299, 2, 'Stone', 1, 1, '2022-06-11 21:11:12', '2022-06-11 21:11:12'),
(300, 17, 412, 5, 'Granite', 1, 1, '2022-06-11 21:11:12', '2022-06-11 21:11:12'),
(301, 51, 862, 2, 'Stone', 1, 1, '2022-06-11 21:11:12', '2022-06-11 21:11:12'),
(302, 39, 430, 1, 'Glass', 0, 1, '2022-06-11 21:11:12', '2022-06-11 21:11:12'),
(303, 107, 324, 2, 'Granite', 0, 1, '2022-06-11 21:11:12', '2022-06-11 21:11:12'),
(304, 62, 838, 2, 'Glass', 1, 1, '2022-06-11 21:11:12', '2022-06-11 21:11:12'),
(305, 26, 771, 2, 'Stone', 1, 1, '2022-06-11 21:11:12', '2022-06-11 21:11:12'),
(306, 40, 467, 2, 'Stone', 1, 1, '2022-06-11 21:11:12', '2022-06-11 21:11:12'),
(307, 12, 878, 4, 'Stone', 1, 1, '2022-06-11 21:11:12', '2022-06-11 21:11:12'),
(308, 6, 131, 2, 'Aluminum', 0, 1, '2022-06-11 21:11:12', '2022-06-11 21:11:12'),
(309, 51, 552, 4, 'Granite', 0, 1, '2022-06-11 21:11:12', '2022-06-11 21:11:12'),
(310, 44, 368, 5, 'Brass', 0, 1, '2022-06-11 21:11:12', '2022-06-11 21:11:12'),
(311, 5, 256, 1, 'Rubber', 1, 1, '2022-06-11 21:11:12', '2022-06-11 21:11:12'),
(312, 97, 291, 2, 'Steel', 1, 1, '2022-06-11 21:11:12', '2022-06-11 21:11:12'),
(313, 58, 478, 2, 'Wood', 0, 1, '2022-06-11 21:11:12', '2022-06-11 21:11:12'),
(314, 79, 411, 2, 'Plexiglass', 0, 1, '2022-06-11 21:11:12', '2022-06-11 21:11:12'),
(315, 30, 191, 2, 'Vinyl', 1, 1, '2022-06-11 21:11:12', '2022-06-11 21:11:12'),
(316, 28, 623, 3, 'Brass', 0, 1, '2022-06-11 21:11:12', '2022-06-11 21:11:12'),
(317, 95, 241, 2, 'Plexiglass', 0, 1, '2022-06-11 21:11:12', '2022-06-11 21:11:12'),
(318, 12, 170, 5, 'Rubber', 1, 1, '2022-06-11 21:11:12', '2022-06-11 21:11:12'),
(319, 40, 769, 3, 'Wood', 0, 1, '2022-06-11 21:11:12', '2022-06-11 21:11:12'),
(320, 21, 34, 3, 'Wood', 1, 1, '2022-06-11 21:11:12', '2022-06-11 21:11:12'),
(321, 32, 737, 4, 'Rubber', 0, 1, '2022-06-11 21:11:12', '2022-06-11 21:11:12'),
(322, 49, 742, 4, 'Vinyl', 1, 1, '2022-06-11 21:11:12', '2022-06-11 21:11:12'),
(323, 107, 605, 4, 'Rubber', 1, 1, '2022-06-11 21:11:12', '2022-06-11 21:11:12'),
(324, 71, 978, 1, 'Glass', 0, 1, '2022-06-11 21:11:12', '2022-06-11 21:11:12'),
(325, 65, 3, 1, 'Glass', 1, 1, '2022-06-11 21:11:12', '2022-06-11 21:11:12'),
(326, 52, 876, 1, 'Stone', 1, 1, '2022-06-11 21:11:12', '2022-06-11 21:11:12'),
(327, 81, 200, 1, 'Aluminum', 0, 1, '2022-06-11 21:11:12', '2022-06-11 21:11:12'),
(328, 10, 857, 5, 'Vinyl', 1, 1, '2022-06-11 21:11:12', '2022-06-11 21:11:12'),
(329, 38, 152, 3, 'Stone', 1, 1, '2022-06-11 21:11:12', '2022-06-11 21:11:12'),
(330, 97, 131, 4, 'Plastic', 0, 1, '2022-06-11 21:11:12', '2022-06-11 21:11:12'),
(331, 19, 686, 5, 'Wood', 1, 1, '2022-06-11 21:11:12', '2022-06-11 21:11:12'),
(332, 37, 775, 5, 'Aluminum', 1, 1, '2022-06-11 21:11:12', '2022-06-11 21:11:12'),
(333, 31, 240, 2, 'Stone', 1, 1, '2022-06-11 21:11:12', '2022-06-11 21:11:12'),
(334, 37, 145, 2, 'Glass', 0, 1, '2022-06-11 21:11:12', '2022-06-11 21:11:12'),
(335, 81, 782, 2, 'Steel', 1, 1, '2022-06-11 21:11:12', '2022-06-11 21:11:12'),
(336, 13, 253, 3, 'Granite', 1, 1, '2022-06-11 21:11:12', '2022-06-11 21:11:12'),
(337, 81, 180, 1, 'Vinyl', 1, 1, '2022-06-11 21:11:12', '2022-06-11 21:11:12'),
(338, 61, 779, 5, 'Wood', 0, 1, '2022-06-11 21:11:12', '2022-06-11 21:11:12'),
(339, 105, 590, 3, 'Granite', 1, 1, '2022-06-11 21:11:12', '2022-06-11 21:11:12'),
(340, 91, 233, 1, 'Stone', 0, 1, '2022-06-11 21:11:12', '2022-06-11 21:11:12'),
(341, 93, 65, 1, 'Glass', 1, 1, '2022-06-11 21:11:12', '2022-06-11 21:11:12'),
(342, 53, 763, 3, 'Brass', 1, 1, '2022-06-11 21:11:12', '2022-06-11 21:11:12'),
(343, 71, 675, 3, 'Wood', 0, 1, '2022-06-11 21:11:12', '2022-06-11 21:11:12'),
(344, 61, 174, 1, 'Brass', 1, 1, '2022-06-11 21:11:12', '2022-06-11 21:11:12'),
(345, 99, 213, 1, 'Rubber', 0, 1, '2022-06-11 21:11:12', '2022-06-11 21:11:12'),
(346, 44, 415, 5, 'Wood', 0, 1, '2022-06-11 21:11:12', '2022-06-11 21:11:12'),
(347, 109, 83, 5, 'Brass', 1, 1, '2022-06-11 21:11:12', '2022-06-11 21:11:12'),
(348, 110, 591, 4, 'Plexiglass', 0, 1, '2022-06-11 21:11:12', '2022-06-11 21:11:12'),
(349, 69, 953, 5, 'Glass', 0, 1, '2022-06-11 21:11:12', '2022-06-11 21:11:12'),
(350, 17, 59, 4, 'Stone', 1, 1, '2022-06-11 21:11:12', '2022-06-11 21:11:12'),
(351, 17, 786, 4, 'Granite', 0, 1, '2022-06-11 21:11:12', '2022-06-11 21:11:12'),
(352, 80, 524, 4, 'Brass', 1, 1, '2022-06-11 21:11:12', '2022-06-11 21:11:12'),
(353, 68, 607, 3, 'Steel', 1, 1, '2022-06-11 21:11:12', '2022-06-11 21:11:12'),
(354, 46, 101, 3, 'Plastic', 1, 1, '2022-06-11 21:11:12', '2022-06-11 21:11:12'),
(355, 90, 494, 1, 'Plexiglass', 1, 1, '2022-06-11 21:11:12', '2022-06-11 21:11:12'),
(356, 78, 682, 3, 'Wood', 1, 1, '2022-06-11 21:11:12', '2022-06-11 21:11:12'),
(357, 35, 976, 2, 'Stone', 0, 1, '2022-06-11 21:11:12', '2022-06-11 21:11:12'),
(358, 58, 972, 2, 'Steel', 0, 1, '2022-06-11 21:11:12', '2022-06-11 21:11:12'),
(359, 67, 305, 4, 'Steel', 0, 1, '2022-06-11 21:11:12', '2022-06-11 21:11:12'),
(360, 28, 745, 4, 'Rubber', 1, 1, '2022-06-11 21:11:12', '2022-06-11 21:11:12'),
(361, 23, 804, 3, 'Steel', 1, 1, '2022-06-11 21:11:12', '2022-06-11 21:11:12'),
(362, 103, 809, 1, 'Plexiglass', 0, 1, '2022-06-11 21:11:12', '2022-06-11 21:11:12'),
(363, 44, 516, 1, 'Brass', 0, 1, '2022-06-11 21:11:12', '2022-06-11 21:11:12'),
(364, 79, 450, 5, 'Glass', 1, 1, '2022-06-11 21:11:12', '2022-06-11 21:11:12'),
(365, 74, 243, 2, 'Plexiglass', 0, 1, '2022-06-11 21:11:12', '2022-06-11 21:11:12'),
(366, 82, 635, 4, 'Glass', 0, 1, '2022-06-11 21:11:12', '2022-06-11 21:11:12'),
(367, 84, 903, 1, 'Brass', 0, 1, '2022-06-11 21:11:12', '2022-06-11 21:11:12'),
(368, 101, 963, 4, 'Vinyl', 0, 1, '2022-06-11 21:11:12', '2022-06-11 21:11:12'),
(369, 56, 131, 2, 'Steel', 0, 1, '2022-06-11 21:11:12', '2022-06-11 21:11:12'),
(370, 71, 969, 1, 'Granite', 0, 1, '2022-06-11 21:11:12', '2022-06-11 21:11:12'),
(371, 11, 407, 1, 'Plexiglass', 1, 1, '2022-06-11 21:11:12', '2022-06-11 21:11:12'),
(372, 23, 303, 3, 'Vinyl', 0, 1, '2022-06-11 21:11:12', '2022-06-11 21:11:12'),
(373, 98, 55, 4, 'Plastic', 1, 1, '2022-06-11 21:11:12', '2022-06-11 21:11:12'),
(374, 46, 119, 3, 'Wood', 1, 1, '2022-06-11 21:11:12', '2022-06-11 21:11:12'),
(375, 110, 236, 5, 'Glass', 0, 1, '2022-06-11 21:11:12', '2022-06-11 21:11:12'),
(376, 40, 839, 4, 'Brass', 0, 1, '2022-06-11 21:11:12', '2022-06-11 21:11:12'),
(377, 100, 850, 5, 'Wood', 1, 1, '2022-06-11 21:11:12', '2022-06-11 21:11:12'),
(378, 28, 431, 4, 'Stone', 1, 1, '2022-06-11 21:11:12', '2022-06-11 21:11:12'),
(379, 6, 252, 5, 'Rubber', 1, 1, '2022-06-11 21:11:12', '2022-06-11 21:11:12'),
(380, 49, 946, 3, 'Stone', 0, 1, '2022-06-11 21:11:12', '2022-06-11 21:11:12'),
(381, 73, 559, 5, 'Vinyl', 0, 1, '2022-06-11 21:11:12', '2022-06-11 21:11:12'),
(382, 105, 347, 3, 'Glass', 1, 1, '2022-06-11 21:11:12', '2022-06-11 21:11:12'),
(383, 58, 305, 4, 'Vinyl', 1, 1, '2022-06-11 21:11:12', '2022-06-11 21:11:12'),
(384, 48, 171, 2, 'Wood', 1, 1, '2022-06-11 21:11:12', '2022-06-11 21:11:12'),
(385, 74, 827, 5, 'Glass', 0, 1, '2022-06-11 21:11:12', '2022-06-11 21:11:12'),
(386, 80, 19, 3, 'Aluminum', 1, 1, '2022-06-11 21:11:12', '2022-06-11 21:11:12'),
(387, 99, 70, 3, 'Vinyl', 1, 1, '2022-06-11 21:11:12', '2022-06-11 21:11:12'),
(388, 35, 10, 4, 'Plexiglass', 0, 1, '2022-06-11 21:11:12', '2022-06-11 21:11:12'),
(389, 33, 212, 2, 'Stone', 1, 1, '2022-06-11 21:11:12', '2022-06-11 21:11:12'),
(390, 30, 740, 3, 'Granite', 1, 1, '2022-06-11 21:11:12', '2022-06-11 21:11:12'),
(391, 57, 44, 1, 'Granite', 0, 1, '2022-06-11 21:11:12', '2022-06-11 21:11:12'),
(392, 83, 243, 2, 'Brass', 0, 1, '2022-06-11 21:11:12', '2022-06-11 21:11:12'),
(393, 24, 227, 2, 'Stone', 0, 1, '2022-06-11 21:11:12', '2022-06-11 21:11:12'),
(394, 101, 639, 4, 'Aluminum', 0, 1, '2022-06-11 21:11:12', '2022-06-11 21:11:12'),
(395, 47, 149, 3, 'Plastic', 0, 1, '2022-06-11 21:11:12', '2022-06-11 21:11:12'),
(396, 11, 927, 2, 'Brass', 1, 1, '2022-06-11 21:11:12', '2022-06-11 21:11:12'),
(397, 98, 199, 3, 'Wood', 0, 1, '2022-06-11 21:11:12', '2022-06-11 21:11:12'),
(398, 28, 869, 4, 'Vinyl', 1, 1, '2022-06-11 21:11:12', '2022-06-11 21:11:12'),
(399, 9, 875, 4, 'Steel', 0, 1, '2022-06-11 21:11:12', '2022-06-11 21:11:12'),
(400, 6, 845, 1, 'Rubber', 1, 1, '2022-06-11 21:11:12', '2022-06-11 21:11:12'),
(401, 64, 712, 2, 'Stone', 0, 1, '2022-06-11 21:11:12', '2022-06-11 21:11:12'),
(402, 50, 203, 3, 'Wood', 1, 1, '2022-06-11 21:11:12', '2022-06-11 21:11:12'),
(403, 51, 155, 5, 'Plexiglass', 0, 1, '2022-06-11 21:11:12', '2022-06-11 21:11:12'),
(404, 55, 974, 4, 'Rubber', 0, 1, '2022-06-11 21:11:12', '2022-06-11 21:11:12'),
(405, 105, 169, 2, 'Stone', 0, 1, '2022-06-11 21:11:12', '2022-06-11 21:11:12'),
(406, 37, 461, 3, 'Wood', 0, 1, '2022-06-11 21:11:12', '2022-06-11 21:11:12'),
(407, 43, 325, 5, 'Rubber', 1, 1, '2022-06-11 21:11:12', '2022-06-11 21:11:12'),
(408, 94, 235, 2, 'Plexiglass', 1, 1, '2022-06-11 21:11:12', '2022-06-11 21:11:12'),
(409, 94, 240, 1, 'Vinyl', 0, 1, '2022-06-11 21:11:12', '2022-06-11 21:11:12'),
(410, 17, 355, 2, 'Steel', 1, 1, '2022-06-11 21:11:12', '2022-06-11 21:11:12'),
(411, 11, 815, 1, 'Wood', 0, 1, '2022-06-11 21:11:12', '2022-06-11 21:11:12'),
(412, 97, 594, 3, 'Granite', 0, 1, '2022-06-11 21:11:12', '2022-06-11 21:11:12'),
(413, 38, 645, 5, 'Plexiglass', 1, 1, '2022-06-11 21:11:12', '2022-06-11 21:11:12'),
(414, 51, 630, 4, 'Plastic', 0, 1, '2022-06-11 21:11:12', '2022-06-11 21:11:12'),
(415, 15, 289, 2, 'Plexiglass', 1, 1, '2022-06-11 21:11:12', '2022-06-11 21:11:12'),
(416, 12, 279, 3, 'Stone', 0, 1, '2022-06-11 21:11:12', '2022-06-11 21:11:12'),
(417, 8, 2, 3, 'Steel', 0, 1, '2022-06-11 21:11:12', '2022-06-11 21:11:12'),
(418, 50, 431, 1, 'Brass', 1, 1, '2022-06-11 21:11:12', '2022-06-11 21:11:12'),
(419, 15, 329, 5, 'Glass', 0, 1, '2022-06-11 21:11:12', '2022-06-11 21:11:12'),
(420, 83, 578, 4, 'Brass', 0, 1, '2022-06-11 21:11:12', '2022-06-11 21:11:12'),
(421, 73, 738, 5, 'Steel', 0, 1, '2022-06-11 21:11:12', '2022-06-11 21:11:12'),
(422, 62, 670, 3, 'Steel', 1, 1, '2022-06-11 21:11:12', '2022-06-11 21:11:12'),
(423, 39, 764, 2, 'Rubber', 1, 1, '2022-06-11 21:11:12', '2022-06-11 21:11:12'),
(424, 70, 291, 2, 'Plexiglass', 1, 1, '2022-06-11 21:11:12', '2022-06-11 21:11:12'),
(425, 24, 496, 3, 'Brass', 0, 1, '2022-06-11 21:11:12', '2022-06-11 21:11:12'),
(426, 49, 747, 3, 'Glass', 0, 1, '2022-06-11 21:11:12', '2022-06-11 21:11:12'),
(427, 8, 763, 2, 'Wood', 1, 1, '2022-06-11 21:11:12', '2022-06-11 21:11:12'),
(428, 17, 311, 3, 'Brass', 0, 1, '2022-06-11 21:11:12', '2022-06-11 21:11:12'),
(429, 20, 857, 1, 'Rubber', 0, 1, '2022-06-11 21:11:12', '2022-06-11 21:11:12'),
(430, 11, 362, 1, 'Vinyl', 0, 1, '2022-06-11 21:11:12', '2022-06-11 21:11:12'),
(431, 44, 992, 5, 'Granite', 0, 1, '2022-06-11 21:11:12', '2022-06-11 21:11:12'),
(432, 88, 371, 5, 'Brass', 1, 1, '2022-06-11 21:11:12', '2022-06-11 21:11:12'),
(433, 99, 910, 4, 'Granite', 0, 1, '2022-06-11 21:11:12', '2022-06-11 21:11:12'),
(434, 15, 890, 4, 'Steel', 0, 1, '2022-06-11 21:11:12', '2022-06-11 21:11:12'),
(435, 58, 845, 4, 'Plexiglass', 0, 1, '2022-06-11 21:11:12', '2022-06-11 21:11:12'),
(436, 43, 940, 5, 'Glass', 0, 1, '2022-06-11 21:11:12', '2022-06-11 21:11:12'),
(437, 31, 677, 2, 'Wood', 0, 1, '2022-06-11 21:11:12', '2022-06-11 21:11:12'),
(438, 74, 73, 3, 'Glass', 1, 1, '2022-06-11 21:11:12', '2022-06-11 21:11:12'),
(439, 47, 129, 3, 'Stone', 0, 1, '2022-06-11 21:11:12', '2022-06-11 21:11:12'),
(440, 104, 737, 1, 'Glass', 0, 1, '2022-06-11 21:11:12', '2022-06-11 21:11:12'),
(441, 86, 14, 5, 'Plastic', 0, 1, '2022-06-11 21:11:12', '2022-06-11 21:11:12'),
(442, 37, 808, 3, 'Plexiglass', 0, 1, '2022-06-11 21:11:12', '2022-06-11 21:11:12'),
(443, 37, 520, 3, 'Vinyl', 1, 1, '2022-06-11 21:11:12', '2022-06-11 21:11:12'),
(444, 84, 168, 4, 'Plastic', 0, 1, '2022-06-11 21:11:12', '2022-06-11 21:11:12'),
(445, 22, 311, 2, 'Plexiglass', 0, 1, '2022-06-11 21:11:12', '2022-06-11 21:11:12'),
(446, 27, 803, 5, 'Glass', 1, 1, '2022-06-11 21:11:12', '2022-06-11 21:11:12'),
(447, 50, 75, 1, 'Brass', 0, 1, '2022-06-11 21:11:12', '2022-06-11 21:11:12'),
(448, 70, 123, 5, 'Brass', 0, 1, '2022-06-11 21:11:12', '2022-06-11 21:11:12'),
(449, 44, 306, 4, 'Plastic', 0, 1, '2022-06-11 21:11:12', '2022-06-11 21:11:12'),
(450, 46, 192, 5, 'Wood', 0, 1, '2022-06-11 21:11:12', '2022-06-11 21:11:12'),
(451, 23, 250, 3, 'Glass', 0, 1, '2022-06-11 21:11:13', '2022-06-11 21:11:13'),
(452, 103, 258, 1, 'Rubber', 1, 1, '2022-06-11 21:11:13', '2022-06-11 21:11:13'),
(453, 105, 508, 5, 'Stone', 0, 1, '2022-06-11 21:11:13', '2022-06-11 21:11:13'),
(454, 49, 673, 2, 'Steel', 1, 1, '2022-06-11 21:11:13', '2022-06-11 21:11:13'),
(455, 101, 366, 2, 'Aluminum', 0, 1, '2022-06-11 21:11:13', '2022-06-11 21:11:13'),
(456, 75, 879, 5, 'Plexiglass', 1, 1, '2022-06-11 21:11:13', '2022-06-11 21:11:13'),
(457, 51, 235, 5, 'Aluminum', 1, 1, '2022-06-11 21:11:13', '2022-06-11 21:11:13'),
(458, 60, 785, 1, 'Stone', 0, 1, '2022-06-11 21:11:13', '2022-06-11 21:11:13'),
(459, 105, 799, 1, 'Wood', 1, 1, '2022-06-11 21:11:13', '2022-06-11 21:11:13'),
(460, 41, 357, 1, 'Vinyl', 0, 1, '2022-06-11 21:11:13', '2022-06-11 21:11:13'),
(461, 78, 950, 2, 'Stone', 1, 1, '2022-06-11 21:11:13', '2022-06-11 21:11:13'),
(462, 7, 23, 3, 'Stone', 0, 1, '2022-06-11 21:11:13', '2022-06-11 21:11:13'),
(463, 96, 204, 1, 'Stone', 1, 1, '2022-06-11 21:11:13', '2022-06-11 21:11:13'),
(464, 15, 539, 1, 'Plexiglass', 0, 1, '2022-06-11 21:11:13', '2022-06-11 21:11:13'),
(465, 46, 102, 1, 'Plastic', 1, 1, '2022-06-11 21:11:13', '2022-06-11 21:11:13'),
(466, 48, 5, 1, 'Steel', 0, 1, '2022-06-11 21:11:13', '2022-06-11 21:11:13'),
(467, 75, 132, 2, 'Vinyl', 0, 1, '2022-06-11 21:11:13', '2022-06-11 21:11:13'),
(468, 16, 158, 5, 'Wood', 1, 1, '2022-06-11 21:11:13', '2022-06-11 21:11:13'),
(469, 45, 336, 4, 'Wood', 0, 1, '2022-06-11 21:11:13', '2022-06-11 21:11:13'),
(470, 41, 884, 1, 'Granite', 0, 1, '2022-06-11 21:11:13', '2022-06-11 21:11:13'),
(471, 42, 790, 4, 'Plastic', 0, 1, '2022-06-11 21:11:13', '2022-06-11 21:11:13'),
(472, 107, 455, 4, 'Granite', 0, 1, '2022-06-11 21:11:13', '2022-06-11 21:11:13'),
(473, 69, 43, 3, 'Aluminum', 0, 1, '2022-06-11 21:11:13', '2022-06-11 21:11:13'),
(474, 107, 594, 3, 'Rubber', 0, 1, '2022-06-11 21:11:13', '2022-06-11 21:11:13'),
(475, 88, 209, 3, 'Plastic', 0, 1, '2022-06-11 21:11:13', '2022-06-11 21:11:13'),
(476, 32, 974, 5, 'Brass', 1, 1, '2022-06-11 21:11:13', '2022-06-11 21:11:13'),
(477, 86, 510, 4, 'Wood', 1, 1, '2022-06-11 21:11:13', '2022-06-11 21:11:13'),
(478, 75, 80, 1, 'Steel', 1, 1, '2022-06-11 21:11:13', '2022-06-11 21:11:13'),
(479, 17, 347, 4, 'Steel', 1, 1, '2022-06-11 21:11:13', '2022-06-11 21:11:13'),
(480, 67, 734, 4, 'Aluminum', 1, 1, '2022-06-11 21:11:13', '2022-06-11 21:11:13'),
(481, 101, 515, 5, 'Glass', 1, 1, '2022-06-11 21:11:13', '2022-06-11 21:11:13'),
(482, 42, 321, 1, 'Rubber', 0, 1, '2022-06-11 21:11:13', '2022-06-11 21:11:13'),
(483, 43, 675, 3, 'Wood', 1, 1, '2022-06-11 21:11:13', '2022-06-11 21:11:13'),
(484, 66, 694, 3, 'Steel', 0, 1, '2022-06-11 21:11:13', '2022-06-11 21:11:13'),
(485, 5, 466, 2, 'Granite', 1, 1, '2022-06-11 21:11:13', '2022-06-11 21:11:13'),
(486, 20, 471, 4, 'Plastic', 1, 1, '2022-06-11 21:11:13', '2022-06-11 21:11:13'),
(487, 97, 310, 4, 'Steel', 1, 1, '2022-06-11 21:11:13', '2022-06-11 21:11:13'),
(488, 56, 399, 3, 'Stone', 0, 1, '2022-06-11 21:11:13', '2022-06-11 21:11:13'),
(489, 97, 244, 5, 'Stone', 1, 1, '2022-06-11 21:11:13', '2022-06-11 21:11:13'),
(490, 100, 147, 2, 'Plexiglass', 1, 1, '2022-06-11 21:11:13', '2022-06-11 21:11:13'),
(491, 63, 808, 3, 'Glass', 1, 1, '2022-06-11 21:11:13', '2022-06-11 21:11:13'),
(492, 106, 273, 5, 'Plastic', 0, 1, '2022-06-11 21:11:13', '2022-06-11 21:11:13'),
(493, 110, 911, 1, 'Plastic', 0, 1, '2022-06-11 21:11:13', '2022-06-11 21:11:13'),
(494, 19, 409, 3, 'Granite', 1, 1, '2022-06-11 21:11:13', '2022-06-11 21:11:13'),
(495, 22, 946, 5, 'Plastic', 1, 1, '2022-06-11 21:11:13', '2022-06-11 21:11:13'),
(496, 67, 159, 5, 'Stone', 1, 1, '2022-06-11 21:11:13', '2022-06-11 21:11:13'),
(497, 55, 149, 5, 'Brass', 0, 1, '2022-06-11 21:11:13', '2022-06-11 21:11:13'),
(498, 30, 797, 4, 'Stone', 0, 1, '2022-06-11 21:11:13', '2022-06-11 21:11:13'),
(499, 87, 319, 3, 'Plexiglass', 1, 1, '2022-06-11 21:11:13', '2022-06-11 21:11:13'),
(500, 6, 461, 2, 'Vinyl', 0, 1, '2022-06-11 21:11:13', '2022-06-11 21:11:13'),
(501, 12, 677, 3, 'Plastic', 1, 1, '2022-06-11 21:11:13', '2022-06-11 21:11:13'),
(502, 72, 1000, 2, 'Rubber', 1, 1, '2022-06-11 21:11:13', '2022-06-11 21:11:13'),
(503, 47, 98, 4, 'Aluminum', 1, 1, '2022-06-11 21:11:13', '2022-06-11 21:11:13'),
(504, 21, 34, 4, 'Vinyl', 0, 1, '2022-06-11 21:11:13', '2022-06-11 21:11:13'),
(505, 110, 299, 1, 'Brass', 1, 1, '2022-06-11 21:11:13', '2022-06-11 21:11:13'),
(506, 27, 675, 2, 'Brass', 1, 1, '2022-06-11 21:11:13', '2022-06-11 21:11:13'),
(507, 85, 832, 4, 'Aluminum', 1, 1, '2022-06-11 21:11:13', '2022-06-11 21:11:13'),
(508, 70, 18, 3, 'Rubber', 1, 1, '2022-06-11 21:11:13', '2022-06-11 21:11:13'),
(509, 38, 458, 2, 'Wood', 0, 1, '2022-06-11 21:11:13', '2022-06-11 21:11:13'),
(510, 69, 32, 2, 'Granite', 1, 1, '2022-06-11 21:11:13', '2022-06-11 21:11:13'),
(511, 30, 567, 4, 'Rubber', 0, 1, '2022-06-11 21:11:13', '2022-06-11 21:11:13'),
(512, 79, 919, 2, 'Stone', 1, 1, '2022-06-11 21:11:13', '2022-06-11 21:11:13'),
(513, 8, 29, 5, 'Brass', 1, 1, '2022-06-11 21:11:13', '2022-06-11 21:11:13'),
(514, 87, 534, 4, 'Plexiglass', 1, 1, '2022-06-11 21:11:13', '2022-06-11 21:11:13'),
(515, 90, 768, 5, 'Brass', 1, 1, '2022-06-11 21:11:13', '2022-06-11 21:11:13'),
(516, 89, 971, 1, 'Rubber', 1, 1, '2022-06-11 21:11:13', '2022-06-11 21:11:13'),
(517, 10, 141, 2, 'Glass', 0, 1, '2022-06-11 21:11:13', '2022-06-11 21:11:13'),
(518, 11, 212, 2, 'Aluminum', 1, 1, '2022-06-11 21:11:13', '2022-06-11 21:11:13'),
(519, 45, 374, 4, 'Vinyl', 1, 1, '2022-06-11 21:11:13', '2022-06-11 21:11:13'),
(520, 32, 357, 4, 'Brass', 1, 1, '2022-06-11 21:11:13', '2022-06-11 21:11:13'),
(521, 32, 463, 1, 'Plastic', 1, 1, '2022-06-11 21:11:13', '2022-06-11 21:11:13'),
(522, 71, 930, 1, 'Stone', 0, 1, '2022-06-11 21:11:13', '2022-06-11 21:11:13'),
(523, 107, 357, 4, 'Aluminum', 1, 1, '2022-06-11 21:11:13', '2022-06-11 21:11:13'),
(524, 39, 994, 4, 'Plastic', 1, 1, '2022-06-11 21:11:13', '2022-06-11 21:11:13'),
(525, 75, 212, 2, 'Plexiglass', 0, 1, '2022-06-11 21:11:13', '2022-06-11 21:11:13'),
(526, 16, 330, 3, 'Wood', 1, 1, '2022-06-11 21:11:13', '2022-06-11 21:11:13'),
(527, 6, 257, 4, 'Wood', 0, 1, '2022-06-11 21:11:13', '2022-06-11 21:11:13'),
(528, 37, 351, 5, 'Brass', 0, 1, '2022-06-11 21:11:13', '2022-06-11 21:11:13'),
(529, 86, 892, 3, 'Plexiglass', 1, 1, '2022-06-11 21:11:13', '2022-06-11 21:11:13'),
(530, 88, 134, 1, 'Stone', 0, 1, '2022-06-11 21:11:13', '2022-06-11 21:11:13'),
(531, 15, 268, 1, 'Plexiglass', 1, 1, '2022-06-11 21:11:13', '2022-06-11 21:11:13'),
(532, 28, 163, 5, 'Steel', 0, 1, '2022-06-11 21:11:13', '2022-06-11 21:11:13'),
(533, 106, 404, 3, 'Aluminum', 1, 1, '2022-06-11 21:11:13', '2022-06-11 21:11:13'),
(534, 56, 679, 3, 'Brass', 0, 1, '2022-06-11 21:11:13', '2022-06-11 21:11:13'),
(535, 87, 114, 1, 'Stone', 0, 1, '2022-06-11 21:11:13', '2022-06-11 21:11:13'),
(536, 53, 803, 4, 'Steel', 0, 1, '2022-06-11 21:11:13', '2022-06-11 21:11:13'),
(537, 60, 194, 2, 'Steel', 0, 1, '2022-06-11 21:11:13', '2022-06-11 21:11:13'),
(538, 25, 637, 4, 'Wood', 0, 1, '2022-06-11 21:11:13', '2022-06-11 21:11:13'),
(539, 35, 518, 5, 'Granite', 0, 1, '2022-06-11 21:11:13', '2022-06-11 21:11:13'),
(540, 60, 246, 4, 'Aluminum', 0, 1, '2022-06-11 21:11:13', '2022-06-11 21:11:13'),
(541, 26, 83, 5, 'Wood', 0, 1, '2022-06-11 21:11:13', '2022-06-11 21:11:13'),
(542, 40, 25, 3, 'Plastic', 0, 1, '2022-06-11 21:11:13', '2022-06-11 21:11:13'),
(543, 18, 631, 2, 'Wood', 1, 1, '2022-06-11 21:11:13', '2022-06-11 21:11:13'),
(544, 90, 975, 3, 'Granite', 1, 1, '2022-06-11 21:11:13', '2022-06-11 21:11:13'),
(545, 48, 555, 4, 'Steel', 0, 1, '2022-06-11 21:11:13', '2022-06-11 21:11:13'),
(546, 54, 782, 5, 'Wood', 0, 1, '2022-06-11 21:11:13', '2022-06-11 21:11:13'),
(547, 8, 924, 1, 'Brass', 1, 1, '2022-06-11 21:11:13', '2022-06-11 21:11:13'),
(548, 97, 327, 5, 'Rubber', 1, 1, '2022-06-11 21:11:13', '2022-06-11 21:11:13'),
(549, 66, 131, 4, 'Stone', 0, 1, '2022-06-11 21:11:13', '2022-06-11 21:11:13'),
(550, 87, 120, 1, 'Steel', 1, 1, '2022-06-11 21:11:13', '2022-06-11 21:11:13'),
(551, 99, 660, 4, 'Rubber', 0, 1, '2022-06-11 21:11:13', '2022-06-11 21:11:13'),
(552, 74, 877, 1, 'Vinyl', 0, 1, '2022-06-11 21:11:13', '2022-06-11 21:11:13'),
(553, 53, 926, 4, 'Plastic', 0, 1, '2022-06-11 21:11:13', '2022-06-11 21:11:13'),
(554, 16, 408, 5, 'Brass', 0, 1, '2022-06-11 21:11:13', '2022-06-11 21:11:13'),
(555, 107, 290, 3, 'Plastic', 1, 1, '2022-06-11 21:11:13', '2022-06-11 21:11:13'),
(556, 47, 524, 3, 'Wood', 1, 1, '2022-06-11 21:11:13', '2022-06-11 21:11:13'),
(557, 86, 213, 5, 'Granite', 1, 1, '2022-06-11 21:11:13', '2022-06-11 21:11:13'),
(558, 55, 86, 2, 'Wood', 0, 1, '2022-06-11 21:11:13', '2022-06-11 21:11:13'),
(559, 66, 930, 2, 'Aluminum', 0, 1, '2022-06-11 21:11:13', '2022-06-11 21:11:13'),
(560, 17, 325, 1, 'Brass', 0, 1, '2022-06-11 21:11:13', '2022-06-11 21:11:13'),
(561, 28, 779, 3, 'Vinyl', 0, 1, '2022-06-11 21:11:13', '2022-06-11 21:11:13'),
(562, 13, 718, 1, 'Stone', 1, 1, '2022-06-11 21:11:13', '2022-06-11 21:11:13'),
(563, 46, 546, 5, 'Plastic', 1, 1, '2022-06-11 21:11:13', '2022-06-11 21:11:13'),
(564, 49, 654, 3, 'Glass', 1, 1, '2022-06-11 21:11:13', '2022-06-11 21:11:13'),
(565, 96, 608, 4, 'Glass', 0, 1, '2022-06-11 21:11:13', '2022-06-11 21:11:13'),
(566, 109, 250, 4, 'Steel', 0, 1, '2022-06-11 21:11:13', '2022-06-11 21:11:13'),
(567, 86, 110, 3, 'Rubber', 0, 1, '2022-06-11 21:11:13', '2022-06-11 21:11:13'),
(568, 25, 349, 4, 'Brass', 0, 1, '2022-06-11 21:11:13', '2022-06-11 21:11:13'),
(569, 90, 600, 5, 'Steel', 1, 1, '2022-06-11 21:11:13', '2022-06-11 21:11:13'),
(570, 60, 155, 2, 'Plexiglass', 0, 1, '2022-06-11 21:11:13', '2022-06-11 21:11:13'),
(571, 39, 1004, 4, 'Vinyl', 0, 1, '2022-06-11 21:11:13', '2022-06-11 21:11:13'),
(572, 40, 152, 4, 'Plastic', 0, 1, '2022-06-11 21:11:13', '2022-06-11 21:11:13'),
(573, 51, 585, 5, 'Brass', 1, 1, '2022-06-11 21:11:13', '2022-06-11 21:11:13'),
(574, 40, 198, 1, 'Stone', 0, 1, '2022-06-11 21:11:13', '2022-06-11 21:11:13'),
(575, 29, 16, 3, 'Vinyl', 0, 1, '2022-06-11 21:11:13', '2022-06-11 21:11:13'),
(576, 45, 438, 4, 'Steel', 0, 1, '2022-06-11 21:11:13', '2022-06-11 21:11:13'),
(577, 24, 524, 4, 'Granite', 1, 1, '2022-06-11 21:11:13', '2022-06-11 21:11:13'),
(578, 73, 170, 2, 'Plastic', 1, 1, '2022-06-11 21:11:13', '2022-06-11 21:11:13'),
(579, 72, 267, 3, 'Wood', 1, 1, '2022-06-11 21:11:13', '2022-06-11 21:11:13'),
(580, 60, 495, 3, 'Steel', 0, 1, '2022-06-11 21:11:13', '2022-06-11 21:11:13'),
(581, 66, 500, 1, 'Vinyl', 1, 1, '2022-06-11 21:11:13', '2022-06-11 21:11:13'),
(582, 97, 189, 1, 'Granite', 1, 1, '2022-06-11 21:11:13', '2022-06-11 21:11:13'),
(583, 21, 554, 2, 'Rubber', 0, 1, '2022-06-11 21:11:13', '2022-06-11 21:11:13'),
(584, 93, 264, 1, 'Glass', 0, 1, '2022-06-11 21:11:13', '2022-06-11 21:11:13'),
(585, 50, 582, 4, 'Wood', 1, 1, '2022-06-11 21:11:13', '2022-06-11 21:11:13'),
(586, 82, 819, 3, 'Stone', 1, 1, '2022-06-11 21:11:13', '2022-06-11 21:11:13'),
(587, 106, 338, 4, 'Brass', 1, 1, '2022-06-11 21:11:13', '2022-06-11 21:11:13'),
(588, 22, 84, 4, 'Steel', 1, 1, '2022-06-11 21:11:13', '2022-06-11 21:11:13'),
(589, 18, 6, 4, 'Stone', 1, 1, '2022-06-11 21:11:13', '2022-06-11 21:11:13'),
(590, 64, 666, 3, 'Plexiglass', 0, 1, '2022-06-11 21:11:13', '2022-06-11 21:11:13'),
(591, 56, 655, 1, 'Aluminum', 1, 1, '2022-06-11 21:11:13', '2022-06-11 21:11:13'),
(592, 29, 359, 1, 'Brass', 0, 1, '2022-06-11 21:11:13', '2022-06-11 21:11:13'),
(593, 66, 594, 2, 'Glass', 0, 1, '2022-06-11 21:11:13', '2022-06-11 21:11:13'),
(594, 94, 149, 3, 'Vinyl', 1, 1, '2022-06-11 21:11:13', '2022-06-11 21:11:13'),
(595, 62, 923, 2, 'Aluminum', 1, 1, '2022-06-11 21:11:13', '2022-06-11 21:11:13'),
(596, 63, 596, 1, 'Granite', 1, 1, '2022-06-11 21:11:13', '2022-06-11 21:11:13'),
(597, 76, 524, 5, 'Plastic', 1, 1, '2022-06-11 21:11:13', '2022-06-11 21:11:13'),
(598, 98, 721, 3, 'Wood', 0, 1, '2022-06-11 21:11:13', '2022-06-11 21:11:13'),
(599, 36, 404, 5, 'Wood', 0, 1, '2022-06-11 21:11:13', '2022-06-11 21:11:13'),
(600, 82, 3, 5, 'Steel', 1, 1, '2022-06-11 21:11:13', '2022-06-11 21:11:13'),
(601, 106, 792, 4, 'Glass', 0, 1, '2022-06-11 21:11:13', '2022-06-11 21:11:13'),
(602, 43, 274, 4, 'Brass', 1, 1, '2022-06-11 21:11:13', '2022-06-11 21:11:13'),
(603, 92, 348, 4, 'Aluminum', 0, 1, '2022-06-11 21:11:13', '2022-06-11 21:11:13'),
(604, 72, 6, 4, 'Rubber', 0, 1, '2022-06-11 21:11:13', '2022-06-11 21:11:13'),
(605, 47, 380, 4, 'Steel', 1, 1, '2022-06-11 21:11:13', '2022-06-11 21:11:13'),
(606, 10, 466, 3, 'Glass', 1, 1, '2022-06-11 21:11:13', '2022-06-11 21:11:13'),
(607, 48, 593, 2, 'Vinyl', 0, 1, '2022-06-11 21:11:13', '2022-06-11 21:11:13'),
(608, 94, 159, 5, 'Granite', 0, 1, '2022-06-11 21:11:13', '2022-06-11 21:11:13'),
(609, 16, 913, 4, 'Stone', 1, 1, '2022-06-11 21:11:13', '2022-06-11 21:11:13'),
(610, 102, 209, 2, 'Plexiglass', 0, 1, '2022-06-11 21:11:13', '2022-06-11 21:11:13'),
(611, 51, 227, 1, 'Vinyl', 1, 1, '2022-06-11 21:11:13', '2022-06-11 21:11:13'),
(612, 58, 849, 5, 'Brass', 0, 1, '2022-06-11 21:11:13', '2022-06-11 21:11:13'),
(613, 56, 907, 1, 'Steel', 0, 1, '2022-06-11 21:11:13', '2022-06-11 21:11:13'),
(614, 43, 202, 2, 'Plexiglass', 1, 1, '2022-06-11 21:11:13', '2022-06-11 21:11:13'),
(615, 17, 736, 1, 'Plastic', 0, 1, '2022-06-11 21:11:13', '2022-06-11 21:11:13'),
(616, 82, 958, 3, 'Rubber', 1, 1, '2022-06-11 21:11:13', '2022-06-11 21:11:13'),
(617, 28, 148, 4, 'Plastic', 1, 1, '2022-06-11 21:11:13', '2022-06-11 21:11:13'),
(618, 17, 532, 5, 'Wood', 0, 1, '2022-06-11 21:11:13', '2022-06-11 21:11:13'),
(619, 21, 304, 1, 'Stone', 0, 1, '2022-06-11 21:11:13', '2022-06-11 21:11:13'),
(620, 45, 825, 5, 'Steel', 1, 1, '2022-06-11 21:11:13', '2022-06-11 21:11:13'),
(621, 7, 796, 1, 'Glass', 0, 1, '2022-06-11 21:11:13', '2022-06-11 21:11:13'),
(622, 107, 34, 4, 'Stone', 0, 1, '2022-06-11 21:11:13', '2022-06-11 21:11:13'),
(623, 10, 360, 1, 'Granite', 1, 1, '2022-06-11 21:11:13', '2022-06-11 21:11:13'),
(624, 14, 870, 2, 'Rubber', 0, 1, '2022-06-11 21:11:13', '2022-06-11 21:11:13'),
(625, 52, 895, 1, 'Brass', 1, 1, '2022-06-11 21:11:13', '2022-06-11 21:11:13'),
(626, 93, 518, 3, 'Steel', 0, 1, '2022-06-11 21:11:13', '2022-06-11 21:11:13'),
(627, 36, 181, 4, 'Granite', 1, 1, '2022-06-11 21:11:13', '2022-06-11 21:11:13'),
(628, 43, 580, 2, 'Rubber', 0, 1, '2022-06-11 21:11:13', '2022-06-11 21:11:13'),
(629, 35, 472, 5, 'Stone', 1, 1, '2022-06-11 21:11:13', '2022-06-11 21:11:13'),
(630, 60, 117, 1, 'Plastic', 1, 1, '2022-06-11 21:11:13', '2022-06-11 21:11:13'),
(631, 97, 220, 4, 'Plexiglass', 0, 1, '2022-06-11 21:11:13', '2022-06-11 21:11:13'),
(632, 76, 402, 1, 'Vinyl', 0, 1, '2022-06-11 21:11:13', '2022-06-11 21:11:13'),
(633, 56, 465, 4, 'Vinyl', 1, 1, '2022-06-11 21:11:13', '2022-06-11 21:11:13'),
(634, 93, 141, 5, 'Plexiglass', 1, 1, '2022-06-11 21:11:13', '2022-06-11 21:11:13'),
(635, 36, 943, 5, 'Aluminum', 1, 1, '2022-06-11 21:11:13', '2022-06-11 21:11:13'),
(636, 89, 974, 4, 'Steel', 1, 1, '2022-06-11 21:11:13', '2022-06-11 21:11:13'),
(637, 45, 914, 5, 'Granite', 1, 1, '2022-06-11 21:11:13', '2022-06-11 21:11:13'),
(638, 15, 691, 2, 'Granite', 1, 1, '2022-06-11 21:11:13', '2022-06-11 21:11:13'),
(639, 45, 99, 3, 'Glass', 1, 1, '2022-06-11 21:11:13', '2022-06-11 21:11:13'),
(640, 46, 572, 2, 'Glass', 0, 1, '2022-06-11 21:11:13', '2022-06-11 21:11:13'),
(641, 78, 919, 2, 'Vinyl', 1, 1, '2022-06-11 21:11:13', '2022-06-11 21:11:13');
INSERT INTO `tbl_rating` (`rating_id`, `product_id`, `customer_id`, `rating`, `comments`, `love`, `status`, `created_at_review`, `updated_at`) VALUES
(642, 98, 111, 1, 'Rubber', 0, 1, '2022-06-11 21:11:13', '2022-06-11 21:11:13'),
(643, 74, 849, 2, 'Glass', 1, 1, '2022-06-11 21:11:13', '2022-06-11 21:11:13'),
(644, 43, 373, 5, 'Rubber', 0, 1, '2022-06-11 21:11:13', '2022-06-11 21:11:13'),
(645, 53, 746, 1, 'Steel', 0, 1, '2022-06-11 21:11:13', '2022-06-11 21:11:13'),
(646, 44, 754, 2, 'Aluminum', 0, 1, '2022-06-11 21:11:13', '2022-06-11 21:11:13'),
(647, 96, 926, 4, 'Plastic', 0, 1, '2022-06-11 21:11:13', '2022-06-11 21:11:13'),
(648, 49, 439, 3, 'Plexiglass', 0, 1, '2022-06-11 21:11:13', '2022-06-11 21:11:13'),
(649, 41, 611, 1, 'Plexiglass', 1, 1, '2022-06-11 21:11:13', '2022-06-11 21:11:13'),
(650, 35, 524, 3, 'Plastic', 1, 1, '2022-06-11 21:11:13', '2022-06-11 21:11:13'),
(651, 107, 234, 2, 'Glass', 1, 1, '2022-06-11 21:11:13', '2022-06-11 21:11:13'),
(652, 47, 140, 1, 'Granite', 0, 1, '2022-06-11 21:11:13', '2022-06-11 21:11:13'),
(653, 73, 122, 3, 'Brass', 0, 1, '2022-06-11 21:11:13', '2022-06-11 21:11:13'),
(654, 28, 288, 2, 'Glass', 0, 1, '2022-06-11 21:11:13', '2022-06-11 21:11:13'),
(655, 42, 673, 3, 'Granite', 0, 1, '2022-06-11 21:11:13', '2022-06-11 21:11:13'),
(656, 36, 72, 3, 'Plastic', 0, 1, '2022-06-11 21:11:13', '2022-06-11 21:11:13'),
(657, 97, 527, 2, 'Stone', 0, 1, '2022-06-11 21:11:13', '2022-06-11 21:11:13'),
(658, 80, 207, 5, 'Granite', 1, 1, '2022-06-11 21:11:13', '2022-06-11 21:11:13'),
(659, 102, 910, 2, 'Plexiglass', 0, 1, '2022-06-11 21:11:13', '2022-06-11 21:11:13'),
(660, 85, 785, 5, 'Plexiglass', 0, 1, '2022-06-11 21:11:13', '2022-06-11 21:11:13'),
(661, 33, 992, 3, 'Steel', 0, 1, '2022-06-11 21:11:13', '2022-06-11 21:11:13'),
(662, 59, 264, 2, 'Wood', 1, 1, '2022-06-11 21:11:13', '2022-06-11 21:11:13'),
(663, 22, 271, 2, 'Wood', 0, 1, '2022-06-11 21:11:13', '2022-06-11 21:11:13'),
(664, 92, 357, 2, 'Aluminum', 1, 1, '2022-06-11 21:11:13', '2022-06-11 21:11:13'),
(665, 76, 959, 3, 'Wood', 1, 1, '2022-06-11 21:11:13', '2022-06-11 21:11:13'),
(666, 18, 727, 2, 'Stone', 0, 1, '2022-06-11 21:11:13', '2022-06-11 21:11:13'),
(667, 105, 902, 4, 'Wood', 1, 1, '2022-06-11 21:11:13', '2022-06-11 21:11:13'),
(668, 20, 457, 5, 'Plexiglass', 0, 1, '2022-06-11 21:11:13', '2022-06-11 21:11:13'),
(669, 22, 847, 2, 'Plastic', 1, 1, '2022-06-11 21:11:13', '2022-06-11 21:11:13'),
(670, 90, 943, 3, 'Rubber', 0, 1, '2022-06-11 21:11:13', '2022-06-11 21:11:13'),
(671, 30, 964, 3, 'Plexiglass', 1, 1, '2022-06-11 21:11:13', '2022-06-11 21:11:13'),
(672, 20, 846, 1, 'Steel', 0, 1, '2022-06-11 21:11:13', '2022-06-11 21:11:13'),
(673, 10, 205, 4, 'Plexiglass', 1, 1, '2022-06-11 21:11:13', '2022-06-11 21:11:13'),
(674, 53, 70, 4, 'Glass', 1, 1, '2022-06-11 21:11:13', '2022-06-11 21:11:13'),
(675, 44, 666, 4, 'Granite', 0, 1, '2022-06-11 21:11:13', '2022-06-11 21:11:13'),
(676, 79, 405, 3, 'Wood', 0, 1, '2022-06-11 21:11:13', '2022-06-11 21:11:13'),
(677, 43, 687, 5, 'Brass', 1, 1, '2022-06-11 21:11:13', '2022-06-11 21:11:13'),
(678, 90, 575, 4, 'Vinyl', 1, 1, '2022-06-11 21:11:13', '2022-06-11 21:11:13'),
(679, 31, 4, 2, 'Brass', 1, 1, '2022-06-11 21:11:13', '2022-06-11 21:11:13'),
(680, 84, 188, 2, 'Plastic', 1, 1, '2022-06-11 21:11:13', '2022-06-11 21:11:13'),
(681, 65, 344, 1, 'Brass', 1, 1, '2022-06-11 21:11:13', '2022-06-11 21:11:13'),
(682, 33, 561, 1, 'Steel', 0, 1, '2022-06-11 21:11:13', '2022-06-11 21:11:13'),
(683, 95, 557, 2, 'Brass', 1, 1, '2022-06-11 21:11:13', '2022-06-11 21:11:13'),
(684, 76, 967, 4, 'Vinyl', 1, 1, '2022-06-11 21:11:13', '2022-06-11 21:11:13'),
(685, 60, 541, 3, 'Brass', 0, 1, '2022-06-11 21:11:13', '2022-06-11 21:11:13'),
(686, 94, 662, 4, 'Rubber', 1, 1, '2022-06-11 21:11:13', '2022-06-11 21:11:13'),
(687, 31, 716, 2, 'Vinyl', 0, 1, '2022-06-11 21:11:13', '2022-06-11 21:11:13'),
(688, 100, 711, 3, 'Rubber', 1, 1, '2022-06-11 21:11:13', '2022-06-11 21:11:13'),
(689, 99, 203, 2, 'Vinyl', 0, 1, '2022-06-11 21:11:13', '2022-06-11 21:11:13'),
(690, 46, 856, 4, 'Plastic', 0, 1, '2022-06-11 21:11:13', '2022-06-11 21:11:13'),
(691, 71, 740, 3, 'Steel', 1, 1, '2022-06-11 21:11:13', '2022-06-11 21:11:13'),
(692, 28, 951, 5, 'Brass', 1, 1, '2022-06-11 21:11:13', '2022-06-11 21:11:13'),
(693, 93, 437, 2, 'Stone', 1, 1, '2022-06-11 21:11:13', '2022-06-11 21:11:13'),
(694, 107, 927, 1, 'Granite', 1, 1, '2022-06-11 21:11:13', '2022-06-11 21:11:13'),
(695, 35, 746, 1, 'Plastic', 1, 1, '2022-06-11 21:11:13', '2022-06-11 21:11:13'),
(696, 69, 158, 3, 'Glass', 1, 1, '2022-06-11 21:11:13', '2022-06-11 21:11:13'),
(697, 10, 636, 2, 'Wood', 0, 1, '2022-06-11 21:11:13', '2022-06-11 21:11:13'),
(698, 78, 186, 2, 'Aluminum', 0, 1, '2022-06-11 21:11:13', '2022-06-11 21:11:13'),
(699, 50, 24, 4, 'Granite', 0, 1, '2022-06-11 21:11:13', '2022-06-11 21:11:13'),
(700, 42, 663, 5, 'Plastic', 1, 1, '2022-06-11 21:11:13', '2022-06-11 21:11:13'),
(701, 87, 769, 2, 'Plastic', 1, 1, '2022-06-11 21:11:13', '2022-06-11 21:11:13'),
(702, 17, 524, 2, 'Granite', 1, 1, '2022-06-11 21:11:13', '2022-06-11 21:11:13'),
(703, 65, 528, 4, 'Plastic', 0, 1, '2022-06-11 21:11:13', '2022-06-11 21:11:13'),
(704, 30, 26, 3, 'Aluminum', 1, 1, '2022-06-11 21:11:13', '2022-06-11 21:11:13'),
(705, 59, 40, 4, 'Stone', 1, 1, '2022-06-11 21:11:13', '2022-06-11 21:11:13'),
(706, 86, 592, 2, 'Stone', 1, 1, '2022-06-11 21:11:13', '2022-06-11 21:11:13'),
(707, 83, 421, 5, 'Stone', 1, 1, '2022-06-11 21:11:13', '2022-06-11 21:11:13'),
(708, 66, 519, 5, 'Wood', 0, 1, '2022-06-11 21:11:13', '2022-06-11 21:11:13'),
(709, 45, 953, 1, 'Plexiglass', 0, 1, '2022-06-11 21:11:13', '2022-06-11 21:11:13'),
(710, 57, 911, 1, 'Aluminum', 0, 1, '2022-06-11 21:11:13', '2022-06-11 21:11:13'),
(711, 84, 997, 1, 'Plastic', 0, 1, '2022-06-11 21:11:13', '2022-06-11 21:11:13'),
(712, 35, 682, 4, 'Steel', 0, 1, '2022-06-11 21:11:13', '2022-06-11 21:11:13'),
(713, 23, 745, 1, 'Rubber', 0, 1, '2022-06-11 21:11:13', '2022-06-11 21:11:13'),
(714, 31, 709, 3, 'Brass', 0, 1, '2022-06-11 21:11:13', '2022-06-11 21:11:13'),
(715, 6, 713, 3, 'Vinyl', 0, 1, '2022-06-11 21:11:13', '2022-06-11 21:11:13'),
(716, 75, 115, 5, 'Plastic', 0, 1, '2022-06-11 21:11:13', '2022-06-11 21:11:13'),
(717, 20, 390, 2, 'Brass', 1, 1, '2022-06-11 21:11:13', '2022-06-11 21:11:13'),
(718, 13, 197, 3, 'Granite', 1, 1, '2022-06-11 21:11:13', '2022-06-11 21:11:13'),
(719, 59, 724, 2, 'Stone', 0, 1, '2022-06-11 21:11:13', '2022-06-11 21:11:13'),
(720, 28, 998, 1, 'Glass', 1, 1, '2022-06-11 21:11:13', '2022-06-11 21:11:13'),
(721, 8, 961, 5, 'Wood', 1, 1, '2022-06-11 21:11:13', '2022-06-11 21:11:13'),
(722, 97, 478, 2, 'Vinyl', 0, 1, '2022-06-11 21:11:13', '2022-06-11 21:11:13'),
(723, 110, 208, 4, 'Plastic', 1, 1, '2022-06-11 21:11:13', '2022-06-11 21:11:13'),
(724, 43, 387, 5, 'Plexiglass', 1, 1, '2022-06-11 21:11:13', '2022-06-11 21:11:13'),
(725, 46, 833, 3, 'Rubber', 1, 1, '2022-06-11 21:11:13', '2022-06-11 21:11:13'),
(726, 104, 487, 4, 'Steel', 0, 1, '2022-06-11 21:11:13', '2022-06-11 21:11:13'),
(727, 31, 962, 4, 'Plexiglass', 1, 1, '2022-06-11 21:11:13', '2022-06-11 21:11:13'),
(728, 18, 299, 1, 'Steel', 0, 1, '2022-06-11 21:11:13', '2022-06-11 21:11:13'),
(729, 13, 817, 5, 'Plastic', 1, 1, '2022-06-11 21:11:13', '2022-06-11 21:11:13'),
(730, 8, 584, 3, 'Vinyl', 0, 1, '2022-06-11 21:11:13', '2022-06-11 21:11:13'),
(731, 99, 796, 4, 'Granite', 0, 1, '2022-06-11 21:11:13', '2022-06-11 21:11:13'),
(732, 54, 760, 3, 'Granite', 0, 1, '2022-06-11 21:11:13', '2022-06-11 21:11:13'),
(733, 66, 377, 5, 'Vinyl', 0, 1, '2022-06-11 21:11:13', '2022-06-11 21:11:13'),
(734, 59, 272, 1, 'Brass', 0, 1, '2022-06-11 21:11:13', '2022-06-11 21:11:13'),
(735, 92, 539, 5, 'Rubber', 0, 1, '2022-06-11 21:11:13', '2022-06-11 21:11:13'),
(736, 58, 780, 3, 'Stone', 1, 1, '2022-06-11 21:11:13', '2022-06-11 21:11:13'),
(737, 75, 470, 2, 'Stone', 0, 1, '2022-06-11 21:11:13', '2022-06-11 21:11:13'),
(738, 51, 588, 2, 'Stone', 1, 1, '2022-06-11 21:11:13', '2022-06-11 21:11:13'),
(739, 90, 806, 1, 'Wood', 1, 1, '2022-06-11 21:11:13', '2022-06-11 21:11:13'),
(740, 93, 522, 1, 'Glass', 1, 1, '2022-06-11 21:11:13', '2022-06-11 21:11:13'),
(741, 65, 861, 4, 'Glass', 0, 1, '2022-06-11 21:11:13', '2022-06-11 21:11:13'),
(742, 93, 692, 5, 'Steel', 0, 1, '2022-06-11 21:11:13', '2022-06-11 21:11:13'),
(743, 43, 505, 4, 'Granite', 1, 1, '2022-06-11 21:11:13', '2022-06-11 21:11:13'),
(744, 94, 139, 2, 'Rubber', 1, 1, '2022-06-11 21:11:13', '2022-06-11 21:11:13'),
(745, 76, 370, 4, 'Glass', 0, 1, '2022-06-11 21:11:13', '2022-06-11 21:11:13'),
(746, 29, 585, 2, 'Glass', 0, 1, '2022-06-11 21:11:13', '2022-06-11 21:11:13'),
(747, 67, 954, 4, 'Granite', 1, 1, '2022-06-11 21:11:13', '2022-06-11 21:11:13'),
(748, 37, 285, 1, 'Stone', 0, 1, '2022-06-11 21:11:13', '2022-06-11 21:11:13'),
(749, 85, 140, 2, 'Plastic', 0, 1, '2022-06-11 21:11:13', '2022-06-11 21:11:13'),
(750, 42, 562, 2, 'Rubber', 0, 1, '2022-06-11 21:11:13', '2022-06-11 21:11:13'),
(751, 59, 151, 3, 'Aluminum', 0, 1, '2022-06-11 21:11:13', '2022-06-11 21:11:13'),
(752, 52, 280, 1, 'Rubber', 0, 1, '2022-06-11 21:11:13', '2022-06-11 21:11:13'),
(753, 18, 566, 1, 'Granite', 1, 1, '2022-06-11 21:11:13', '2022-06-11 21:11:13'),
(754, 17, 338, 5, 'Glass', 1, 1, '2022-06-11 21:11:13', '2022-06-11 21:11:13'),
(755, 110, 208, 2, 'Plastic', 0, 1, '2022-06-11 21:11:13', '2022-06-11 21:11:13'),
(756, 101, 996, 4, 'Plexiglass', 1, 1, '2022-06-11 21:11:13', '2022-06-11 21:11:13'),
(757, 32, 203, 1, 'Granite', 0, 1, '2022-06-11 21:11:13', '2022-06-11 21:11:13'),
(758, 104, 92, 5, 'Granite', 1, 1, '2022-06-11 21:11:13', '2022-06-11 21:11:13'),
(759, 43, 397, 2, 'Plastic', 1, 1, '2022-06-11 21:11:13', '2022-06-11 21:11:13'),
(760, 48, 389, 4, 'Granite', 0, 1, '2022-06-11 21:11:13', '2022-06-11 21:11:13'),
(761, 102, 782, 4, 'Rubber', 0, 1, '2022-06-11 21:11:13', '2022-06-11 21:11:13'),
(762, 37, 230, 5, 'Glass', 1, 1, '2022-06-11 21:11:13', '2022-06-11 21:11:13'),
(763, 42, 552, 2, 'Brass', 0, 1, '2022-06-11 21:11:13', '2022-06-11 21:11:13'),
(764, 93, 955, 5, 'Granite', 0, 1, '2022-06-11 21:11:13', '2022-06-11 21:11:13'),
(765, 68, 294, 2, 'Vinyl', 1, 1, '2022-06-11 21:11:13', '2022-06-11 21:11:13'),
(766, 20, 994, 2, 'Steel', 0, 1, '2022-06-11 21:11:13', '2022-06-11 21:11:13'),
(767, 44, 208, 4, 'Plexiglass', 0, 1, '2022-06-11 21:11:13', '2022-06-11 21:11:13'),
(768, 55, 657, 3, 'Brass', 1, 1, '2022-06-11 21:11:13', '2022-06-11 21:11:13'),
(769, 64, 312, 2, 'Vinyl', 0, 1, '2022-06-11 21:11:13', '2022-06-11 21:11:13'),
(770, 52, 275, 1, 'Aluminum', 0, 1, '2022-06-11 21:11:13', '2022-06-11 21:11:13'),
(771, 90, 165, 3, 'Wood', 0, 1, '2022-06-11 21:11:13', '2022-06-11 21:11:13'),
(772, 89, 933, 1, 'Granite', 1, 1, '2022-06-11 21:11:13', '2022-06-11 21:11:13'),
(773, 12, 56, 4, 'Vinyl', 0, 1, '2022-06-11 21:11:13', '2022-06-11 21:11:13'),
(774, 68, 682, 5, 'Vinyl', 1, 1, '2022-06-11 21:11:13', '2022-06-11 21:11:13'),
(775, 62, 70, 1, 'Stone', 0, 1, '2022-06-11 21:11:13', '2022-06-11 21:11:13'),
(776, 62, 189, 2, 'Brass', 1, 1, '2022-06-11 21:11:13', '2022-06-11 21:11:13'),
(777, 79, 487, 4, 'Steel', 0, 1, '2022-06-11 21:11:13', '2022-06-11 21:11:13'),
(778, 58, 24, 5, 'Aluminum', 1, 1, '2022-06-11 21:11:13', '2022-06-11 21:11:13'),
(779, 60, 149, 3, 'Rubber', 1, 1, '2022-06-11 21:11:13', '2022-06-11 21:11:13'),
(780, 95, 246, 3, 'Stone', 0, 1, '2022-06-11 21:11:13', '2022-06-11 21:11:13'),
(781, 65, 223, 1, 'Granite', 0, 1, '2022-06-11 21:11:13', '2022-06-11 21:11:13'),
(782, 29, 257, 1, 'Vinyl', 0, 1, '2022-06-11 21:11:13', '2022-06-11 21:11:13'),
(783, 47, 311, 1, 'Brass', 1, 1, '2022-06-11 21:11:13', '2022-06-11 21:11:13'),
(784, 106, 414, 2, 'Vinyl', 1, 1, '2022-06-11 21:11:13', '2022-06-11 21:11:13'),
(785, 100, 441, 3, 'Steel', 0, 1, '2022-06-11 21:11:13', '2022-06-11 21:11:13'),
(786, 25, 180, 2, 'Brass', 0, 1, '2022-06-11 21:11:13', '2022-06-11 21:11:13'),
(787, 77, 376, 5, 'Rubber', 0, 1, '2022-06-11 21:11:13', '2022-06-11 21:11:13'),
(788, 35, 543, 5, 'Plexiglass', 1, 1, '2022-06-11 21:11:13', '2022-06-11 21:11:13'),
(789, 23, 198, 3, 'Aluminum', 1, 1, '2022-06-11 21:11:13', '2022-06-11 21:11:13'),
(790, 54, 268, 4, 'Rubber', 1, 1, '2022-06-11 21:11:13', '2022-06-11 21:11:13'),
(791, 69, 745, 3, 'Glass', 1, 1, '2022-06-11 21:11:13', '2022-06-11 21:11:13'),
(792, 87, 381, 5, 'Stone', 0, 1, '2022-06-11 21:11:13', '2022-06-11 21:11:13'),
(793, 78, 561, 3, 'Granite', 1, 1, '2022-06-11 21:11:13', '2022-06-11 21:11:13'),
(794, 106, 868, 4, 'Vinyl', 1, 1, '2022-06-11 21:11:13', '2022-06-11 21:11:13'),
(795, 57, 632, 4, 'Vinyl', 0, 1, '2022-06-11 21:11:13', '2022-06-11 21:11:13'),
(796, 10, 611, 5, 'Rubber', 0, 1, '2022-06-11 21:11:13', '2022-06-11 21:11:13'),
(797, 50, 94, 1, 'Plastic', 0, 1, '2022-06-11 21:11:13', '2022-06-11 21:11:13'),
(798, 62, 662, 4, 'Brass', 1, 1, '2022-06-11 21:11:13', '2022-06-11 21:11:13'),
(799, 10, 299, 2, 'Stone', 0, 1, '2022-06-11 21:11:13', '2022-06-11 21:11:13'),
(800, 54, 301, 4, 'Brass', 0, 1, '2022-06-11 21:11:13', '2022-06-11 21:11:13'),
(801, 24, 889, 2, 'Vinyl', 1, 1, '2022-06-11 21:11:13', '2022-06-11 21:11:13'),
(802, 67, 938, 2, 'Aluminum', 0, 1, '2022-06-11 21:11:13', '2022-06-11 21:11:13'),
(803, 79, 155, 3, 'Glass', 0, 1, '2022-06-11 21:11:13', '2022-06-11 21:11:13'),
(804, 76, 608, 1, 'Rubber', 1, 1, '2022-06-11 21:11:13', '2022-06-11 21:11:13'),
(805, 9, 578, 4, 'Vinyl', 1, 1, '2022-06-11 21:11:13', '2022-06-11 21:11:13'),
(806, 51, 661, 2, 'Stone', 1, 1, '2022-06-11 21:11:13', '2022-06-11 21:11:13'),
(807, 63, 969, 1, 'Rubber', 0, 1, '2022-06-11 21:11:13', '2022-06-11 21:11:13'),
(808, 34, 306, 2, 'Stone', 1, 1, '2022-06-11 21:11:13', '2022-06-11 21:11:13'),
(809, 57, 438, 1, 'Aluminum', 0, 1, '2022-06-11 21:11:13', '2022-06-11 21:11:13'),
(810, 108, 272, 4, 'Plexiglass', 0, 1, '2022-06-11 21:11:13', '2022-06-11 21:11:13'),
(811, 78, 703, 4, 'Vinyl', 0, 1, '2022-06-11 21:11:13', '2022-06-11 21:11:13'),
(812, 91, 602, 4, 'Granite', 0, 1, '2022-06-11 21:11:13', '2022-06-11 21:11:13'),
(813, 14, 493, 3, 'Stone', 1, 1, '2022-06-11 21:11:13', '2022-06-11 21:11:13'),
(814, 73, 329, 1, 'Steel', 1, 1, '2022-06-11 21:11:13', '2022-06-11 21:11:13'),
(815, 97, 396, 1, 'Aluminum', 0, 1, '2022-06-11 21:11:13', '2022-06-11 21:11:13'),
(816, 102, 392, 2, 'Glass', 0, 1, '2022-06-11 21:11:13', '2022-06-11 21:11:13'),
(817, 43, 790, 5, 'Brass', 0, 1, '2022-06-11 21:11:13', '2022-06-11 21:11:13'),
(818, 109, 332, 4, 'Brass', 1, 1, '2022-06-11 21:11:13', '2022-06-11 21:11:13'),
(819, 87, 264, 3, 'Vinyl', 1, 1, '2022-06-11 21:11:13', '2022-06-11 21:11:13'),
(820, 67, 774, 2, 'Brass', 1, 1, '2022-06-11 21:11:13', '2022-06-11 21:11:13'),
(821, 70, 766, 1, 'Brass', 0, 1, '2022-06-11 21:11:13', '2022-06-11 21:11:13'),
(822, 109, 47, 4, 'Wood', 0, 1, '2022-06-11 21:11:13', '2022-06-11 21:11:13'),
(823, 101, 273, 2, 'Granite', 1, 1, '2022-06-11 21:11:13', '2022-06-11 21:11:13'),
(824, 100, 761, 4, 'Rubber', 0, 1, '2022-06-11 21:11:13', '2022-06-11 21:11:13'),
(825, 76, 360, 1, 'Glass', 1, 1, '2022-06-11 21:11:13', '2022-06-11 21:11:13'),
(826, 48, 630, 3, 'Steel', 1, 1, '2022-06-11 21:11:13', '2022-06-11 21:11:13'),
(827, 86, 736, 1, 'Plastic', 1, 1, '2022-06-11 21:11:13', '2022-06-11 21:11:13'),
(828, 16, 483, 5, 'Rubber', 1, 1, '2022-06-11 21:11:13', '2022-06-11 21:11:13'),
(829, 38, 834, 4, 'Stone', 0, 1, '2022-06-11 21:11:13', '2022-06-11 21:11:13'),
(830, 43, 735, 5, 'Wood', 0, 1, '2022-06-11 21:11:13', '2022-06-11 21:11:13'),
(831, 100, 365, 1, 'Rubber', 1, 1, '2022-06-11 21:11:13', '2022-06-11 21:11:13'),
(832, 67, 924, 1, 'Rubber', 0, 1, '2022-06-11 21:11:13', '2022-06-11 21:11:13'),
(833, 68, 999, 4, 'Aluminum', 0, 1, '2022-06-11 21:11:13', '2022-06-11 21:11:13'),
(834, 53, 677, 2, 'Plastic', 0, 1, '2022-06-11 21:11:13', '2022-06-11 21:11:13'),
(835, 69, 33, 1, 'Plastic', 1, 1, '2022-06-11 21:11:14', '2022-06-11 21:11:14'),
(836, 93, 561, 4, 'Vinyl', 1, 1, '2022-06-11 21:11:14', '2022-06-11 21:11:14'),
(837, 8, 756, 3, 'Rubber', 0, 1, '2022-06-11 21:11:14', '2022-06-11 21:11:14'),
(838, 96, 222, 2, 'Glass', 0, 1, '2022-06-11 21:11:14', '2022-06-11 21:11:14'),
(839, 42, 580, 2, 'Wood', 1, 1, '2022-06-11 21:11:14', '2022-06-11 21:11:14'),
(840, 10, 119, 3, 'Vinyl', 1, 1, '2022-06-11 21:11:14', '2022-06-11 21:11:14'),
(841, 37, 983, 5, 'Vinyl', 0, 1, '2022-06-11 21:11:14', '2022-06-11 21:11:14'),
(842, 38, 996, 3, 'Wood', 1, 1, '2022-06-11 21:11:14', '2022-06-11 21:11:14'),
(843, 33, 357, 3, 'Rubber', 0, 1, '2022-06-11 21:11:14', '2022-06-11 21:11:14'),
(844, 82, 234, 2, 'Steel', 0, 1, '2022-06-11 21:11:14', '2022-06-11 21:11:14'),
(845, 108, 30, 2, 'Aluminum', 1, 1, '2022-06-11 21:11:14', '2022-06-11 21:11:14'),
(846, 80, 900, 4, 'Brass', 1, 1, '2022-06-11 21:11:14', '2022-06-11 21:11:14'),
(847, 57, 883, 2, 'Plastic', 0, 1, '2022-06-11 21:11:14', '2022-06-11 21:11:14'),
(848, 79, 207, 1, 'Plastic', 0, 1, '2022-06-11 21:11:14', '2022-06-11 21:11:14'),
(849, 94, 319, 1, 'Aluminum', 1, 1, '2022-06-11 21:11:14', '2022-06-11 21:11:14'),
(850, 43, 393, 1, 'Rubber', 1, 1, '2022-06-11 21:11:14', '2022-06-11 21:11:14'),
(851, 12, 769, 5, 'Rubber', 1, 1, '2022-06-11 21:11:14', '2022-06-11 21:11:14'),
(852, 72, 941, 2, 'Vinyl', 1, 1, '2022-06-11 21:11:14', '2022-06-11 21:11:14'),
(853, 25, 410, 3, 'Wood', 1, 1, '2022-06-11 21:11:14', '2022-06-11 21:11:14'),
(854, 5, 175, 1, 'Stone', 1, 1, '2022-06-11 21:11:14', '2022-06-11 21:11:14'),
(855, 93, 435, 3, 'Wood', 0, 1, '2022-06-11 21:11:14', '2022-06-11 21:11:14'),
(856, 85, 923, 5, 'Steel', 0, 1, '2022-06-11 21:11:14', '2022-06-11 21:11:14'),
(857, 103, 20, 2, 'Plexiglass', 1, 1, '2022-06-11 21:11:14', '2022-06-11 21:11:14'),
(858, 31, 312, 2, 'Brass', 1, 1, '2022-06-11 21:11:14', '2022-06-11 21:11:14'),
(859, 43, 866, 4, 'Plastic', 0, 1, '2022-06-11 21:11:14', '2022-06-11 21:11:14'),
(860, 102, 223, 3, 'Rubber', 0, 1, '2022-06-11 21:11:14', '2022-06-11 21:11:14'),
(861, 86, 238, 5, 'Vinyl', 0, 1, '2022-06-11 21:11:14', '2022-06-11 21:11:14'),
(862, 52, 990, 3, 'Plexiglass', 0, 1, '2022-06-11 21:11:14', '2022-06-11 21:11:14'),
(863, 71, 257, 5, 'Glass', 1, 1, '2022-06-11 21:11:14', '2022-06-11 21:11:14'),
(864, 62, 614, 1, 'Granite', 0, 1, '2022-06-11 21:11:14', '2022-06-11 21:11:14'),
(865, 91, 348, 4, 'Rubber', 0, 1, '2022-06-11 21:11:14', '2022-06-11 21:11:14'),
(866, 18, 742, 4, 'Brass', 0, 1, '2022-06-11 21:11:14', '2022-06-11 21:11:14'),
(867, 96, 211, 4, 'Vinyl', 1, 1, '2022-06-11 21:11:14', '2022-06-11 21:11:14'),
(868, 29, 603, 5, 'Aluminum', 1, 1, '2022-06-11 21:11:14', '2022-06-11 21:11:14'),
(869, 78, 950, 4, 'Steel', 0, 1, '2022-06-11 21:11:14', '2022-06-11 21:11:14'),
(870, 68, 319, 1, 'Brass', 0, 1, '2022-06-11 21:11:14', '2022-06-11 21:11:14'),
(871, 74, 685, 2, 'Stone', 0, 1, '2022-06-11 21:11:14', '2022-06-11 21:11:14'),
(872, 99, 434, 3, 'Plastic', 1, 1, '2022-06-11 21:11:14', '2022-06-11 21:11:14'),
(873, 88, 575, 3, 'Glass', 1, 1, '2022-06-11 21:11:14', '2022-06-11 21:11:14'),
(874, 61, 308, 5, 'Rubber', 0, 1, '2022-06-11 21:11:14', '2022-06-11 21:11:14'),
(875, 49, 533, 4, 'Aluminum', 1, 1, '2022-06-11 21:11:14', '2022-06-11 21:11:14'),
(876, 53, 61, 1, 'Rubber', 1, 1, '2022-06-11 21:11:14', '2022-06-11 21:11:14'),
(877, 9, 401, 1, 'Wood', 1, 1, '2022-06-11 21:11:14', '2022-06-11 21:11:14'),
(878, 31, 119, 1, 'Aluminum', 1, 1, '2022-06-11 21:11:14', '2022-06-11 21:11:14'),
(879, 22, 826, 4, 'Rubber', 1, 1, '2022-06-11 21:11:14', '2022-06-11 21:11:14'),
(880, 98, 769, 1, 'Wood', 0, 1, '2022-06-11 21:11:14', '2022-06-11 21:11:14'),
(881, 71, 942, 2, 'Wood', 0, 1, '2022-06-11 21:11:14', '2022-06-11 21:11:14'),
(882, 108, 506, 3, 'Steel', 1, 1, '2022-06-11 21:11:14', '2022-06-11 21:11:14'),
(883, 25, 580, 2, 'Stone', 0, 1, '2022-06-11 21:11:14', '2022-06-11 21:11:14'),
(884, 6, 94, 1, 'Vinyl', 1, 1, '2022-06-11 21:11:14', '2022-06-11 21:11:14'),
(885, 30, 918, 2, 'Wood', 0, 1, '2022-06-11 21:11:14', '2022-06-11 21:11:14'),
(886, 6, 708, 4, 'Glass', 1, 1, '2022-06-11 21:11:14', '2022-06-11 21:11:14'),
(887, 30, 764, 2, 'Steel', 1, 1, '2022-06-11 21:11:14', '2022-06-11 21:11:14'),
(888, 28, 749, 5, 'Aluminum', 0, 1, '2022-06-11 21:11:14', '2022-06-11 21:11:14'),
(889, 96, 211, 5, 'Brass', 1, 1, '2022-06-11 21:11:14', '2022-06-11 21:11:14'),
(890, 5, 258, 4, 'Steel', 1, 1, '2022-06-11 21:11:14', '2022-06-11 21:11:14'),
(891, 94, 976, 5, 'Plastic', 1, 1, '2022-06-11 21:11:14', '2022-06-11 21:11:14'),
(892, 33, 269, 5, 'Aluminum', 1, 1, '2022-06-11 21:11:14', '2022-06-11 21:11:14'),
(893, 23, 1000, 3, 'Vinyl', 0, 1, '2022-06-11 21:11:14', '2022-06-11 21:11:14'),
(894, 35, 938, 4, 'Vinyl', 0, 1, '2022-06-11 21:11:14', '2022-06-11 21:11:14'),
(895, 65, 618, 5, 'Wood', 1, 1, '2022-06-11 21:11:14', '2022-06-11 21:11:14'),
(896, 53, 155, 4, 'Steel', 1, 1, '2022-06-11 21:11:14', '2022-06-11 21:11:14'),
(897, 26, 859, 4, 'Stone', 1, 1, '2022-06-11 21:11:14', '2022-06-11 21:11:14'),
(898, 35, 538, 1, 'Brass', 0, 1, '2022-06-11 21:11:14', '2022-06-11 21:11:14'),
(899, 19, 305, 1, 'Wood', 1, 1, '2022-06-11 21:11:14', '2022-06-11 21:11:14'),
(900, 31, 55, 4, 'Plastic', 0, 1, '2022-06-11 21:11:14', '2022-06-11 21:11:14'),
(901, 104, 533, 4, 'Brass', 1, 1, '2022-06-11 21:11:14', '2022-06-11 21:11:14'),
(902, 103, 174, 3, 'Plexiglass', 1, 1, '2022-06-11 21:11:14', '2022-06-11 21:11:14'),
(903, 43, 801, 2, 'Steel', 1, 1, '2022-06-11 21:11:14', '2022-06-11 21:11:14'),
(904, 34, 329, 1, 'Aluminum', 0, 1, '2022-06-11 21:11:14', '2022-06-11 21:11:14'),
(905, 28, 449, 1, 'Rubber', 0, 1, '2022-06-11 21:11:14', '2022-06-11 21:11:14'),
(906, 10, 890, 5, 'Stone', 1, 1, '2022-06-11 21:11:14', '2022-06-11 21:11:14'),
(907, 56, 807, 2, 'Granite', 1, 1, '2022-06-11 21:11:14', '2022-06-11 21:11:14'),
(908, 42, 600, 1, 'Granite', 0, 1, '2022-06-11 21:11:14', '2022-06-11 21:11:14'),
(909, 34, 157, 1, 'Brass', 1, 1, '2022-06-11 21:11:14', '2022-06-11 21:11:14'),
(910, 18, 290, 1, 'Brass', 1, 1, '2022-06-11 21:11:14', '2022-06-11 21:11:14'),
(911, 17, 576, 3, 'Plastic', 0, 1, '2022-06-11 21:11:14', '2022-06-11 21:11:14'),
(912, 98, 805, 4, 'Stone', 0, 1, '2022-06-11 21:11:14', '2022-06-11 21:11:14'),
(913, 109, 993, 2, 'Brass', 0, 1, '2022-06-11 21:11:14', '2022-06-11 21:11:14'),
(914, 12, 219, 2, 'Wood', 0, 1, '2022-06-11 21:11:14', '2022-06-11 21:11:14'),
(915, 83, 33, 2, 'Plastic', 0, 1, '2022-06-11 21:11:14', '2022-06-11 21:11:14'),
(916, 110, 889, 1, 'Aluminum', 0, 1, '2022-06-11 21:11:14', '2022-06-11 21:11:14'),
(917, 107, 948, 2, 'Wood', 1, 1, '2022-06-11 21:11:14', '2022-06-11 21:11:14'),
(918, 86, 502, 4, 'Rubber', 0, 1, '2022-06-11 21:11:14', '2022-06-11 21:11:14'),
(919, 101, 431, 1, 'Rubber', 0, 1, '2022-06-11 21:11:14', '2022-06-11 21:11:14'),
(920, 26, 752, 1, 'Steel', 1, 1, '2022-06-11 21:11:14', '2022-06-11 21:11:14'),
(921, 57, 747, 2, 'Rubber', 0, 1, '2022-06-11 21:11:14', '2022-06-11 21:11:14'),
(922, 110, 701, 1, 'Glass', 1, 1, '2022-06-11 21:11:14', '2022-06-11 21:11:14'),
(923, 22, 340, 2, 'Steel', 0, 1, '2022-06-11 21:11:14', '2022-06-11 21:11:14'),
(924, 47, 222, 3, 'Plastic', 1, 1, '2022-06-11 21:11:14', '2022-06-11 21:11:14'),
(925, 9, 572, 4, 'Brass', 0, 1, '2022-06-11 21:11:14', '2022-06-11 21:11:14'),
(926, 76, 639, 2, 'Vinyl', 0, 1, '2022-06-11 21:11:14', '2022-06-11 21:11:14'),
(927, 73, 707, 3, 'Plastic', 1, 1, '2022-06-11 21:11:14', '2022-06-11 21:11:14'),
(928, 40, 426, 1, 'Plastic', 1, 1, '2022-06-11 21:11:14', '2022-06-11 21:11:14'),
(929, 108, 971, 4, 'Vinyl', 0, 1, '2022-06-11 21:11:14', '2022-06-11 21:11:14'),
(930, 90, 28, 4, 'Vinyl', 1, 1, '2022-06-11 21:11:14', '2022-06-11 21:11:14'),
(931, 38, 530, 5, 'Plexiglass', 1, 1, '2022-06-11 21:11:14', '2022-06-11 21:11:14'),
(932, 91, 66, 5, 'Vinyl', 1, 1, '2022-06-11 21:11:14', '2022-06-11 21:11:14'),
(933, 79, 10, 5, 'Brass', 1, 1, '2022-06-11 21:11:14', '2022-06-11 21:11:14'),
(934, 56, 311, 4, 'Aluminum', 0, 1, '2022-06-11 21:11:14', '2022-06-11 21:11:14'),
(935, 83, 686, 1, 'Aluminum', 1, 1, '2022-06-11 21:11:14', '2022-06-11 21:11:14'),
(936, 101, 276, 5, 'Rubber', 1, 1, '2022-06-11 21:11:14', '2022-06-11 21:11:14'),
(937, 60, 372, 1, 'Wood', 1, 1, '2022-06-11 21:11:14', '2022-06-11 21:11:14'),
(938, 60, 480, 5, 'Rubber', 1, 1, '2022-06-11 21:11:14', '2022-06-11 21:11:14'),
(939, 47, 147, 2, 'Vinyl', 0, 1, '2022-06-11 21:11:14', '2022-06-11 21:11:14'),
(940, 20, 219, 4, 'Glass', 0, 1, '2022-06-11 21:11:14', '2022-06-11 21:11:14'),
(941, 51, 890, 2, 'Wood', 1, 1, '2022-06-11 21:11:14', '2022-06-11 21:11:14'),
(942, 89, 843, 4, 'Glass', 1, 1, '2022-06-11 21:11:14', '2022-06-11 21:11:14'),
(943, 56, 78, 3, 'Aluminum', 0, 1, '2022-06-11 21:11:14', '2022-06-11 21:11:14'),
(944, 37, 527, 2, 'Plexiglass', 1, 1, '2022-06-11 21:11:14', '2022-06-11 21:11:14'),
(945, 107, 482, 5, 'Rubber', 0, 1, '2022-06-11 21:11:14', '2022-06-11 21:11:14'),
(946, 89, 155, 5, 'Plexiglass', 0, 1, '2022-06-11 21:11:14', '2022-06-11 21:11:14'),
(947, 26, 464, 1, 'Steel', 1, 1, '2022-06-11 21:11:14', '2022-06-11 21:11:14'),
(948, 9, 238, 5, 'Steel', 0, 1, '2022-06-11 21:11:14', '2022-06-11 21:11:14'),
(949, 99, 731, 1, 'Plastic', 0, 1, '2022-06-11 21:11:14', '2022-06-11 21:11:14'),
(950, 74, 460, 3, 'Brass', 1, 1, '2022-06-11 21:11:14', '2022-06-11 21:11:14'),
(951, 30, 959, 5, 'Glass', 1, 1, '2022-06-11 21:11:14', '2022-06-11 21:11:14'),
(952, 19, 776, 1, 'Glass', 1, 1, '2022-06-11 21:11:14', '2022-06-11 21:11:14'),
(953, 99, 966, 3, 'Glass', 1, 1, '2022-06-11 21:11:14', '2022-06-11 21:11:14'),
(954, 29, 24, 1, 'Steel', 0, 1, '2022-06-11 21:11:14', '2022-06-11 21:11:14'),
(955, 64, 7, 2, 'Granite', 0, 1, '2022-06-11 21:11:14', '2022-06-11 21:11:14'),
(956, 47, 113, 4, 'Vinyl', 1, 1, '2022-06-11 21:11:14', '2022-06-11 21:11:14'),
(957, 93, 288, 2, 'Wood', 0, 1, '2022-06-11 21:11:14', '2022-06-11 21:11:14'),
(958, 29, 667, 3, 'Rubber', 0, 1, '2022-06-11 21:11:14', '2022-06-11 21:11:14'),
(959, 29, 558, 5, 'Brass', 0, 1, '2022-06-11 21:11:14', '2022-06-11 21:11:14'),
(960, 75, 1003, 1, 'Glass', 1, 1, '2022-06-11 21:11:14', '2022-06-11 21:11:14'),
(961, 35, 539, 3, 'Rubber', 1, 1, '2022-06-11 21:11:14', '2022-06-11 21:11:14'),
(962, 31, 676, 2, 'Wood', 1, 1, '2022-06-11 21:11:14', '2022-06-11 21:11:14'),
(963, 37, 472, 5, 'Brass', 0, 1, '2022-06-11 21:11:14', '2022-06-11 21:11:14'),
(964, 67, 175, 5, 'Plastic', 1, 1, '2022-06-11 21:11:14', '2022-06-11 21:11:14'),
(965, 76, 982, 4, 'Vinyl', 0, 1, '2022-06-11 21:11:14', '2022-06-11 21:11:14'),
(966, 89, 746, 1, 'Plexiglass', 1, 1, '2022-06-11 21:11:14', '2022-06-11 21:11:14'),
(967, 93, 904, 2, 'Vinyl', 1, 1, '2022-06-11 21:11:14', '2022-06-11 21:11:14'),
(968, 107, 81, 4, 'Steel', 0, 1, '2022-06-11 21:11:14', '2022-06-11 21:11:14'),
(969, 18, 367, 3, 'Brass', 0, 1, '2022-06-11 21:11:14', '2022-06-11 21:11:14'),
(970, 81, 607, 3, 'Plexiglass', 1, 1, '2022-06-11 21:11:14', '2022-06-11 21:11:14'),
(971, 36, 781, 1, 'Wood', 1, 1, '2022-06-11 21:11:14', '2022-06-11 21:11:14'),
(972, 79, 42, 3, 'Wood', 0, 1, '2022-06-11 21:11:14', '2022-06-11 21:11:14'),
(973, 34, 68, 3, 'Steel', 0, 1, '2022-06-11 21:11:14', '2022-06-11 21:11:14'),
(974, 45, 214, 5, 'Granite', 0, 1, '2022-06-11 21:11:14', '2022-06-11 21:11:14'),
(975, 44, 162, 5, 'Stone', 1, 1, '2022-06-11 21:11:14', '2022-06-11 21:11:14'),
(976, 10, 395, 5, 'Granite', 0, 1, '2022-06-11 21:11:14', '2022-06-11 21:11:14'),
(977, 72, 520, 1, 'Rubber', 0, 1, '2022-06-11 21:11:14', '2022-06-11 21:11:14'),
(978, 94, 245, 3, 'Glass', 0, 1, '2022-06-11 21:11:14', '2022-06-11 21:11:14'),
(979, 59, 764, 1, 'Stone', 1, 1, '2022-06-11 21:11:14', '2022-06-11 21:11:14'),
(980, 90, 717, 2, 'Granite', 0, 1, '2022-06-11 21:11:14', '2022-06-11 21:11:14'),
(981, 41, 242, 4, 'Vinyl', 0, 1, '2022-06-11 21:11:14', '2022-06-11 21:11:14'),
(982, 72, 904, 1, 'Wood', 1, 1, '2022-06-11 21:11:14', '2022-06-11 21:11:14'),
(983, 66, 175, 4, 'Stone', 1, 1, '2022-06-11 21:11:14', '2022-06-11 21:11:14'),
(984, 67, 492, 1, 'Aluminum', 0, 1, '2022-06-11 21:11:14', '2022-06-11 21:11:14'),
(985, 108, 1002, 4, 'Glass', 0, 1, '2022-06-11 21:11:14', '2022-06-11 21:11:14'),
(986, 98, 589, 4, 'Plastic', 0, 1, '2022-06-11 21:11:14', '2022-06-11 21:11:14'),
(987, 21, 446, 4, 'Plastic', 0, 1, '2022-06-11 21:11:14', '2022-06-11 21:11:14'),
(988, 81, 352, 3, 'Wood', 1, 1, '2022-06-11 21:11:14', '2022-06-11 21:11:14'),
(989, 20, 531, 3, 'Glass', 0, 1, '2022-06-11 21:11:14', '2022-06-11 21:11:14'),
(990, 23, 775, 4, 'Plexiglass', 0, 1, '2022-06-11 21:11:14', '2022-06-11 21:11:14'),
(991, 61, 162, 4, 'Plexiglass', 1, 1, '2022-06-11 21:11:14', '2022-06-11 21:11:14'),
(992, 102, 650, 2, 'Plexiglass', 0, 1, '2022-06-11 21:11:14', '2022-06-11 21:11:14'),
(993, 61, 319, 1, 'Plastic', 1, 1, '2022-06-11 21:11:14', '2022-06-11 21:11:14'),
(994, 5, 453, 2, 'Plastic', 1, 1, '2022-06-11 21:11:14', '2022-06-11 21:11:14'),
(995, 98, 100, 4, 'Plexiglass', 0, 1, '2022-06-11 21:11:14', '2022-06-11 21:11:14'),
(996, 51, 619, 3, 'Brass', 0, 1, '2022-06-11 21:11:14', '2022-06-11 21:11:14'),
(997, 100, 591, 4, 'Granite', 0, 1, '2022-06-11 21:11:14', '2022-06-11 21:11:14'),
(998, 37, 232, 4, 'Glass', 0, 1, '2022-06-11 21:11:14', '2022-06-11 21:11:14'),
(999, 47, 958, 4, 'Steel', 1, 1, '2022-06-11 21:11:14', '2022-06-11 21:11:14'),
(1000, 51, 654, 2, 'Vinyl', 0, 1, '2022-06-11 21:11:14', '2022-06-11 21:11:14'),
(1001, 19, 254, 3, 'Stone', 1, 1, '2022-06-11 21:11:14', '2022-06-11 21:11:14'),
(1002, 51, 1, 4, 'Brass', 0, 1, '2022-06-11 21:11:14', '2022-06-11 21:11:14'),
(1003, 22, 35, 5, 'Brass', 1, 1, '2022-06-11 21:11:14', '2022-06-11 21:11:14'),
(1004, 7, 956, 5, 'Plexiglass', 0, 1, '2022-06-11 21:11:14', '2022-06-11 21:11:14'),
(1005, 23, 778, 3, 'Aluminum', 0, 1, '2022-06-11 21:11:14', '2022-06-11 21:11:14'),
(1006, 99, 757, 2, 'Steel', 1, 1, '2022-06-11 21:11:14', '2022-06-11 21:11:14'),
(1007, 109, 189, 2, 'Steel', 1, 1, '2022-06-11 21:11:14', '2022-06-11 21:11:14'),
(1008, 79, 157, 3, 'Rubber', 1, 1, '2022-06-11 21:11:14', '2022-06-11 21:11:14'),
(1009, 37, 682, 4, 'Granite', 1, 1, '2022-06-11 21:11:14', '2022-06-11 21:11:14'),
(1010, 52, 246, 3, 'Aluminum', 0, 1, '2022-06-11 21:11:14', '2022-06-11 21:11:14'),
(1011, 43, 518, 1, 'Rubber', 0, 1, '2022-06-11 21:11:14', '2022-06-11 21:11:14'),
(1012, 98, 529, 5, 'Wood', 1, 1, '2022-06-11 21:11:14', '2022-06-11 21:11:14'),
(1013, 69, 959, 1, 'Glass', 1, 1, '2022-06-11 21:11:14', '2022-06-11 21:11:14'),
(1014, 47, 897, 5, 'Wood', 0, 1, '2022-06-11 21:11:14', '2022-06-11 21:11:14'),
(1015, 68, 228, 2, 'Wood', 1, 1, '2022-06-11 21:11:14', '2022-06-11 21:11:14'),
(1016, 44, 628, 2, 'Brass', 1, 1, '2022-06-11 21:11:14', '2022-06-11 21:11:14'),
(1017, 106, 90, 1, 'Aluminum', 1, 1, '2022-06-11 21:11:14', '2022-06-11 21:11:14'),
(1018, 5, 287, 5, 'Glass', 0, 1, '2022-06-11 21:11:14', '2022-06-11 21:11:14'),
(1019, 15, 589, 2, 'Aluminum', 0, 1, '2022-06-11 21:11:14', '2022-06-11 21:11:14'),
(1020, 5, 179, 5, 'Glass', 0, 1, '2022-06-11 21:11:14', '2022-06-11 21:11:14'),
(1021, 94, 283, 4, 'Plastic', 1, 1, '2022-06-11 21:11:14', '2022-06-11 21:11:14'),
(1022, 99, 658, 4, 'Plastic', 0, 1, '2022-06-11 21:11:14', '2022-06-11 21:11:14'),
(1023, 31, 431, 3, 'Wood', 1, 1, '2022-06-11 21:11:14', '2022-06-11 21:11:14'),
(1024, 54, 24, 5, 'Brass', 0, 1, '2022-06-11 21:11:14', '2022-06-11 21:11:14'),
(1025, 43, 549, 1, 'Aluminum', 0, 1, '2022-06-11 21:11:14', '2022-06-11 21:11:14'),
(1026, 57, 455, 1, 'Glass', 0, 1, '2022-06-11 21:11:14', '2022-06-11 21:11:14'),
(1027, 83, 166, 1, 'Aluminum', 1, 1, '2022-06-11 21:11:14', '2022-06-11 21:11:14'),
(1028, 100, 983, 3, 'Plexiglass', 1, 1, '2022-06-11 21:11:14', '2022-06-11 21:11:14'),
(1029, 31, 991, 2, 'Stone', 1, 1, '2022-06-11 21:11:14', '2022-06-11 21:11:14'),
(1030, 52, 1003, 4, '', 0, 0, '2022-06-11 22:52:36', '2022-06-11 22:52:36'),
(1031, 52, 1003, 5, '', 0, 1, '2022-06-11 22:53:13', '2022-06-11 22:53:13'),
(1032, 109, 1003, 4, '', 0, 0, '2022-06-11 22:55:52', '2022-06-11 22:55:52'),
(1033, 109, 1003, 4, '', 0, 0, '2022-06-11 22:59:40', '2022-06-11 22:59:40'),
(1034, 100, 1003, 5, '', 0, 0, '2022-06-11 23:05:00', '2022-06-11 23:05:00'),
(1035, 109, 1003, 4, 'love', 0, 1, '2022-06-11 23:10:31', '2022-06-11 23:10:31'),
(1036, 100, 1003, 4, '', 0, 0, '2022-06-11 23:18:31', '2022-06-11 23:18:31'),
(1037, 100, 1003, 3, 'oke', 0, 1, '2022-06-11 23:19:21', '2022-06-11 23:19:21'),
(1038, 99, 1003, 5, '', 0, 1, '2022-06-11 23:21:45', '2022-06-11 23:21:45'),
(1039, 60, 2, 4, 'good', 1, 1, '2022-06-11 23:45:23', '2022-06-11 23:45:23'),
(1040, 100, 1004, 4, 'nice 1', 0, 1, '2022-06-12 00:13:48', '2022-06-12 00:13:48'),
(1041, 18, 1004, 5, '1', 1, 1, '2022-06-12 00:14:56', '2022-06-12 00:14:56'),
(1042, 109, 1005, 3, '', 0, 0, '2022-06-12 00:21:48', '2022-06-12 00:21:48'),
(1043, 16, 1005, 5, 'nice', 0, 1, '2022-06-12 00:22:45', '2022-06-12 00:22:45'),
(1044, 89, 1003, 5, 'nice', 0, 1, '2022-06-12 00:43:40', '2022-06-12 00:43:40'),
(1045, 106, 1006, 5, 'good', 0, 1, '2022-06-12 00:49:56', '2022-06-12 00:49:56'),
(1046, 92, 1006, 5, 'beautiful ', 0, 0, '2022-06-12 00:50:49', '2022-06-12 00:50:49'),
(1047, 46, 1006, 4, 'nice', 0, 1, '2022-06-12 00:51:23', '2022-06-12 00:51:23'),
(1048, 96, 2, 5, 'good', NULL, 1, '2022-06-12 06:30:28', '2022-06-12 06:30:28'),
(1049, 53, 2, 5, 'good', NULL, 1, '2022-06-12 09:23:27', '2022-06-12 09:23:27');

-- --------------------------------------------------------

--
-- Table structure for table `users`
--

CREATE TABLE `users` (
  `id` bigint(20) UNSIGNED NOT NULL,
  `name` varchar(255) COLLATE utf8mb4_unicode_ci NOT NULL,
  `email` varchar(255) COLLATE utf8mb4_unicode_ci NOT NULL,
  `email_verified_at` timestamp NULL DEFAULT NULL,
  `password` varchar(255) COLLATE utf8mb4_unicode_ci NOT NULL,
  `remember_token` varchar(100) COLLATE utf8mb4_unicode_ci DEFAULT NULL,
  `created_at` timestamp NULL DEFAULT NULL,
  `updated_at` timestamp NULL DEFAULT NULL
) ENGINE=InnoDB DEFAULT CHARSET=utf8mb4 COLLATE=utf8mb4_unicode_ci;

--
-- Indexes for dumped tables
--

--
-- Indexes for table `failed_jobs`
--
ALTER TABLE `failed_jobs`
  ADD PRIMARY KEY (`id`),
  ADD UNIQUE KEY `failed_jobs_uuid_unique` (`uuid`);

--
-- Indexes for table `migrations`
--
ALTER TABLE `migrations`
  ADD PRIMARY KEY (`id`);

--
-- Indexes for table `password_resets`
--
ALTER TABLE `password_resets`
  ADD KEY `password_resets_email_index` (`email`);

--
-- Indexes for table `personal_access_tokens`
--
ALTER TABLE `personal_access_tokens`
  ADD PRIMARY KEY (`id`),
  ADD UNIQUE KEY `personal_access_tokens_token_unique` (`token`),
  ADD KEY `personal_access_tokens_tokenable_type_tokenable_id_index` (`tokenable_type`,`tokenable_id`);

--
-- Indexes for table `tbl_admin`
--
ALTER TABLE `tbl_admin`
  ADD PRIMARY KEY (`admin_id`);

--
-- Indexes for table `tbl_billing`
--
ALTER TABLE `tbl_billing`
  ADD PRIMARY KEY (`billing_id`);

--
-- Indexes for table `tbl_cart`
--
ALTER TABLE `tbl_cart`
  ADD PRIMARY KEY (`cart_id`);

--
-- Indexes for table `tbl_category_product`
--
ALTER TABLE `tbl_category_product`
  ADD PRIMARY KEY (`categor_id`);

--
-- Indexes for table `tbl_customer`
--
ALTER TABLE `tbl_customer`
  ADD PRIMARY KEY (`customer_id`);

--
-- Indexes for table `tbl_detail`
--
ALTER TABLE `tbl_detail`
  ADD PRIMARY KEY (`detail_id`);

--
-- Indexes for table `tbl_discount`
--
ALTER TABLE `tbl_discount`
  ADD PRIMARY KEY (`discount_id`);

--
-- Indexes for table `tbl_imagesdetail`
--
ALTER TABLE `tbl_imagesdetail`
  ADD PRIMARY KEY (`id`);

--
-- Indexes for table `tbl_order`
--
ALTER TABLE `tbl_order`
  ADD PRIMARY KEY (`order_id`);

--
-- Indexes for table `tbl_order_status`
--
ALTER TABLE `tbl_order_status`
  ADD PRIMARY KEY (`order_status_id`);

--
-- Indexes for table `tbl_payment`
--
ALTER TABLE `tbl_payment`
  ADD PRIMARY KEY (`payment_id`);

--
-- Indexes for table `tbl_product`
--
ALTER TABLE `tbl_product`
  ADD PRIMARY KEY (`product_id`);

--
-- Indexes for table `tbl_rating`
--
ALTER TABLE `tbl_rating`
  ADD PRIMARY KEY (`rating_id`);

--
-- Indexes for table `users`
--
ALTER TABLE `users`
  ADD PRIMARY KEY (`id`),
  ADD UNIQUE KEY `users_email_unique` (`email`);

--
-- AUTO_INCREMENT for dumped tables
--

--
-- AUTO_INCREMENT for table `failed_jobs`
--
ALTER TABLE `failed_jobs`
  MODIFY `id` bigint(20) UNSIGNED NOT NULL AUTO_INCREMENT;

--
-- AUTO_INCREMENT for table `migrations`
--
ALTER TABLE `migrations`
  MODIFY `id` int(10) UNSIGNED NOT NULL AUTO_INCREMENT, AUTO_INCREMENT=17;

--
-- AUTO_INCREMENT for table `personal_access_tokens`
--
ALTER TABLE `personal_access_tokens`
  MODIFY `id` bigint(20) UNSIGNED NOT NULL AUTO_INCREMENT;

--
-- AUTO_INCREMENT for table `tbl_admin`
--
ALTER TABLE `tbl_admin`
  MODIFY `admin_id` int(10) UNSIGNED NOT NULL AUTO_INCREMENT, AUTO_INCREMENT=3;

--
-- AUTO_INCREMENT for table `tbl_billing`
--
ALTER TABLE `tbl_billing`
  MODIFY `billing_id` int(10) UNSIGNED NOT NULL AUTO_INCREMENT, AUTO_INCREMENT=21;

--
-- AUTO_INCREMENT for table `tbl_cart`
--
ALTER TABLE `tbl_cart`
  MODIFY `cart_id` bigint(20) UNSIGNED NOT NULL AUTO_INCREMENT, AUTO_INCREMENT=184;

--
-- AUTO_INCREMENT for table `tbl_category_product`
--
ALTER TABLE `tbl_category_product`
  MODIFY `categor_id` int(10) UNSIGNED NOT NULL AUTO_INCREMENT, AUTO_INCREMENT=9;

--
-- AUTO_INCREMENT for table `tbl_customer`
--
ALTER TABLE `tbl_customer`
  MODIFY `customer_id` int(10) UNSIGNED NOT NULL AUTO_INCREMENT, AUTO_INCREMENT=1007;

--
-- AUTO_INCREMENT for table `tbl_detail`
--
ALTER TABLE `tbl_detail`
  MODIFY `detail_id` bigint(20) UNSIGNED NOT NULL AUTO_INCREMENT, AUTO_INCREMENT=38;

--
-- AUTO_INCREMENT for table `tbl_discount`
--
ALTER TABLE `tbl_discount`
  MODIFY `discount_id` bigint(20) UNSIGNED NOT NULL AUTO_INCREMENT, AUTO_INCREMENT=25;

--
-- AUTO_INCREMENT for table `tbl_imagesdetail`
--
ALTER TABLE `tbl_imagesdetail`
  MODIFY `id` int(10) UNSIGNED NOT NULL AUTO_INCREMENT, AUTO_INCREMENT=353;

--
-- AUTO_INCREMENT for table `tbl_order`
--
ALTER TABLE `tbl_order`
  MODIFY `order_id` bigint(20) UNSIGNED NOT NULL AUTO_INCREMENT, AUTO_INCREMENT=29;

--
-- AUTO_INCREMENT for table `tbl_order_status`
--
ALTER TABLE `tbl_order_status`
  MODIFY `order_status_id` int(20) NOT NULL AUTO_INCREMENT, AUTO_INCREMENT=4;

--
-- AUTO_INCREMENT for table `tbl_payment`
--
ALTER TABLE `tbl_payment`
  MODIFY `payment_id` bigint(20) UNSIGNED NOT NULL AUTO_INCREMENT, AUTO_INCREMENT=5;

--
-- AUTO_INCREMENT for table `tbl_product`
--
ALTER TABLE `tbl_product`
  MODIFY `product_id` int(10) UNSIGNED NOT NULL AUTO_INCREMENT, AUTO_INCREMENT=112;

--
-- AUTO_INCREMENT for table `tbl_rating`
--
ALTER TABLE `tbl_rating`
  MODIFY `rating_id` int(50) NOT NULL AUTO_INCREMENT, AUTO_INCREMENT=1050;

--
-- AUTO_INCREMENT for table `users`
--
ALTER TABLE `users`
  MODIFY `id` bigint(20) UNSIGNED NOT NULL AUTO_INCREMENT;
COMMIT;

/*!40101 SET CHARACTER_SET_CLIENT=@OLD_CHARACTER_SET_CLIENT */;
/*!40101 SET CHARACTER_SET_RESULTS=@OLD_CHARACTER_SET_RESULTS */;
/*!40101 SET COLLATION_CONNECTION=@OLD_COLLATION_CONNECTION */;
